{"이미지 정보":{"이미지 식별자":1082531,"이미지 높이":1049,"이미지 파일명":"pt4773k03-pt4773k03-s_1.jpg","이미지 너비":800},"데이터셋 정보":{"파일 생성일자":"2020-11-12 17:46:42","데이터셋 상세설명":{"렉트좌표":{"아우터":[{}],"하의":[{"X좌표":239.5,"Y좌표":139.268,"가로":333,"세로":720}],"원피스":[{}],"상의":[{"X좌표":230.5,"Y좌표":-1.48439,"가로":387,"세로":273}]},"폴리곤좌표":{"아우터":[{}],"하의":[{"Y좌표9":851.778,"X좌표14":303.0,"X좌표13":292.0,"X좌표12":240.0,"X좌표11":242.0,"Y좌표4":572.024,"X좌표10":305.0,"Y좌표3":378.021,"Y좌표2":144.018,"Y좌표1":146.018,"Y좌표8":837.778,"Y좌표7":595.774,"Y좌표6":857.778,"Y좌표5":850.778,"Y좌표14":139.768,"X좌표8":402.0,"X좌표9":386.0,"Y좌표11":859.778,"Y좌표10":856.778,"Y좌표13":272.77,"Y좌표12":582.774,"X좌표2":542.0,"X좌표3":573.0,"X좌표1":305.0,"X좌표6":413.0,"X좌표7":406.0,"X좌표4":567.0,"X좌표5":568.0}],"원피스":[{}],"상의":[{"Y좌표9":272.02,"X좌표14":256.0,"X좌표13":603.0,"X좌표12":618.0,"X좌표11":542.0,"Y좌표4":253.019,"X좌표10":552.0,"Y좌표3":137.018,"Y좌표2":113.017,"Y좌표1":6.01571,"Y좌표8":239.019,"Y좌표7":199.019,"Y좌표6":192.018,"Y좌표5":193.018,"Y좌표14":2.01566,"X좌표8":528.0,"X좌표9":560.0,"Y좌표11":122.017,"Y좌표10":154.018,"Y좌표13":-0.98439,"Y좌표12":98.0171,"X좌표2":231.0,"X좌표3":301.0,"X좌표1":253.0,"X좌표6":423.0,"X좌표7":481.0,"X좌표4":298.0,"X좌표5":363.0}]},"라벨링":{"스타일":[{"스타일":"리조트"}],"아우터":[{}],"하의":[{"기장":"발목","색상":"핑크","카테고리":"팬츠","디테일":["플리츠"],"소재":["우븐"],"프린트":["무지"],"핏":"와이드"}],"원피스":[{}],"상의":[{"색상":"화이트","카테고리":"티셔츠","소매기장":"반팔","소재":["우븐"],"프린트":["무지"],"넥라인":"라운드넥","핏":"노멀"}]}},"파일 번호":1082531,"파일 이름":"pt4773k03-pt4773k03-s_1.jpg"}}