{"이미지 정보":{"이미지 식별자":113979,"이미지 높이":800,"이미지 파일명":"MK_010_03.jpg","이미지 너비":800},"데이터셋 정보":{"파일 생성일자":"2020-08-10 09:51:19","데이터셋 상세설명":{"렉트좌표":{"아우터":[{"X좌표":183.577,"Y좌표":5.4986,"가로":235,"세로":289}],"하의":[{"X좌표":208.543,"Y좌표":206.219,"가로":185,"세로":535}],"원피스":[{}],"상의":[{"X좌표":274.451,"Y좌표":72.4055,"가로":71,"세로":146}]},"폴리곤좌표":{"아우터":[{"X좌표32":258.973,"X좌표31":224.022,"X좌표30":198.058,"X좌표8":394.784,"X좌표9":388.793,"Y좌표32":6.99721,"Y좌표31":15.9847,"Y좌표30":27.968,"X좌표2":379.805,"X좌표3":400.776,"X좌표1":335.866,"X좌표6":415.755,"X좌표7":407.766,"X좌표4":409.763,"X좌표5":419.749,"Y좌표26":260.644,"Y좌표25":285.61,"Y좌표28":190.742,"Y좌표9":235.679,"Y좌표27":266.636,"Y좌표22":228.689,"Y좌표21":85.8875,"Y좌표24":290.603,"Y좌표23":295.596,"Y좌표20":58.925,"X좌표19":282.94,"X좌표18":265.963,"X좌표17":258.973,"X좌표16":340.859,"X좌표15":338.862,"X좌표14":326.879,"X좌표13":333.869,"X좌표12":348.848,"X좌표11":364.826,"Y좌표4":57.9264,"X좌표10":373.813,"Y좌표3":26.9694,"Y좌표2":20.9778,"Y좌표1":7.99582,"Y좌표8":221.699,"Y좌표7":239.674,"Y좌표29":75.9014,"Y좌표6":218.703,"Y좌표5":142.808,"Y좌표15":41.9486,"Y좌표14":108.856,"Y좌표17":5.9986,"Y좌표16":8.99443,"Y좌표11":285.61,"Y좌표10":251.657,"Y좌표13":170.769,"Y좌표12":242.669,"X좌표29":184.077,"X좌표28":184.077,"X좌표27":189.07,"X좌표26":211.04,"X좌표25":217.031,"X좌표24":228.016,"X좌표23":274.951,"X좌표22":282.94,"X좌표21":299.916,"X좌표20":297.919,"Y좌표19":46.9417,"Y좌표18":32.9611}],"하의":[{"Y좌표9":720.005,"Y좌표22":290.603,"Y좌표21":281.615,"Y좌표23":209.715,"Y좌표20":311.574,"X좌표19":227.018,"X좌표18":209.043,"X좌표17":213.037,"X좌표16":210.041,"X좌표15":238.002,"X좌표14":262.968,"X좌표13":280.943,"X좌표12":289.93,"X좌표11":293.924,"Y좌표4":289.604,"X좌표10":305.908,"Y좌표3":270.631,"Y좌표2":206.719,"Y좌표1":206.719,"Y좌표8":719.007,"Y좌표7":568.217,"Y좌표6":463.362,"Y좌표5":292.6,"Y좌표15":729.992,"Y좌표14":729.992,"X좌표8":370.818,"Y좌표17":670.075,"X좌표9":335.866,"Y좌표16":741.975,"Y좌표11":696.039,"Y좌표10":717.01,"Y좌표13":734.985,"Y좌표12":725.997,"X좌표23":275.949,"X좌표22":263.966,"X좌표2":340.859,"X좌표21":223.023,"X좌표3":366.823,"X좌표20":228.016,"X좌표1":275.949,"X좌표6":389.791,"Y좌표19":356.511,"X좌표7":380.804,"Y좌표18":375.485,"X좌표4":376.809,"X좌표5":394.784}],"원피스":[{}],"상의":[{"X좌표8":285.936,"X좌표9":293.924,"Y좌표9":86.8861,"X좌표2":310.901,"Y좌표4":99.868,"X좌표3":333.869,"Y좌표3":72.9055,"Y좌표2":77.8986,"X좌표1":294.923,"Y좌표1":81.893,"X좌표6":346.851,"Y좌표8":146.803,"X좌표7":274.951,"Y좌표7":219.701,"X좌표4":333.869,"Y좌표6":217.704,"X좌표5":343.855,"Y좌표5":180.756}]},"라벨링":{"스타일":[{"스타일":"리조트"}],"아우터":[{"기장":"노말","색상":"브라운","카테고리":"재킷","소매기장":"7부소매","소재":["우븐"],"프린트":["무지"],"넥라인":"노카라","핏":"루즈"}],"하의":[{"기장":"발목","색상":"베이지","카테고리":"팬츠","소재":["린넨"],"프린트":["무지"],"핏":"와이드"}],"원피스":[{}],"상의":[{"기장":"노멀","색상":"민트","카테고리":"탑","소매기장":"없음","소재":["저지"],"프린트":["무지"],"핏":"노멀"}]}},"파일 번호":113979,"파일 이름":"MK_010_03.jpg"}}