{"이미지 정보":{"이미지 식별자":127596,"이미지 높이":800,"이미지 파일명":"Wihtme_018_03.jpg","이미지 너비":800},"데이터셋 정보":{"파일 생성일자":"2020-08-10 11:07:11","데이터셋 상세설명":{"렉트좌표":{"아우터":[{}],"하의":[{"X좌표":284.898,"Y좌표":305.082,"가로":240,"세로":419}],"원피스":[{}],"상의":[{"X좌표":243.955,"Y좌표":7.49582,"가로":333,"세로":340}]},"폴리곤좌표":{"아우터":[{}],"하의":[{"X좌표8":526.063,"X좌표9":504.094,"Y좌표9":431.407,"Y좌표10":305.582,"X좌표2":300.377,"Y좌표4":487.329,"X좌표10":490.113,"X좌표3":285.398,"Y좌표3":412.433,"Y좌표2":313.571,"X좌표1":488.116,"Y좌표1":305.582,"X좌표6":372.277,"Y좌표8":672.072,"X좌표7":448.172,"Y좌표7":717.01,"X좌표4":307.368,"Y좌표6":724.999,"X좌표5":286.397,"Y좌표5":702.031}],"원피스":[{}],"상의":[{"Y좌표9":322.558,"X좌표15":483.123,"X좌표14":522.069,"X좌표13":577.991,"X좌표12":510.086,"X좌표11":463.151,"Y좌표4":45.943,"X좌표10":364.288,"Y좌표3":13.9875,"Y좌표2":32.9611,"Y좌표1":16.9833,"Y좌표8":346.525,"Y좌표7":340.533,"Y좌표6":221.699,"Y좌표5":170.769,"Y좌표15":7.99582,"Y좌표14":38.9528,"X좌표8":292.388,"X좌표9":299.379,"Y좌표11":323.557,"Y좌표10":339.535,"Y좌표13":240.672,"Y좌표12":348.522,"X좌표2":394.247,"X좌표3":295.384,"X좌표1":489.115,"X좌표6":244.455,"X좌표7":253.443,"X좌표4":273.415,"X좌표5":257.437}]},"라벨링":{"스타일":[{"스타일":"리조트"}],"아우터":[{}],"하의":[{"기장":"미디","색상":"블랙","카테고리":"스커트","디테일":["플리츠"],"소재":["시폰"],"핏":"루즈"}],"원피스":[{}],"상의":[{"기장":"롱","색상":"브라운","카테고리":"니트웨어","소매기장":"긴팔","소재":["니트"],"넥라인":"보트넥","핏":"루즈"}]}},"파일 번호":127596,"파일 이름":"Wihtme_018_03.jpg"}}