{"이미지 정보":{"이미지 식별자":16234,"이미지 높이":800,"이미지 파일명":"Rausch_023_01.jpg","이미지 너비":800},"데이터셋 정보":{"파일 생성일자":"2020-08-06 06:03:42","데이터셋 상세설명":{"렉트좌표":{"아우터":[{}],"하의":[{"X좌표":272.896,"Y좌표":170.315,"가로":253,"세로":603}],"원피스":[{}],"상의":[{"X좌표":316.843,"Y좌표":3.51756,"가로":193,"세로":239}]},"폴리곤좌표":{"아우터":[{}],"하의":[{"X좌표8":486.137,"X좌표9":401.241,"X좌표2":485.139,"X좌표3":524.091,"X좌표1":350.302,"X좌표6":510.108,"X좌표7":495.127,"X좌표4":527.088,"X좌표5":516.101,"Y좌표25":192.788,"Y좌표9":770.087,"Y좌표22":424.507,"Y좌표21":480.439,"Y좌표24":241.729,"Y좌표23":307.649,"Y좌표20":518.393,"X좌표19":317.343,"X좌표18":302.361,"X좌표17":312.349,"X좌표16":343.311,"X좌표15":362.288,"X좌표14":381.265,"X좌표13":408.232,"X좌표12":401.241,"X좌표11":391.253,"Y좌표4":340.609,"X좌표10":375.272,"Y좌표3":243.726,"Y좌표2":170.815,"Y좌표1":189.792,"Y좌표8":774.082,"Y좌표7":749.112,"Y좌표6":627.26,"Y좌표5":471.45,"Y좌표15":706.164,"Y좌표14":639.246,"Y좌표17":717.151,"Y좌표16":725.141,"Y좌표11":674.203,"Y좌표10":740.123,"Y좌표13":536.371,"Y좌표12":600.293,"X좌표25":348.305,"X좌표24":315.345,"X좌표23":304.358,"X좌표22":308.353,"X좌표21":297.367,"X좌표20":273.396,"Y좌표19":619.27,"Y좌표18":693.18}],"원피스":[{}],"상의":[{"Y좌표9":217.758,"Y좌표22":4.01756,"Y좌표21":6.01514,"Y좌표20":27.9884,"X좌표19":396.247,"X좌표18":431.204,"X좌표17":460.169,"X좌표16":478.147,"X좌표15":505.114,"X좌표14":504.116,"X좌표13":504.116,"X좌표12":509.11,"X좌표11":511.107,"Y좌표4":158.829,"X좌표10":486.137,"Y좌표3":106.893,"Y좌표2":40.9727,"Y좌표1":5.01635,"Y좌표8":218.757,"Y좌표7":243.726,"Y좌표6":225.748,"Y좌표5":197.782,"Y좌표15":5.01635,"Y좌표14":26.9897,"X좌표8":360.29,"Y좌표17":34.9799,"X좌표9":436.198,"Y좌표16":4.01756,"Y좌표11":235.736,"Y좌표10":225.748,"Y좌표13":103.896,"Y좌표12":184.798,"X좌표22":334.322,"X좌표2":329.328,"X좌표21":358.293,"X좌표3":323.335,"X좌표20":372.276,"X좌표1":331.326,"X좌표6":317.343,"Y좌표19":44.9678,"X좌표7":332.324,"Y좌표18":45.9666,"X좌표4":320.339,"X좌표5":320.339}]},"라벨링":{"스타일":[{"스타일":"리조트"}],"아우터":[{}],"하의":[{"기장":"맥시","색상":"화이트","카테고리":"팬츠","소재":["우븐"],"핏":"와이드"}],"원피스":[{}],"상의":[{"색상":"레드","카테고리":"블라우스","소매기장":"민소매","넥라인":"유넥","핏":"루즈"}]}},"파일 번호":16234,"파일 이름":"Rausch_023_01.jpg"}}