{"이미지 정보":{"이미지 식별자":16243,"이미지 높이":800,"이미지 파일명":"Rausch_023_10.jpg","이미지 너비":800},"데이터셋 정보":{"파일 생성일자":"2020-08-06 06:03:45","데이터셋 상세설명":{"렉트좌표":{"아우터":[{}],"하의":[{"X좌표":254.918,"Y좌표":185.297,"가로":283,"세로":579}],"원피스":[{}],"상의":[{"X좌표":322.835,"Y좌표":3.51756,"가로":183,"세로":220}]},"폴리곤좌표":{"아우터":[{}],"하의":[{"X좌표31":361.289,"X좌표30":342.312,"X좌표8":526.089,"X좌표9":534.079,"Y좌표31":192.788,"Y좌표30":231.741,"X좌표2":421.216,"X좌표3":475.151,"X좌표1":360.29,"X좌표6":531.083,"X좌표7":526.089,"X좌표4":499.122,"X좌표5":513.105,"Y좌표26":441.486,"Y좌표25":541.365,"Y좌표28":341.607,"Y좌표9":668.211,"Y좌표27":377.564,"Y좌표22":763.095,"Y좌표21":755.105,"Y좌표24":719.149,"Y좌표23":751.11,"Y좌표20":719.149,"X좌표19":365.284,"X좌표18":395.248,"X좌표17":419.219,"X좌표16":419.219,"X좌표15":415.224,"X좌표14":422.215,"X좌표13":432.203,"X좌표12":490.133,"X좌표11":531.083,"Y좌표4":201.777,"X좌표10":539.073,"Y좌표3":185.797,"Y좌표2":196.783,"Y좌표1":189.792,"Y좌표8":587.309,"Y좌표7":488.429,"Y좌표29":290.669,"Y좌표6":369.573,"Y좌표5":276.686,"Y좌표15":561.34,"Y좌표14":723.144,"Y좌표17":453.471,"Y좌표16":474.446,"Y좌표11":760.099,"Y좌표10":740.123,"Y좌표13":765.093,"Y좌표12":763.095,"X좌표29":327.33,"X좌표28":312.349,"X좌표27":314.346,"X좌표26":302.361,"X좌표25":277.391,"X좌표24":255.418,"X좌표23":268.402,"X좌표22":289.377,"X좌표21":322.336,"X좌표20":344.31,"Y좌표19":651.231,"Y좌표18":519.391}],"원피스":[{}],"상의":[{"Y좌표9":109.889,"Y좌표22":18.0006,"Y좌표21":72.9338,"Y좌표24":4.01756,"Y좌표23":8.01271,"Y좌표20":103.896,"X좌표19":323.335,"X좌표18":326.332,"X좌표17":346.307,"X좌표16":374.273,"X좌표15":405.236,"X좌표14":459.17,"X좌표13":499.122,"X좌표12":498.123,"X좌표11":507.112,"Y좌표4":63.9447,"X좌표10":506.113,"Y좌표3":58.9508,"Y좌표2":30.9848,"Y좌표1":7.01392,"Y좌표8":63.9447,"Y좌표7":28.9872,"Y좌표6":16.003,"Y좌표5":33.9812,"Y좌표15":224.749,"Y좌표14":221.753,"X좌표8":502.118,"Y좌표17":210.766,"X좌표9":503.117,"Y좌표16":219.755,"Y좌표11":177.806,"Y좌표10":137.855,"Y좌표13":214.761,"Y좌표12":197.782,"X좌표24":353.299,"X좌표23":337.318,"X좌표22":340.315,"X좌표2":384.261,"X좌표21":345.309,"X좌표3":423.214,"X좌표20":329.328,"X좌표1":358.293,"X좌표6":479.146,"Y좌표19":124.871,"X좌표7":506.113,"Y좌표18":181.802,"X좌표4":450.181,"X좌표5":463.165}]},"라벨링":{"스타일":[{"스타일":"리조트"}],"아우터":[{}],"하의":[{"기장":"맥시","색상":"스카이블루","카테고리":"팬츠","소재":["우븐"],"핏":"와이드"}],"원피스":[{}],"상의":[{"색상":"화이트","카테고리":"블라우스","소매기장":"민소매","넥라인":"유넥","핏":"루즈"}]}},"파일 번호":16243,"파일 이름":"Rausch_023_10.jpg"}}