{"이미지 정보":{"이미지 식별자":328,"이미지 높이":800,"이미지 파일명":"Thenew_045_01.jpg","이미지 너비":800},"데이터셋 정보":{"파일 생성일자":"2020-08-03 01:54:03","데이터셋 상세설명":{"렉트좌표":{"아우터":[{}],"하의":[{}],"원피스":[{"X좌표":229.503,"Y좌표":5.50261,"가로":295,"세로":699}],"상의":[{}]},"폴리곤좌표":{"아우터":[{}],"하의":[{}],"원피스":[{"X좌표39":315.003,"X좌표38":299.003,"X좌표37":289.003,"X좌표36":284.003,"X좌표35":279.003,"X좌표34":276.003,"X좌표33":266.003,"X좌표32":266.003,"X좌표31":272.003,"X좌표30":295.003,"X좌표49":375.003,"X좌표48":359.003,"X좌표47":356.003,"X좌표46":356.003,"X좌표45":361.003,"X좌표44":341.003,"X좌표43":346.003,"X좌표42":339.003,"X좌표41":339.003,"X좌표40":328.003,"Y좌표26":579.003,"Y좌표25":667.003,"Y좌표28":311.003,"Y좌표27":456.003,"Y좌표22":679.003,"Y좌표21":706.003,"Y좌표24":679.003,"Y좌표23":682.003,"Y좌표20":706.003,"X좌표50":381.003,"Y좌표29":244.003,"Y좌표15":295.003,"Y좌표14":291.003,"Y좌표17":356.003,"Y좌표16":326.003,"Y좌표11":269.003,"Y좌표10":246.003,"Y좌표13":292.003,"Y좌표12":291.003,"Y좌표19":560.003,"Y좌표18":447.003,"Y좌표48":104.003,"Y좌표47":80.0026,"Y좌표49":71.0026,"Y좌표44":36.0026,"Y좌표43":28.0026,"Y좌표46":60.0026,"Y좌표45":41.0026,"Y좌표40":22.0026,"Y좌표42":18.0026,"Y좌표41":18.0026,"Y좌표37":85.0026,"Y좌표36":132.003,"X좌표8":526.003,"Y좌표39":35.0026,"X좌표9":521.003,"Y좌표38":57.0026,"Y좌표33":195.003,"Y좌표32":221.003,"Y좌표35":165.003,"Y좌표34":183.003,"Y좌표31":237.003,"Y좌표30":245.003,"X좌표2":413.003,"X좌표3":438.003,"X좌표1":380.003,"X좌표6":507.003,"X좌표7":513.003,"X좌표4":464.003,"X좌표5":486.003,"Y좌표9":231.003,"X좌표19":483.003,"X좌표18":486.003,"X좌표17":476.003,"X좌표16":478.003,"X좌표15":475.003,"X좌표14":500.003,"X좌표13":501.003,"X좌표12":511.003,"X좌표11":522.003,"Y좌표4":11.0026,"X좌표10":511.003,"Y좌표3":6.00261,"Y좌표2":26.0026,"Y좌표1":34.0026,"Y좌표8":193.003,"Y좌표7":118.003,"Y좌표6":81.0026,"Y좌표5":36.0026,"Y좌표50":37.0026,"X좌표29":305.003,"X좌표28":286.003,"X좌표27":267.003,"X좌표26":242.003,"X좌표25":230.003,"X좌표24":264.003,"X좌표23":293.003,"X좌표22":355.003,"X좌표21":396.003,"X좌표20":472.003}],"상의":[{}]},"라벨링":{"스타일":[{"스타일":"리조트","서브스타일":"컨트리"}],"아우터":[{}],"하의":[{}],"원피스":[{"기장":"발목","색상":"베이지","카테고리":"드레스","디테일":["스트링","퍼프","셔링"],"소매기장":"긴팔","소재":["우븐"],"프린트":["무지"],"핏":"오버사이즈"}],"상의":[{}]}},"파일 번호":328,"파일 이름":"Thenew_045_01.jpg"}}