{"이미지 정보":{"이미지 식별자":39232,"이미지 높이":800,"이미지 파일명":"Another-page_015_09.jpg","이미지 너비":800},"데이터셋 정보":{"파일 생성일자":"2020-08-07 06:26:12","데이터셋 상세설명":{"렉트좌표":{"아우터":[{}],"하의":[{"X좌표":455.5,"Y좌표":278.5,"가로":240,"세로":483}],"원피스":[{}],"상의":[{"X좌표":413.5,"Y좌표":0.166672,"가로":312,"세로":398}]},"폴리곤좌표":{"아우터":[{}],"하의":[{"X좌표2":504.0,"Y좌표4":760.0,"X좌표3":586.0,"Y좌표3":762.0,"Y좌표2":748.0,"X좌표1":458.0,"Y좌표1":300.0,"X좌표6":668.0,"X좌표7":456.0,"Y좌표7":279.0,"X좌표4":682.0,"Y좌표6":280.0,"X좌표5":696.0,"Y좌표5":737.0}],"원피스":[{}],"상의":[{"Y좌표9":348.0,"Y좌표22":0.666672,"Y좌표21":4.66667,"Y좌표23":12.0,"Y좌표20":21.3333,"X좌표19":686.667,"X좌표18":701.333,"X좌표17":706.0,"X좌표16":715.333,"X좌표15":726.667,"X좌표14":705.333,"X좌표13":662.667,"X좌표12":616.667,"X좌표11":572.667,"Y좌표4":108.0,"X좌표10":480.0,"Y좌표3":60.6667,"Y좌표2":28.0,"Y좌표1":10.0,"Y좌표8":290.667,"Y좌표7":248.667,"Y좌표6":199.333,"Y좌표5":158.0,"Y좌표15":323.333,"Y좌표14":366.0,"X좌표8":434.667,"Y좌표17":162.0,"X좌표9":434.667,"Y좌표16":250.667,"Y좌표11":388.667,"Y좌표10":370.667,"Y좌표13":399.333,"Y좌표12":387.333,"X좌표23":517.333,"X좌표22":597.333,"X좌표2":465.333,"X좌표21":624.0,"X좌표3":431.333,"X좌표20":672.0,"X좌표1":505.333,"X좌표6":426.0,"Y좌표19":52.0,"X좌표7":442.0,"Y좌표18":92.6667,"X좌표4":423.333,"X좌표5":414.0}]},"라벨링":{"스타일":[{"스타일":"리조트"}],"아우터":[{}],"하의":[{"기장":"맥시","색상":"블랙","카테고리":"팬츠","소재":["우븐"],"핏":"노멀"}],"원피스":[{}],"상의":[{"기장":"노멀","색상":"브라운","카테고리":"브라탑","옷깃":"셔츠칼라","디테일":["버클","비대칭"],"소매기장":"긴팔","소재":["우븐"],"넥라인":"브이넥","핏":"루즈"}]}},"파일 번호":39232,"파일 이름":"Another-page_015_09.jpg"}}