{"이미지 정보":{"이미지 식별자":40802,"이미지 높이":800,"이미지 파일명":"MAINSTORY_006_04.jpg","이미지 너비":800},"데이터셋 정보":{"파일 생성일자":"2020-08-07 06:36:01","데이터셋 상세설명":{"렉트좌표":{"아우터":[{"X좌표":345.915,"Y좌표":-5.17647,"가로":339,"세로":474}],"하의":[{}],"원피스":[{}],"상의":[{}]},"폴리곤좌표":{"아우터":[{"Y좌표9":452.149,"X좌표15":536.287,"X좌표14":579.988,"X좌표13":655.334,"X좌표12":670.403,"X좌표11":685.472,"Y좌표4":81.2609,"X좌표10":651.567,"Y좌표3":20.2001,"Y좌표2":8.89259,"Y좌표1":23.2155,"Y좌표8":469.487,"Y좌표7":421.241,"Y좌표6":360.934,"Y좌표5":198.859,"Y좌표15":-4.67647,"Y좌표14":15.6771,"X좌표8":439.091,"X좌표9":590.536,"Y좌표11":338.319,"Y좌표10":414.457,"Y좌표13":23.2155,"Y좌표12":173.983,"X좌표2":464.708,"X좌표3":378.814,"X좌표1":485.052,"X좌표6":355.456,"X좌표7":371.279,"X좌표4":359.977,"X좌표5":346.415}],"하의":[{}],"원피스":[{}],"상의":[{}]},"라벨링":{"스타일":[{"스타일":"리조트"}],"아우터":[{"기장":"하프","색상":"화이트","카테고리":"베스트","옷깃":"테일러드칼라","디테일":["포켓"],"소매기장":"민소매","소재":["린넨"],"핏":"노멀"}],"하의":[{"기장":"미니","카테고리":"팬츠","소재":["린넨"],"핏":"와이드"}],"원피스":[{}],"상의":[{"기장":"노멀","카테고리":"탑","소재":["우븐"],"넥라인":"라운드넥","핏":"노멀"}]}},"파일 번호":40802,"파일 이름":"MAINSTORY_006_04.jpg"}}