{"이미지 정보":{"이미지 식별자":40845,"이미지 높이":800,"이미지 파일명":"MAINSTORY_009_02.jpg","이미지 너비":800},"데이터셋 정보":{"파일 생성일자":"2020-08-07 06:36:16","데이터셋 상세설명":{"렉트좌표":{"아우터":[{}],"하의":[{"X좌표":225.361,"Y좌표":180.267,"가로":316,"세로":561}],"원피스":[{}],"상의":[{"X좌표":282.624,"Y좌표":3.11573,"가로":233,"세로":240}]},"폴리곤좌표":{"아우터":[{}],"하의":[{"X좌표2":448.132,"Y좌표4":742.376,"X좌표3":542.315,"Y좌표3":701.669,"Y좌표2":180.767,"X좌표1":318.537,"Y좌표1":192.075,"X좌표6":225.861,"X좌표4":415.733,"Y좌표6":682.823,"X좌표5":289.905,"Y좌표5":707.699}],"원피스":[{}],"상의":[{"X좌표8":283.124,"X좌표2":301.961,"Y좌표4":17.1848,"X좌표3":373.539,"Y좌표3":3.61573,"Y좌표2":19.4463,"X좌표1":286.891,"Y좌표1":80.5071,"X좌표6":491.079,"Y좌표8":222.228,"X좌표7":346.415,"Y좌표7":244.09,"X좌표4":463.201,"Y좌표6":225.244,"X좌표5":516.697,"Y좌표5":51.1075}]},"라벨링":{"스타일":[{"스타일":"리조트"}],"아우터":[{}],"하의":[{"기장":"맥시","색상":"브라운","카테고리":"팬츠","디테일":["슬릿"],"소재":["우븐"],"핏":"와이드"}],"원피스":[{}],"상의":[{"기장":"노멀","색상":"베이지","카테고리":"탑","소매기장":"민소매","소재":["저지"],"넥라인":"라운드넥","핏":"노멀"}]}},"파일 번호":40845,"파일 이름":"MAINSTORY_009_02.jpg"}}