{"이미지 정보":{"이미지 식별자":41021,"이미지 높이":800,"이미지 파일명":"MAINSTORY_032_09.jpg","이미지 너비":800},"데이터셋 정보":{"파일 생성일자":"2020-08-07 06:37:22","데이터셋 상세설명":{"렉트좌표":{"아우터":[{}],"하의":[{}],"원피스":[{}],"상의":[{"X좌표":246.01,"Y좌표":-11.4187,"가로":356,"세로":596}]},"폴리곤좌표":{"아우터":[{}],"하의":[{}],"원피스":[{}],"상의":[{"Y좌표9":565.851,"X좌표17":441.377,"X좌표16":510.392,"X좌표15":583.975,"X좌표14":602.751,"X좌표13":603.259,"X좌표12":553.527,"X좌표11":585.497,"Y좌표4":227.202,"X좌표10":581.438,"Y좌표3":122.612,"Y좌표2":24.114,"Y좌표1":-2.79518,"Y좌표8":578.036,"Y좌표7":581.082,"Y좌표6":585.652,"Y좌표5":522.187,"Y좌표15":47.9768,"Y좌표14":154.598,"X좌표8":466.243,"Y좌표17":-9.39554,"X좌표9":548.96,"Y좌표16":-10.9187,"Y좌표11":394.749,"Y좌표10":500.355,"Y좌표13":207.908,"Y좌표12":284.066,"X좌표2":305.883,"X좌표3":256.152,"X좌표1":385.048,"X좌표6":286.6,"X좌표7":371.346,"X좌표4":246.51,"X좌표5":258.181}]},"라벨링":{"스타일":[{"스타일":"리조트","서브스타일":"아방가르드"}],"아우터":[{}],"하의":[{"기장":"발목","카테고리":"팬츠","소재":["저지"],"프린트":["무지"],"핏":"와이드"}],"원피스":[{}],"상의":[{"기장":"롱","색상":"브라운","카테고리":"블라우스","디테일":["스트링","셔링"],"소매기장":"긴팔","소재":["저지"],"프린트":["무지"],"넥라인":"라운드넥","핏":"루즈"}]}},"파일 번호":41021,"파일 이름":"MAINSTORY_032_09.jpg"}}