{"이미지 정보":{"이미지 식별자":44739,"이미지 높이":800,"이미지 파일명":"Buying_067_02.jpg","이미지 너비":800},"데이터셋 정보":{"파일 생성일자":"2020-08-07 08:41:43","데이터셋 상세설명":{"렉트좌표":{"아우터":[{}],"하의":[{}],"원피스":[{"X좌표":275.124,"Y좌표":0.505544,"가로":290,"세로":747}],"상의":[{}]},"폴리곤좌표":{"아우터":[{}],"하의":[{}],"원피스":[{"Y좌표9":744.971,"Y좌표20":5.9986,"X좌표19":289.604,"X좌표18":275.624,"X좌표17":275.624,"X좌표16":275.624,"X좌표15":303.585,"X좌표14":306.581,"X좌표13":300.589,"X좌표12":322.558,"X좌표11":372.489,"Y좌표4":329.549,"X좌표10":385.471,"Y좌표3":20.9778,"Y좌표2":1.00554,"Y좌표1":2.00416,"Y좌표8":748.965,"Y좌표7":732.987,"Y좌표6":392.461,"Y좌표5":376.483,"Y좌표15":377.482,"Y좌표14":677.065,"X좌표8":476.344,"Y좌표17":293.599,"X좌표9":425.415,"Y좌표16":365.499,"Y좌표11":748.965,"Y좌표10":734.985,"Y좌표13":719.007,"Y좌표12":739.978,"X좌표2":477.343,"X좌표3":525.276,"X좌표20":335.54,"X좌표1":335.54,"X좌표6":511.296,"Y좌표19":31.9625,"X좌표7":529.271,"Y좌표18":179.757,"X좌표4":556.233,"X좌표5":566.219}],"상의":[{}]},"라벨링":{"스타일":[{"스타일":"리조트"}],"아우터":[{}],"하의":[{}],"원피스":[{"기장":"미디","색상":"옐로우","서브색상":"화이트","카테고리":"드레스","소매기장":"긴팔","소재":["우븐"],"프린트":["무지"],"핏":"루즈"}],"상의":[{}]}},"파일 번호":44739,"파일 이름":"Buying_067_02.jpg"}}