{"이미지 정보":{"이미지 식별자":45369,"이미지 높이":800,"이미지 파일명":"Buying_112_02.jpg","이미지 너비":800},"데이터셋 정보":{"파일 생성일자":"2020-08-07 08:45:16","데이터셋 상세설명":{"렉트좌표":{"아우터":[{"X좌표":195.235,"Y좌표":-1.49168,"가로":335,"세로":329}],"하의":[{}],"원피스":[{}],"상의":[{}]},"폴리곤좌표":{"아우터":[{"Y좌표9":307.579,"Y좌표22":21.9764,"Y좌표21":-0.991678,"Y좌표20":-0.991678,"X좌표19":446.386,"X좌표18":497.315,"X좌표17":525.276,"X좌표16":531.268,"X좌표15":509.299,"X좌표14":498.314,"X좌표13":471.351,"X좌표12":450.381,"X좌표11":456.372,"Y좌표4":327.551,"X좌표10":453.376,"Y좌표3":293.599,"Y좌표2":269.632,"Y좌표1":26.9694,"Y좌표8":328.55,"Y좌표7":211.712,"Y좌표6":323.557,"Y좌표5":326.553,"Y좌표15":199.729,"Y좌표14":215.707,"X좌표8":373.487,"Y좌표17":147.801,"X좌표9":410.436,"Y좌표16":170.769,"Y좌표11":279.618,"Y좌표10":321.56,"Y좌표13":238.675,"Y좌표12":235.679,"X좌표22":221.699,"X좌표2":195.735,"X좌표21":278.619,"X좌표3":235.679,"X좌표20":426.414,"X좌표1":221.699,"X좌표6":331.546,"Y좌표19":6.99721,"X좌표7":347.524,"Y좌표18":97.8708,"X좌표4":251.657,"X좌표5":278.619}],"하의":[{}],"원피스":[{}],"상의":[{}]},"라벨링":{"스타일":[{"스타일":"리조트"}],"아우터":[{"기장":"노말","색상":"화이트","카테고리":"재킷","디테일":["단추"],"소매기장":"7부소매","소재":["린넨"],"프린트":["무지"],"넥라인":"라운드넥","핏":"루즈"}],"하의":[{}],"원피스":[{}],"상의":[{}]}},"파일 번호":45369,"파일 이름":"Buying_112_02.jpg"}}