{"이미지 정보":{"이미지 식별자":45925,"이미지 높이":800,"이미지 파일명":"VanillaSpoon_004_01.jpg","이미지 너비":800},"데이터셋 정보":{"파일 생성일자":"2020-08-07 08:48:42","데이터셋 상세설명":{"렉트좌표":{"아우터":[{}],"하의":[{}],"원피스":[{"X좌표":229.187,"Y좌표":8.49443,"가로":400,"세로":778}],"상의":[{}]},"폴리곤좌표":{"아우터":[{}],"하의":[{}],"원피스":[{"Y좌표9":787.911,"Y좌표22":55.9292,"Y좌표21":20.9778,"Y좌표24":10.9917,"Y좌표23":48.9389,"Y좌표20":30.9639,"X좌표19":229.687,"X좌표18":316.567,"X좌표17":269.632,"X좌표16":256.65,"X좌표15":287.607,"X좌표14":279.618,"X좌표13":296.594,"X좌표12":363.501,"X좌표11":386.469,"Y좌표4":288.606,"X좌표10":480.339,"Y좌표3":210.714,"Y좌표2":28.9667,"Y좌표1":8.99443,"Y좌표8":782.918,"Y좌표7":760.949,"Y좌표6":740.976,"Y좌표5":596.178,"Y좌표15":675.068,"Y좌표14":745.969,"X좌표8":575.207,"Y좌표17":352.517,"X좌표9":509.299,"Y좌표16":587.19,"Y좌표11":781.919,"Y좌표10":770.935,"Y좌표13":765.942,"Y좌표12":756.954,"X좌표24":459.368,"X좌표23":425.415,"X좌표22":380.478,"X좌표2":535.262,"X좌표21":357.51,"X좌표3":598.175,"X좌표20":303.585,"X좌표1":457.371,"X좌표6":630.13,"Y좌표19":256.65,"X좌표7":579.201,"Y좌표18":286.608,"X좌표4":523.279,"X좌표5":557.232}],"상의":[{}]},"라벨링":{"스타일":[{"스타일":"리조트"}],"아우터":[{}],"하의":[{}],"원피스":[{"기장":"발목","색상":"화이트","카테고리":"드레스","디테일":["스트링"],"소매기장":"반팔","소재":["린넨"],"프린트":["무지"],"넥라인":"라운드넥","핏":"루즈"}],"상의":[{}]}},"파일 번호":45925,"파일 이름":"VanillaSpoon_004_01.jpg"}}