{"이미지 정보":{"이미지 식별자":505195,"이미지 높이":1049,"이미지 파일명":"sk2729k05_s_10.jpg","이미지 너비":800},"데이터셋 정보":{"파일 생성일자":"2020-10-08 21:37:31","데이터셋 상세설명":{"렉트좌표":{"아우터":[{}],"하의":[{"X좌표":259.875,"Y좌표":226.215,"가로":270,"세로":565}],"원피스":[{}],"상의":[{"X좌표":218.875,"Y좌표":1.51517,"가로":314,"세로":249}]},"폴리곤좌표":{"아우터":[{}],"하의":[{"Y좌표9":789.589,"X좌표17":302.375,"X좌표16":474.375,"X좌표15":482.375,"X좌표14":497.375,"X좌표13":526.375,"X좌표12":531.375,"X좌표11":521.375,"Y좌표4":530.647,"X좌표10":499.375,"Y좌표3":390.678,"Y좌표2":306.697,"Y좌표1":250.71,"Y좌표8":781.591,"Y좌표7":780.591,"Y좌표6":765.595,"Y좌표5":615.628,"Y좌표15":241.712,"Y좌표14":300.698,"X좌표8":321.375,"Y좌표17":242.711,"X좌표9":411.375,"Y좌표16":226.715,"Y좌표11":755.597,"Y좌표10":792.589,"Y좌표13":677.614,"Y좌표12":734.601,"X좌표2":281.375,"X좌표3":271.375,"X좌표1":301.375,"X좌표6":260.375,"X좌표7":264.375,"X좌표4":265.375,"X좌표5":269.375}],"원피스":[{}],"상의":[{"X좌표8":276.375,"X좌표9":285.375,"X좌표2":270.375,"X좌표3":239.375,"X좌표1":307.375,"X좌표6":219.375,"X좌표7":244.375,"X좌표4":234.375,"X좌표5":222.375,"Y좌표26":11.0132,"Y좌표25":18.0116,"Y좌표9":227.965,"Y좌표22":12.0129,"Y좌표21":2.01517,"Y좌표24":34.008,"Y좌표23":34.008,"Y좌표20":11.0132,"X좌표19":512.375,"X좌표18":516.375,"X좌표17":534.375,"X좌표16":525.375,"X좌표15":500.375,"X좌표14":480.375,"X좌표13":485.375,"X좌표12":417.375,"X좌표11":364.375,"Y좌표4":121.988,"X좌표10":290.375,"Y좌표3":68.0004,"Y좌표2":17.0118,"Y좌표1":9.01361,"Y좌표8":203.97,"Y좌표7":196.972,"Y좌표6":182.975,"Y좌표5":156.981,"Y좌표15":188.973,"Y좌표14":195.972,"Y좌표17":141.984,"Y좌표16":173.977,"Y좌표11":251.959,"Y좌표10":246.96,"Y좌표13":233.963,"Y좌표12":246.96,"X좌표26":311.375,"X좌표25":330.375,"X좌표24":345.375,"X좌표23":381.375,"X좌표22":405.375,"X좌표21":431.375,"X좌표20":476.375,"Y좌표19":33.0082,"Y좌표18":105.992}]},"라벨링":{"스타일":[{"스타일":"리조트"}],"아우터":[{}],"하의":[{"기장":"미디","색상":"베이지","카테고리":"스커트","소재":["시퀸\/글리터"],"프린트":["무지"],"핏":"노멀"}],"원피스":[{}],"상의":[{"색상":"화이트","카테고리":"티셔츠","소매기장":"반팔","소재":["저지"],"프린트":["무지"],"넥라인":"라운드넥","핏":"타이트"}]}},"파일 번호":505195,"파일 이름":"sk2729k05_s_10.jpg"}}