{"이미지 정보":{"이미지 식별자":509219,"이미지 높이":1049,"이미지 파일명":"bl3151k05-s_11.jpg","이미지 너비":800},"데이터셋 정보":{"파일 생성일자":"2020-10-12 18:25:31","데이터셋 상세설명":{"렉트좌표":{"아우터":[{}],"하의":[{"X좌표":285.531,"Y좌표":291.222,"가로":212,"세로":567}],"원피스":[{}],"상의":[{"X좌표":221.531,"Y좌표":1.49809,"가로":340,"세로":435}]},"폴리곤좌표":{"아우터":[{}],"하의":[{"Y좌표9":845.194,"X좌표16":306.031,"X좌표15":302.031,"X좌표14":286.031,"X좌표13":302.031,"X좌표12":332.031,"X좌표11":350.031,"Y좌표4":445.575,"X좌표10":372.031,"Y좌표3":379.638,"Y좌표2":291.722,"Y좌표1":295.718,"Y좌표8":859.18,"Y좌표7":849.19,"Y좌표6":739.295,"Y좌표5":583.443,"Y좌표15":343.672,"Y좌표14":437.582,"X좌표8":410.031,"X좌표9":370.031,"Y좌표16":293.72,"Y좌표11":807.23,"Y좌표10":805.232,"Y좌표13":583.443,"Y좌표12":787.249,"X좌표2":474.031,"X좌표3":498.031,"X좌표1":312.031,"X좌표6":470.031,"X좌표7":458.031,"X좌표4":492.031,"X좌표5":476.031}],"원피스":[{}],"상의":[{"Y좌표9":213.796,"Y좌표22":1.99809,"Y좌표21":15.9847,"Y좌표20":27.9733,"X좌표19":256.031,"X좌표18":222.031,"X좌표17":254.031,"X좌표16":280.031,"X좌표15":278.031,"X좌표14":258.031,"X좌표13":388.031,"X좌표12":522.031,"X좌표11":510.031,"Y좌표4":31.9695,"X좌표10":510.031,"Y좌표3":37.9638,"Y좌표2":25.9752,"Y좌표1":7.99237,"Y좌표8":147.859,"Y좌표7":17.9828,"Y좌표6":3.99619,"Y좌표5":3.99619,"Y좌표15":335.68,"Y좌표14":429.59,"X좌표8":562.031,"Y좌표17":261.75,"X좌표9":562.031,"Y좌표16":281.731,"Y좌표11":347.668,"Y좌표10":279.733,"Y좌표13":437.582,"Y좌표12":413.605,"X좌표22":342.031,"X좌표2":358.031,"X좌표21":296.031,"X좌표3":390.031,"X좌표20":272.031,"X좌표1":350.031,"X좌표6":490.031,"Y좌표19":59.9428,"X좌표7":520.031,"Y좌표18":213.796,"X좌표4":418.031,"X좌표5":432.031}]},"라벨링":{"스타일":[{"스타일":"리조트","서브스타일":"페미닌"}],"아우터":[{}],"하의":[{"기장":"발목","색상":"화이트","카테고리":"팬츠","소재":["니트"],"핏":"스키니"}],"원피스":[{}],"상의":[{"기장":"노멀","색상":"오렌지","서브색상":"화이트","카테고리":"블라우스","디테일":["레이스"],"소매기장":"7부소매","소재":["우븐"],"넥라인":"라운드넥","핏":"노멀"}]}},"파일 번호":509219,"파일 이름":"bl3151k05-s_11.jpg"}}