{"이미지 정보":{"이미지 식별자":514530,"이미지 높이":1049,"이미지 파일명":"nt2097c06-s_17.jpg","이미지 너비":800},"데이터셋 정보":{"파일 생성일자":"2020-10-12 18:58:25","데이터셋 상세설명":{"렉트좌표":{"아우터":[{}],"하의":[{"X좌표":201.5,"Y좌표":191.463,"가로":360,"세로":572}],"원피스":[{}],"상의":[{"X좌표":297.5,"Y좌표":6.49867,"가로":214,"세로":232}]},"폴리곤좌표":{"아우터":[{}],"하의":[{"Y좌표9":737.859,"Y좌표22":234.955,"Y좌표21":266.949,"Y좌표23":204.961,"Y좌표20":363.931,"X좌표19":540.0,"X좌표18":562.0,"X좌표17":549.0,"X좌표16":532.0,"X좌표15":517.0,"X좌표14":480.0,"X좌표13":439.0,"X좌표12":400.0,"X좌표11":371.0,"Y좌표4":239.954,"X좌표10":311.0,"Y좌표3":191.963,"Y좌표2":191.963,"Y좌표1":204.961,"Y좌표8":713.864,"Y좌표7":529.899,"Y좌표6":434.917,"Y좌표5":313.94,"Y좌표15":745.858,"Y좌표14":762.855,"X좌표8":202.0,"Y좌표17":735.86,"X좌표9":258.0,"Y좌표16":745.858,"Y좌표11":749.857,"Y좌표10":745.858,"Y좌표13":764.854,"Y좌표12":758.855,"X좌표23":468.0,"X좌표22":474.0,"X좌표2":374.0,"X좌표21":493.0,"X좌표3":332.0,"X좌표20":507.0,"X좌표1":468.0,"X좌표6":264.0,"Y좌표19":605.884,"X좌표7":248.0,"Y좌표18":729.861,"X좌표4":308.0,"X좌표5":281.0}],"원피스":[{}],"상의":[{"Y좌표9":6.99867,"Y좌표22":239.954,"Y좌표21":237.955,"Y좌표20":234.955,"X좌표19":407.0,"X좌표18":375.0,"X좌표17":347.0,"X좌표16":326.0,"X좌표15":306.0,"X좌표14":307.0,"X좌표13":304.0,"X좌표12":300.0,"X좌표11":304.0,"Y좌표4":23.9954,"X좌표10":298.0,"Y좌표3":103.98,"Y좌표2":163.969,"Y좌표1":237.955,"Y좌표8":56.9891,"Y좌표7":81.9844,"Y좌표6":67.987,"Y좌표5":9.99809,"Y좌표15":226.957,"Y좌표14":185.965,"X좌표8":360.0,"Y좌표17":234.955,"X좌표9":333.0,"Y좌표16":236.955,"Y좌표11":66.9872,"Y좌표10":27.9947,"Y좌표13":145.972,"Y좌표12":110.979,"X좌표22":481.0,"X좌표2":507.0,"X좌표21":474.0,"X좌표3":510.0,"X좌표20":458.0,"X좌표1":483.0,"X좌표6":440.0,"Y좌표19":232.956,"X좌표7":394.0,"Y좌표18":234.955,"X좌표4":512.0,"X좌표5":469.0}]},"라벨링":{"스타일":[{"스타일":"리조트","서브스타일":"페미닌"}],"아우터":[{}],"하의":[{"기장":"미디","색상":"화이트","서브색상":"블랙","카테고리":"스커트","디테일":["플레어"],"소재":["시폰"],"프린트":["도트"],"핏":"노멀"}],"원피스":[{}],"상의":[{"색상":"블랙","카테고리":"탑","소매기장":"민소매","소재":["니트"],"프린트":["무지"],"넥라인":"오프숄더","핏":"타이트"}]}},"파일 번호":514530,"파일 이름":"nt2097c06-s_17.jpg"}}