{"이미지 정보":{"이미지 식별자":514904,"이미지 높이":1049,"이미지 파일명":"nt2144k07-s_8.jpg","이미지 너비":800},"데이터셋 정보":{"파일 생성일자":"2020-10-12 19:00:41","데이터셋 상세설명":{"렉트좌표":{"아우터":[{}],"하의":[{"X좌표":323.5,"Y좌표":205.461,"가로":263,"세로":743}],"원피스":[{}],"상의":[{"X좌표":240.5,"Y좌표":-1.49981,"가로":386,"세로":336}]},"폴리곤좌표":{"아우터":[{}],"하의":[{"Y좌표9":949.419,"Y좌표21":209.96,"Y좌표20":205.961,"X좌표19":546.0,"X좌표18":577.0,"X좌표17":587.0,"X좌표16":578.0,"X좌표15":572.0,"X좌표14":571.0,"X좌표13":546.0,"X좌표12":521.0,"X좌표11":487.0,"Y좌표4":313.94,"X좌표10":484.0,"Y좌표3":216.959,"Y좌표2":221.958,"Y좌표1":209.96,"Y좌표8":937.421,"Y좌표7":766.654,"Y좌표6":646.877,"Y좌표5":490.906,"Y좌표15":736.46,"Y좌표14":882.432,"X좌표8":326.0,"Y좌표17":406.722,"X좌표9":420.0,"Y좌표16":549.695,"Y좌표11":895.429,"Y좌표10":927.423,"Y좌표13":898.429,"Y좌표12":898.429,"X좌표2":469.0,"X좌표21":528.0,"X좌표3":372.0,"X좌표20":544.0,"X좌표1":528.0,"X좌표6":339.0,"Y좌표19":237.955,"X좌표7":324.0,"Y좌표18":302.742,"X좌표4":352.0,"X좌표5":339.0}],"원피스":[{}],"상의":[{"X좌표38":469.0,"X좌표37":504.0,"X좌표36":531.0,"X좌표35":560.0,"X좌표34":583.0,"X좌표33":611.0,"X좌표32":627.0,"X좌표31":604.0,"X좌표30":563.0,"Y좌표37":1.99962,"Y좌표36":0.0,"X좌표8":275.0,"X좌표9":305.0,"Y좌표38":61.9882,"Y좌표33":79.9847,"Y좌표32":189.964,"Y좌표35":2.99943,"Y좌표34":18.9964,"Y좌표31":202.961,"Y좌표30":213.959,"X좌표2":407.0,"X좌표3":399.0,"X좌표1":470.0,"X좌표6":285.0,"X좌표7":241.0,"X좌표4":353.0,"X좌표5":299.0,"Y좌표26":285.945,"Y좌표25":266.949,"Y좌표28":293.944,"Y좌표9":220.958,"Y좌표27":293.944,"Y좌표22":301.942,"Y좌표21":296.943,"Y좌표24":285.945,"Y좌표23":301.942,"Y좌표20":281.946,"X좌표19":454.0,"X좌표18":441.0,"X좌표17":430.0,"X좌표16":408.0,"X좌표15":384.0,"X좌표14":355.0,"X좌표13":344.0,"X좌표12":336.0,"X좌표11":333.0,"Y좌표4":-0.999809,"X좌표10":325.0,"Y좌표3":-0.999809,"Y좌표2":7.99847,"Y좌표1":62.988,"Y좌표8":217.958,"Y좌표7":193.963,"Y좌표29":287.945,"Y좌표6":59.9886,"Y좌표5":25.995,"Y좌표15":308.941,"Y좌표14":335.936,"Y좌표17":276.947,"Y좌표16":293.944,"Y좌표11":239.954,"Y좌표10":189.964,"Y좌표13":316.94,"Y좌표12":277.947,"X좌표29":575.0,"X좌표28":567.0,"X좌표27":554.0,"X좌표26":538.0,"X좌표25":524.0,"X좌표24":520.0,"X좌표23":500.0,"X좌표22":480.0,"X좌표21":461.0,"X좌표20":456.0,"Y좌표19":255.951,"Y좌표18":261.95}]},"라벨링":{"스타일":[{"스타일":"리조트","서브스타일":"스트리트"}],"아우터":[{}],"하의":[{"기장":"발목","색상":"베이지","카테고리":"팬츠","소재":["우븐"],"프린트":["무지"],"핏":"루즈"}],"원피스":[{}],"상의":[{"기장":"크롭","색상":"베이지","카테고리":"니트웨어","디테일":["스트링"],"소매기장":"반팔","소재":["니트"],"프린트":["무지"],"넥라인":"브이넥","핏":"노멀"}]}},"파일 번호":514904,"파일 이름":"nt2144k07-s_8.jpg"}}