{"이미지 정보":{"이미지 식별자":518491,"이미지 높이":800,"이미지 파일명":"pt4498k01-600_2.jpg","이미지 너비":800},"데이터셋 정보":{"파일 생성일자":"2020-10-12 19:21:51","데이터셋 상세설명":{"렉트좌표":{"아우터":[{}],"하의":[{"X좌표":274.894,"Y좌표":256.211,"가로":233,"세로":440}],"원피스":[{}],"상의":[{"X좌표":278.889,"Y좌표":5.51514,"가로":273,"세로":344}]},"폴리곤좌표":{"아우터":[{}],"하의":[{"Y좌표9":650.232,"Y좌표22":337.612,"Y좌표21":535.372,"Y좌표23":256.711,"Y좌표20":662.218,"X좌표19":320.339,"X좌표18":337.318,"X좌표17":360.29,"X좌표16":391.253,"X좌표15":391.253,"X좌표14":369.279,"X좌표13":375.272,"X좌표12":374.273,"X좌표11":401.241,"Y좌표4":524.385,"X좌표10":412.227,"Y좌표3":373.569,"Y좌표2":263.702,"Y좌표1":256.711,"Y좌표8":672.206,"Y좌표7":689.185,"Y좌표6":693.18,"Y좌표5":676.201,"Y좌표15":660.22,"Y좌표14":557.345,"X좌표8":401.241,"Y좌표17":697.175,"X좌표9":406.235,"Y좌표16":681.195,"Y좌표11":409.525,"Y좌표10":544.361,"Y좌표13":522.388,"Y좌표12":460.463,"X좌표23":361.289,"X좌표22":306.356,"X좌표2":478.147,"X좌표21":275.394,"X좌표3":509.11,"X좌표20":325.333,"X좌표1":357.294,"X좌표6":446.186,"Y좌표19":680.196,"X좌표7":405.236,"Y좌표18":696.177,"X좌표4":483.141,"X좌표5":469.158}],"원피스":[{}],"상의":[{"Y좌표9":250.718,"Y좌표21":6.01514,"Y좌표20":23.9933,"X좌표19":293.372,"X좌표18":288.378,"X좌표17":294.37,"X좌표16":296.368,"X좌표15":317.343,"X좌표14":292.373,"X좌표13":279.389,"X좌표12":355.296,"X좌표11":439.194,"Y좌표4":30.9848,"X좌표10":506.113,"Y좌표3":15.0042,"Y좌표2":18.0006,"Y좌표1":14.0054,"Y좌표8":226.747,"Y좌표7":184.798,"Y좌표6":120.876,"Y좌표5":57.952,"Y좌표15":197.782,"Y좌표14":292.667,"X좌표8":526.089,"Y좌표17":120.876,"X좌표9":500.12,"Y좌표16":170.815,"Y좌표11":343.605,"Y좌표10":350.596,"Y좌표13":338.611,"Y좌표12":333.617,"X좌표2":406.235,"X좌표21":361.289,"X좌표3":454.176,"X좌표20":312.349,"X좌표1":360.29,"X좌표6":541.071,"Y좌표19":43.969,"X좌표7":553.056,"Y좌표18":83.9205,"X좌표4":500.12,"X좌표5":526.089}]},"라벨링":{"스타일":[{"스타일":"리조트"}],"아우터":[{}],"하의":[{"기장":"발목","색상":"베이지","카테고리":"팬츠","디테일":["롤업"],"소재":["우븐"],"프린트":["무지"],"핏":"노멀"}],"원피스":[{}],"상의":[{"기장":"노멀","색상":"스카이블루","카테고리":"티셔츠","소매기장":"긴팔","소재":["저지"],"프린트":["무지"],"넥라인":"라운드넥","핏":"루즈"}]}},"파일 번호":518491,"파일 이름":"pt4498k01-600_2.jpg"}}