{"이미지 정보":{"이미지 식별자":521061,"이미지 높이":800,"이미지 파일명":"pt4892c04-600_3.jpg","이미지 너비":800},"데이터셋 정보":{"파일 생성일자":"2020-10-12 19:38:25","데이터셋 상세설명":{"렉트좌표":{"아우터":[{}],"하의":[{"X좌표":298.879,"Y좌표":189.243,"가로":232,"세로":557}],"원피스":[{}],"상의":[{"X좌표":287.894,"Y좌표":-0.493067,"가로":223,"세로":185}]},"폴리곤좌표":{"아우터":[{}],"하의":[{"Y좌표9":688.05,"X좌표14":335.329,"X좌표13":299.379,"X좌표12":300.377,"X좌표11":300.377,"Y좌표4":631.129,"X좌표10":365.287,"Y좌표3":197.732,"Y좌표2":192.739,"Y좌표1":192.739,"Y좌표8":340.533,"Y좌표7":727.994,"Y좌표6":746.968,"Y좌표5":732.987,"Y좌표14":189.743,"X좌표8":390.252,"X좌표9":377.27,"Y좌표11":729.992,"Y좌표10":737.981,"Y좌표13":347.524,"Y좌표12":586.192,"X좌표2":387.257,"X좌표3":452.166,"X좌표1":343.318,"X좌표6":478.13,"X좌표7":415.218,"X좌표4":502.097,"X좌표5":532.055}],"원피스":[{}],"상의":[{"Y좌표9":178.758,"X좌표16":380.266,"X좌표15":423.207,"X좌표14":467.145,"X좌표13":494.108,"X좌표12":512.083,"X좌표11":455.162,"Y좌표4":89.8819,"X좌표10":454.163,"Y좌표3":4.00138,"Y좌표2":7.99582,"Y좌표1":53.9319,"Y좌표8":171.768,"Y좌표7":183.751,"Y좌표6":169.771,"Y좌표5":99.868,"Y좌표15":13.9875,"Y좌표14":0.00693311,"X좌표8":387.257,"X좌표9":435.19,"Y좌표16":69.9097,"Y좌표11":98.8694,"Y좌표10":185.749,"Y좌표13":21.9764,"Y좌표12":78.8972,"X좌표2":359.295,"X좌표3":327.34,"X좌표1":395.245,"X좌표6":335.329,"X좌표7":338.325,"X좌표4":288.394,"X좌표5":332.333}]},"라벨링":{"스타일":[{"스타일":"리조트"}],"아우터":[{"기장":"크롭","카테고리":"가디건","디테일":["단추"],"소재":["저지"],"프린트":["무지"],"넥라인":"브이넥","핏":"노멀"}],"하의":[{"기장":"맥시","색상":"핑크","카테고리":"팬츠","소재":["우븐"],"프린트":["무지"],"핏":"와이드"}],"원피스":[{}],"상의":[{"기장":"크롭","색상":"블랙","카테고리":"블라우스","디테일":["단추"],"소매기장":"반팔","소재":["저지"],"프린트":["무지"],"넥라인":"브이넥","핏":"타이트"}]}},"파일 번호":521061,"파일 이름":"pt4892c04-600_3.jpg"}}