{"이미지 정보":{"이미지 식별자":521071,"이미지 높이":1049,"이미지 파일명":"pt4892c04-s_7.jpg","이미지 너비":800},"데이터셋 정보":{"파일 생성일자":"2020-10-12 19:38:29","데이터셋 상세설명":{"렉트좌표":{"아우터":[{}],"하의":[{"X좌표":213.876,"Y좌표":249.88,"가로":334,"세로":706}],"원피스":[{}],"상의":[{"X좌표":249.841,"Y좌표":5.52393,"가로":296,"세로":254}]},"폴리곤좌표":{"아우터":[{}],"하의":[{"Y좌표9":948.255,"X좌표13":298.294,"X좌표12":478.116,"X좌표11":549.047,"Y좌표4":952.255,"X좌표10":549.047,"Y좌표3":739.893,"Y좌표2":549.927,"Y좌표1":267.977,"Y좌표8":936.258,"Y좌표7":768.288,"Y좌표6":484.338,"Y좌표5":957.254,"X좌표8":417.176,"X좌표9":496.099,"Y좌표11":609.316,"Y좌표10":929.259,"Y좌표13":250.38,"Y좌표12":262.378,"X좌표2":249.342,"X좌표3":251.34,"X좌표1":298.294,"X좌표6":391.202,"X좌표7":407.186,"X좌표4":214.376,"X좌표5":367.226}],"원피스":[{}],"상의":[{"X좌표8":543.052,"X좌표9":547.049,"Y좌표9":6.02393,"Y좌표11":42.0175,"Y좌표10":21.0213,"Y좌표12":10.0232,"X좌표12":365.228,"X좌표11":427.167,"X좌표2":265.326,"Y좌표4":138.0,"X좌표10":447.147,"X좌표3":250.341,"Y좌표3":67.013,"Y좌표2":16.0221,"X좌표1":360.233,"Y좌표1":9.0234,"X좌표6":388.205,"Y좌표8":147.999,"X좌표7":505.09,"Y좌표7":260.978,"X좌표4":279.312,"Y좌표6":255.979,"X좌표5":261.33,"Y좌표5":240.982}]},"라벨링":{"스타일":[{"스타일":"리조트"}],"아우터":[{"기장":"크롭","카테고리":"가디건","디테일":["단추"],"소재":["저지"],"프린트":["무지"],"넥라인":"브이넥","핏":"노멀"}],"하의":[{"기장":"맥시","색상":"블랙","카테고리":"팬츠","소재":["우븐"],"프린트":["무지"],"핏":"와이드"}],"원피스":[{}],"상의":[{"기장":"크롭","색상":"블루","카테고리":"블라우스","디테일":["단추"],"소매기장":"캡","소재":["저지"],"프린트":["무지"],"넥라인":"브이넥","핏":"타이트"}]}},"파일 번호":521071,"파일 이름":"pt4892c04-s_7.jpg"}}