{"이미지 정보":{"이미지 식별자":521588,"이미지 높이":1049,"이미지 파일명":"pt4954c04-s_9.jpg","이미지 너비":800},"데이터셋 정보":{"파일 생성일자":"2020-10-12 19:41:33","데이터셋 상세설명":{"렉트좌표":{"아우터":[{}],"하의":[{}],"원피스":[{}],"상의":[{"X좌표":82.4411,"Y좌표":1.53811,"가로":555,"세로":852}]},"폴리곤좌표":{"아우터":[{}],"하의":[{}],"원피스":[{}],"상의":[{"Y좌표40":8.03529,"Y좌표42":20.0297,"Y좌표41":9.03482,"X좌표39":178.882,"X좌표38":149.9,"X좌표37":113.922,"X좌표36":94.9337,"X좌표35":92.935,"X좌표34":101.929,"X좌표33":107.926,"X좌표32":113.922,"X좌표31":82.9411,"X좌표30":83.9405,"Y좌표37":78.0024,"Y좌표36":128.979,"X좌표8":626.606,"Y좌표39":15.032,"X좌표9":638.599,"Y좌표38":44.0184,"Y좌표33":373.864,"Y좌표32":439.833,"Y좌표35":200.945,"Y좌표34":275.91,"Y좌표31":446.829,"Y좌표30":484.811,"X좌표2":382.757,"X좌표3":439.721,"X좌표42":346.779,"X좌표41":313.799,"X좌표1":346.779,"X좌표40":221.856,"X좌표6":493.688,"X좌표7":545.656,"X좌표4":469.703,"X좌표5":467.704,"Y좌표26":694.713,"Y좌표25":781.672,"Y좌표28":577.768,"Y좌표9":193.948,"Y좌표27":590.762,"Y좌표22":826.651,"Y좌표21":824.652,"Y좌표24":821.653,"Y좌표23":854.638,"Y좌표20":782.672,"X좌표19":556.649,"X좌표18":542.658,"X좌표17":520.672,"X좌표16":565.644,"X좌표15":551.653,"X좌표14":580.635,"X좌표13":601.622,"X좌표12":604.62,"X좌표11":602.621,"Y좌표4":113.986,"X좌표10":638.599,"Y좌표3":191.949,"Y좌표2":77.0029,"Y좌표1":18.0306,"Y좌표8":71.0057,"Y좌표7":11.0339,"Y좌표29":518.796,"Y좌표6":2.03811,"Y좌표5":27.0264,"Y좌표15":478.814,"Y좌표14":431.836,"Y좌표17":511.799,"Y좌표16":499.804,"Y좌표11":367.866,"Y좌표10":311.893,"Y좌표13":446.829,"Y좌표12":407.848,"X좌표29":121.917,"X좌표28":121.917,"X좌표27":191.874,"X좌표26":197.87,"X좌표25":212.861,"X좌표24":278.821,"X좌표23":350.776,"X좌표22":443.719,"X좌표21":502.683,"X좌표20":502.683,"Y좌표19":725.698,"Y좌표18":625.745}]},"라벨링":{"스타일":[{"스타일":"리조트"}],"아우터":[{}],"하의":[{"기장":"미니","카테고리":"팬츠","디테일":["포켓"],"소재":["우븐"],"프린트":["무지"],"핏":"노멀"}],"원피스":[{}],"상의":[{"기장":"롱","색상":"베이지","카테고리":"셔츠","옷깃":"셔츠칼라","디테일":["포켓","드롭숄더"],"소매기장":"긴팔","소재":["우븐"],"프린트":["무지"],"핏":"루즈"}]}},"파일 번호":521588,"파일 이름":"pt4954c04-s_9.jpg"}}