{"이미지 정보":{"이미지 식별자":524118,"이미지 높이":806,"이미지 파일명":"set851k06_01.jpg","이미지 너비":800},"데이터셋 정보":{"파일 생성일자":"2020-10-12 19:56:12","데이터셋 상세설명":{"렉트좌표":{"아우터":[{}],"하의":[{"X좌표":376.611,"Y좌표":165.303,"가로":216,"세로":559}],"원피스":[{}],"상의":[{"X좌표":392.611,"Y좌표":0.505706,"가로":187,"세로":228}]},"폴리곤좌표":{"아우터":[{}],"하의":[{"Y좌표9":681.17,"Y좌표21":169.798,"Y좌표20":170.797,"X좌표19":519.111,"X좌표18":570.111,"X좌표17":594.111,"X좌표16":587.111,"X좌표15":578.111,"X좌표14":544.111,"X좌표13":476.111,"X좌표12":474.111,"X좌표11":460.111,"Y좌표4":300.637,"X좌표10":434.111,"Y좌표3":243.707,"Y좌표2":190.772,"Y좌표1":166.802,"Y좌표8":606.262,"Y좌표7":572.303,"Y좌표6":465.435,"Y좌표5":391.526,"Y좌표15":700.146,"Y좌표14":725.116,"X좌표8":400.111,"Y좌표17":250.699,"X좌표9":398.111,"Y좌표16":507.383,"Y좌표11":643.216,"Y좌표10":675.177,"Y좌표13":695.152,"Y좌표12":530.355,"X좌표2":408.111,"X좌표21":406.111,"X좌표3":387.111,"X좌표20":464.111,"X좌표1":406.111,"X좌표6":379.111,"Y좌표19":168.799,"X좌표7":390.111,"Y좌표18":165.803,"X좌표4":377.111,"X좌표5":378.111}],"원피스":[{}],"상의":[{"Y좌표9":208.75,"Y좌표21":5.99957,"Y좌표20":3.00325,"X좌표19":451.111,"X좌표18":499.111,"X좌표17":533.111,"X좌표16":558.111,"X좌표15":581.111,"X좌표14":561.111,"X좌표13":579.111,"X좌표12":571.111,"X좌표11":576.111,"Y좌표4":139.835,"X좌표10":559.111,"Y좌표3":70.9198,"Y좌표2":36.9615,"Y좌표1":6.99834,"Y좌표8":197.764,"Y좌표7":195.766,"Y좌표6":212.745,"Y좌표5":225.729,"Y좌표15":10.9934,"Y좌표14":51.9431,"X좌표8":513.111,"Y좌표17":37.9603,"X좌표9":536.111,"Y좌표16":1.00571,"Y좌표11":206.753,"Y좌표10":229.725,"Y좌표13":92.8927,"Y좌표12":160.809,"X좌표2":421.111,"X좌표21":424.111,"X좌표3":404.111,"X좌표20":448.111,"X좌표1":420.111,"X좌표6":420.111,"Y좌표19":42.9541,"X좌표7":432.111,"Y좌표18":42.9541,"X좌표4":393.111,"X좌표5":393.111}]},"라벨링":{"스타일":[{"스타일":"리조트"}],"아우터":[{}],"하의":[{"기장":"발목","색상":"실버","카테고리":"팬츠","디테일":["리본","스트링"],"소재":["린넨"],"핏":"와이드"}],"원피스":[{}],"상의":[{"색상":"실버","소매기장":"민소매"}]}},"파일 번호":524118,"파일 이름":"set851k06_01.jpg"}}