{"이미지 정보":{"이미지 식별자":524513,"이미지 높이":800,"이미지 파일명":"set916k08-600_1.jpg","이미지 너비":800},"데이터셋 정보":{"파일 생성일자":"2020-10-12 19:58:30","데이터셋 상세설명":{"렉트좌표":{"아우터":[{"X좌표":255.145,"Y좌표":1.26562,"가로":270,"세로":348}],"하의":[{}],"원피스":[{}],"상의":[{}]},"폴리곤좌표":{"아우터":[{"Y좌표9":39.7656,"X좌표19":290.645,"X좌표18":430.645,"X좌표17":525.645,"X좌표16":512.645,"X좌표15":520.645,"X좌표14":508.645,"X좌표13":451.645,"X좌표12":447.645,"X좌표11":436.645,"Y좌표4":229.766,"X좌표10":443.645,"Y좌표3":196.766,"Y좌표2":131.766,"Y좌표1":30.7656,"Y좌표8":50.7656,"Y좌표7":185.766,"Y좌표6":349.766,"Y좌표5":305.766,"Y좌표15":301.766,"Y좌표14":345.766,"X좌표8":360.645,"Y좌표17":25.7656,"X좌표9":405.645,"Y좌표16":170.766,"Y좌표11":112.766,"Y좌표10":52.7656,"Y좌표13":340.766,"Y좌표12":245.766,"X좌표2":302.645,"X좌표3":255.645,"X좌표1":287.645,"X좌표6":322.645,"Y좌표19":32.7656,"X좌표7":378.645,"Y좌표18":1.76562,"X좌표4":307.645,"X좌표5":280.645}],"하의":[{}],"원피스":[{}],"상의":[{}]},"라벨링":{"스타일":[{"스타일":"리조트"}],"아우터":[{"기장":"노말","색상":"그린","카테고리":"가디건","소매기장":"긴팔","프린트":["무지"],"핏":"노멀"}],"하의":[{}],"원피스":[{}],"상의":[{}]}},"파일 번호":524513,"파일 이름":"set916k08-600_1.jpg"}}