{"이미지 정보":{"이미지 식별자":58483,"이미지 높이":800,"이미지 파일명":"Gstudio_033_07.jpg","이미지 너비":800},"데이터셋 정보":{"파일 생성일자":"2020-08-10 02:35:02","데이터셋 상세설명":{"렉트좌표":{"아우터":[{}],"하의":[{}],"원피스":[{"X좌표":288.389,"Y좌표":8.61111,"가로":212,"세로":736}],"상의":[{}]},"폴리곤좌표":{"아우터":[{}],"하의":[{}],"원피스":[{"X좌표31":299.556,"X좌표30":310.222,"X좌표8":472.0,"X좌표9":476.445,"Y좌표31":16.2222,"Y좌표30":84.6667,"X좌표2":343.111,"X좌표3":360.0,"X좌표1":305.778,"X좌표6":472.889,"X좌표7":466.667,"X좌표4":430.222,"X좌표5":442.667,"Y좌표26":296.222,"Y좌표25":409.111,"Y좌표28":181.556,"Y좌표9":185.111,"Y좌표27":235.778,"Y좌표22":746.0,"Y좌표21":738.889,"Y좌표24":659.778,"Y좌표23":712.222,"Y좌표20":701.556,"X좌표19":388.444,"X좌표18":395.556,"X좌표17":391.111,"X좌표16":405.333,"X좌표15":400.889,"X좌표14":404.444,"X좌표13":462.222,"X좌표12":497.778,"X좌표11":501.333,"Y좌표4":57.1111,"X좌표10":487.111,"Y좌표3":60.6667,"Y좌표2":9.11111,"Y좌표1":16.2222,"Y좌표8":125.556,"Y좌표7":81.1111,"Y좌표29":117.556,"Y좌표6":11.7778,"Y좌표5":12.6667,"Y좌표15":714.0,"Y좌표14":737.111,"Y좌표17":423.333,"Y좌표16":593.111,"Y좌표11":290.889,"Y좌표10":240.222,"Y좌표13":746.0,"Y좌표12":718.445,"X좌표29":303.111,"X좌표28":301.333,"X좌표27":299.556,"X좌표26":290.667,"X좌표25":288.889,"X좌표24":288.889,"X좌표23":291.556,"X좌표22":322.667,"X좌표21":364.444,"X좌표20":392.889,"Y좌표19":586.0,"Y좌표18":330.889}],"상의":[{}]},"라벨링":{"스타일":[{"스타일":"리조트","서브스타일":"모던"}],"아우터":[{}],"하의":[{}],"원피스":[{"기장":"발목","색상":"카키","카테고리":"점프수트","디테일":["포켓","단추"],"소매기장":"민소매","소재":["우븐"],"프린트":["무지"],"넥라인":"스퀘어넥","핏":"루즈"}],"상의":[{"카테고리":"티셔츠","소재":["저지"],"프린트":["무지"],"핏":"노멀"}]}},"파일 번호":58483,"파일 이름":"Gstudio_033_07.jpg"}}