{"이미지 정보":{"이미지 식별자":60072,"이미지 높이":800,"이미지 파일명":"Gstudio_095_06.jpg","이미지 너비":800},"데이터셋 정보":{"파일 생성일자":"2020-08-10 02:44:08","데이터셋 상세설명":{"렉트좌표":{"아우터":[{}],"하의":[{"X좌표":296.309,"Y좌표":143.45,"가로":220,"세로":563}],"원피스":[{}],"상의":[{"X좌표":293.311,"Y좌표":1.53781,"가로":238,"세로":198}]},"폴리곤좌표":{"아우터":[{}],"하의":[{"X좌표37":356.773,"X좌표36":355.773,"X좌표35":343.781,"X좌표34":329.789,"X좌표33":310.801,"X좌표32":307.803,"X좌표31":310.801,"X좌표30":307.803,"Y좌표37":158.941,"Y좌표36":178.929,"X좌표8":479.697,"X좌표9":508.679,"Y좌표33":272.871,"Y좌표32":325.838,"Y좌표35":194.919,"Y좌표34":229.898,"Y좌표31":416.782,"Y좌표30":511.724,"X좌표2":383.756,"X좌표3":407.741,"X좌표1":353.774,"X좌표6":473.701,"X좌표7":493.688,"X좌표4":427.729,"X좌표5":451.714,"Y좌표26":707.603,"Y좌표25":701.607,"Y좌표28":686.616,"Y좌표9":235.894,"Y좌표27":697.61,"Y좌표22":442.766,"Y좌표21":358.818,"Y좌표24":613.661,"Y좌표23":535.709,"Y좌표20":332.834,"X좌표19":410.739,"X좌표18":410.739,"X좌표17":416.736,"X좌표16":415.736,"X좌표15":430.727,"X좌표14":457.71,"X좌표13":478.697,"X좌표12":500.684,"X좌표11":508.679,"Y좌표4":160.94,"X좌표10":517.673,"Y좌표3":143.95,"Y좌표2":151.946,"Y좌표1":158.941,"Y좌표8":197.917,"Y좌표7":182.926,"Y좌표29":602.668,"Y좌표6":166.936,"Y좌표5":145.949,"Y좌표15":667.628,"Y좌표14":685.617,"Y좌표17":532.711,"Y좌표16":619.658,"Y좌표11":436.77,"Y좌표10":263.877,"Y좌표13":689.615,"Y좌표12":559.694,"X좌표29":301.806,"X좌표28":296.809,"X좌표27":329.789,"X좌표26":361.769,"X좌표25":424.731,"X좌표24":416.736,"X좌표23":418.734,"X좌표22":407.741,"X좌표21":412.738,"X좌표20":410.739,"Y좌표19":362.816,"Y좌표18":445.765}],"원피스":[{}],"상의":[{"X좌표32":358.771,"X좌표31":341.782,"X좌표30":316.797,"X좌표8":505.681,"X좌표9":521.671,"Y좌표32":17.0286,"Y좌표31":15.0298,"Y좌표30":21.0261,"X좌표2":395.749,"X좌표3":424.731,"X좌표1":362.769,"X좌표6":464.706,"X좌표7":484.694,"X좌표4":439.721,"X좌표5":445.718,"Y좌표26":77.9911,"Y좌표25":128.96,"Y좌표28":44.012,"Y좌표9":33.0187,"Y좌표27":60.0021,"Y좌표22":167.936,"Y좌표21":164.938,"Y좌표24":155.943,"Y좌표23":163.938,"Y좌표20":197.917,"X좌표19":404.743,"X좌표18":439.721,"X좌표17":479.697,"X좌표16":485.693,"X좌표15":487.692,"X좌표14":511.677,"X좌표13":532.664,"X좌표12":523.67,"X좌표11":526.668,"Y좌표4":24.0243,"X좌표10":526.668,"Y좌표3":41.0138,"Y좌표2":38.0157,"Y좌표1":18.028,"Y좌표8":15.0298,"Y좌표7":9.0335,"Y좌표29":27.0224,"Y좌표6":8.03412,"Y좌표5":2.03781,"Y좌표15":157.942,"Y좌표14":154.944,"Y좌표17":197.917,"Y좌표16":176.93,"Y좌표11":85.9861,"Y좌표10":57.004,"Y좌표13":142.951,"Y좌표12":112.97,"X좌표29":295.81,"X좌표28":293.811,"X좌표27":302.806,"X좌표26":299.808,"X좌표25":307.803,"X좌표24":308.802,"X좌표23":322.793,"X좌표22":341.782,"X좌표21":355.773,"X좌표20":362.769,"Y좌표19":200.915,"Y좌표18":193.92}]},"라벨링":{"스타일":[{"스타일":"리조트","서브스타일":"컨트리"}],"아우터":[{}],"하의":[{"기장":"맥시","색상":"베이지","카테고리":"팬츠","디테일":["버클"],"소재":["린넨"],"핏":"와이드"}],"원피스":[{}],"상의":[{"색상":"화이트","소매기장":"반팔"}]}},"파일 번호":60072,"파일 이름":"Gstudio_095_06.jpg"}}