{"이미지 정보":{"이미지 식별자":70089,"이미지 높이":800,"이미지 파일명":"Cocojo_059_05.jpg","이미지 너비":800},"데이터셋 정보":{"파일 생성일자":"2020-08-10 04:12:05","데이터셋 상세설명":{"렉트좌표":{"아우터":[{}],"하의":[{}],"원피스":[{"X좌표":333.563,"Y좌표":0.417625,"가로":217,"세로":636}],"상의":[{}]},"폴리곤좌표":{"아우터":[{}],"하의":[{}],"원피스":[{"X좌표34":334.063,"X좌표33":340.254,"X좌표32":362.264,"X좌표31":386.337,"X좌표30":409.035,"X좌표8":473.689,"X좌표9":520.46,"Y좌표33":616.507,"Y좌표32":626.136,"Y좌표34":608.253,"Y좌표31":637.141,"Y좌표30":637.829,"X좌표2":350.571,"X좌표3":395.966,"X좌표1":335.439,"X좌표6":435.171,"X좌표7":441.362,"X좌표4":406.971,"X좌표5":420.727,"Y좌표26":600.687,"Y좌표25":571.799,"Y좌표28":622.009,"Y좌표9":3.66885,"Y좌표27":611.004,"Y좌표22":450.057,"Y좌표21":404.661,"Y좌표24":544.974,"Y좌표23":498.203,"Y좌표20":363.393,"X좌표19":510.142,"X좌표18":507.391,"X좌표17":502.577,"X좌표16":501.201,"X좌표15":526.65,"X좌표14":548.66,"X좌표13":551.411,"X좌표12":550.723,"X좌표11":550.035,"Y좌표4":71.0741,"X좌표10":543.157,"Y좌표3":13.2982,"Y좌표2":8.48352,"Y좌표1":12.6104,"Y좌표8":0.917625,"Y좌표7":17.425,"Y좌표29":634.39,"Y좌표6":28.43,"Y좌표5":66.9473,"Y좌표15":216.89,"Y좌표14":211.387,"Y좌표17":247.841,"Y좌표16":216.202,"Y좌표11":88.9572,"Y좌표10":33.9324,"Y좌표13":187.314,"Y좌표12":134.353,"X좌표29":435.171,"X좌표28":464.747,"X좌표27":497.074,"X좌표26":512.894,"X좌표25":515.645,"X좌표24":510.83,"X좌표23":508.767,"X좌표22":513.582,"X좌표21":515.645,"X좌표20":512.206,"Y좌표19":331.066,"Y좌표18":289.11}],"상의":[{}]},"라벨링":{"스타일":[{"스타일":"리조트","서브스타일":"소피스트케이티드"}],"아우터":[{}],"하의":[{}],"원피스":[{"기장":"미디","색상":"베이지","카테고리":"드레스","디테일":["포켓"],"소매기장":"반팔","소재":["우븐"],"프린트":["무지"],"핏":"노멀"}],"상의":[{}]}},"파일 번호":70089,"파일 이름":"Cocojo_059_05.jpg"}}