{"이미지 정보":{"이미지 식별자":72657,"이미지 높이":800,"이미지 파일명":"cope.company_026_55.jpg","이미지 너비":800},"데이터셋 정보":{"파일 생성일자":"2020-08-10 05:18:21","데이터셋 상세설명":{"렉트좌표":{"아우터":[{}],"하의":[{"X좌표":264.316,"Y좌표":335.267,"가로":182,"세로":371}],"원피스":[{}],"상의":[{"X좌표":211.353,"Y좌표":7.49444,"가로":340,"세로":411}]},"폴리곤좌표":{"아우터":[{}],"하의":[{"X좌표33":275.808,"X좌표32":290.798,"X좌표31":327.772,"X좌표30":369.743,"X좌표8":291.797,"X좌표9":311.783,"Y좌표33":372.741,"Y좌표32":343.761,"Y좌표31":335.767,"Y좌표30":345.76,"X좌표2":279.806,"X좌표3":284.802,"X좌표1":279.806,"X좌표6":264.816,"X좌표7":267.814,"X좌표4":281.804,"X좌표5":272.81,"Y좌표26":515.642,"Y좌표25":576.599,"Y좌표28":373.74,"Y좌표9":704.51,"Y좌표27":453.685,"Y좌표22":694.517,"Y좌표21":666.537,"Y좌표24":655.544,"Y좌표23":695.517,"Y좌표20":646.551,"X좌표19":363.747,"X좌표18":366.745,"X좌표17":366.745,"X좌표16":362.748,"X좌표15":355.753,"X좌표14":353.754,"X좌표13":355.753,"X좌표12":362.748,"X좌표11":349.757,"Y좌표4":569.604,"X좌표10":335.767,"Y좌표3":517.64,"Y좌표2":443.692,"Y좌표1":381.735,"Y좌표8":681.526,"Y좌표7":653.546,"Y좌표29":340.763,"Y좌표6":634.559,"Y좌표5":605.579,"Y좌표15":442.692,"Y좌표14":491.658,"Y좌표17":459.681,"Y좌표16":408.716,"Y좌표11":677.529,"Y좌표10":707.508,"Y좌표13":549.618,"Y좌표12":627.564,"X좌표29":447.689,"X좌표28":432.699,"X좌표27":442.692,"X좌표26":433.699,"X좌표25":445.69,"X좌표24":441.693,"X좌표23":436.697,"X좌표22":384.733,"X좌표21":359.75,"X좌표20":364.747,"Y좌표19":575.6,"Y좌표18":517.64}],"원피스":[{}],"상의":[{"X좌표35":315.781,"X좌표34":322.776,"X좌표33":342.762,"X좌표32":382.734,"X좌표31":396.724,"X좌표30":435.697,"X좌표8":211.853,"X좌표9":215.85,"Y좌표33":22.984,"Y좌표32":41.9708,"Y좌표35":7.99444,"Y좌표34":10.9924,"Y좌표31":22.984,"Y좌표30":27.9806,"X좌표2":265.815,"X좌표3":250.826,"X좌표1":311.783,"X좌표6":228.841,"X좌표7":222.845,"X좌표4":237.835,"X좌표5":237.835,"Y좌표26":219.847,"Y좌표25":257.821,"Y좌표28":128.91,"Y좌표9":329.771,"Y좌표27":186.87,"Y좌표22":235.836,"Y좌표21":267.814,"Y좌표24":301.79,"Y좌표23":274.809,"Y좌표20":301.79,"X좌표19":461.679,"X좌표18":456.683,"X좌표17":438.695,"X좌표16":407.717,"X좌표15":355.753,"X좌표14":293.796,"X좌표13":270.812,"X좌표12":261.818,"X좌표11":273.81,"Y좌표4":112.922,"X좌표10":249.826,"Y좌표3":64.9549,"Y좌표2":33.9764,"Y좌표1":11.9917,"Y좌표8":290.798,"Y좌표7":249.826,"Y좌표29":66.9535,"Y좌표6":201.86,"Y좌표5":153.893,"Y좌표15":419.708,"Y좌표14":418.709,"Y좌표17":400.722,"Y좌표16":405.718,"Y좌표11":337.765,"Y좌표10":343.761,"Y좌표13":397.724,"Y좌표12":361.749,"X좌표29":449.688,"X좌표28":477.668,"X좌표27":491.658,"X좌표26":519.639,"X좌표25":552.616,"X좌표24":501.651,"X좌표23":473.671,"X좌표22":452.685,"X좌표21":448.688,"X좌표20":452.685,"Y좌표19":345.76,"Y좌표18":395.725}]},"라벨링":{"스타일":[{"스타일":"리조트"}],"아우터":[{}],"하의":[{"기장":"발목","색상":"스카이블루","카테고리":"팬츠","소재":["저지"],"프린트":["무지"],"핏":"와이드"}],"원피스":[{}],"상의":[{"기장":"롱","색상":"스카이블루","카테고리":"탑","디테일":["드롭숄더"],"소매기장":"긴팔","소재":["저지"],"프린트":["무지"],"넥라인":"라운드넥","핏":"루즈"}]}},"파일 번호":72657,"파일 이름":"cope.company_026_55.jpg"}}