{"이미지 정보":{"이미지 식별자":1029101,"이미지 높이":1049,"이미지 파일명":"jk1546k91-jk1546k91-s_1.jpg","이미지 너비":800},"데이터셋 정보":{"파일 생성일자":"2020-11-11 14:18:30","데이터셋 상세설명":{"렉트좌표":{"아우터":[{"X좌표":5.14068,"Y좌표":23.5335,"가로":758,"세로":868}],"하의":[{"X좌표":224.143,"Y좌표":460.433,"가로":411,"세로":495}],"원피스":[{}],"상의":[{}]},"폴리곤좌표":{"아우터":[{"X좌표39":460.645,"X좌표38":479.645,"X좌표37":526.646,"X좌표36":524.646,"X좌표35":379.644,"X좌표34":364.644,"X좌표33":368.644,"X좌표32":376.644,"X좌표31":376.644,"X좌표30":368.644,"X좌표49":754.648,"X좌표48":763.648,"X좌표47":716.648,"X좌표46":641.647,"X좌표45":646.647,"X좌표44":634.647,"X좌표43":581.646,"X좌표42":458.645,"X좌표41":457.645,"X좌표40":446.645,"Y좌표26":853.842,"Y좌표25":857.841,"Y좌표28":737.869,"Y좌표27":850.843,"Y좌표22":820.849,"Y좌표21":701.877,"Y좌표24":859.841,"Y좌표23":839.845,"Y좌표20":559.91,"Y좌표29":581.905,"Y좌표15":277.975,"Y좌표14":193.994,"Y좌표17":419.942,"Y좌표16":353.957,"Y좌표11":66.0238,"Y좌표10":27.0328,"Y좌표13":131.009,"Y좌표12":95.0171,"Y좌표19":529.917,"Y좌표18":466.931,"Y좌표48":844.844,"Y좌표47":845.844,"Y좌표49":595.901,"Y좌표44":892.833,"Y좌표43":874.837,"Y좌표46":835.846,"Y좌표45":892.833,"Y좌표40":581.905,"Y좌표42":872.837,"Y좌표41":827.848,"Y좌표37":104.015,"Y좌표36":60.0252,"X좌표8":545.646,"Y좌표39":407.945,"X좌표9":497.645,"Y좌표38":245.982,"Y좌표33":178.998,"Y좌표32":325.964,"Y좌표35":63.0245,"Y좌표34":123.011,"Y좌표31":407.945,"Y좌표30":473.93,"X좌표2":749.648,"X좌표3":733.648,"X좌표1":754.648,"X좌표6":674.647,"X좌표7":593.646,"X좌표4":725.648,"X좌표5":709.648,"Y좌표9":24.0335,"X좌표19":104.642,"X좌표18":20.6408,"X좌표17":5.64068,"X좌표16":11.6407,"X좌표15":70.6413,"X좌표14":134.642,"X좌표13":178.642,"X좌표12":227.643,"X좌표11":308.644,"Y좌표4":185.996,"X좌표10":371.644,"Y좌표3":247.982,"Y좌표2":332.962,"Y좌표1":595.901,"Y좌표8":26.0331,"Y좌표7":53.0268,"Y좌표6":93.0176,"Y좌표5":122.011,"X좌표29":374.644,"X좌표28":389.644,"X좌표27":394.644,"X좌표26":374.644,"X좌표25":305.644,"X좌표24":232.643,"X좌표23":182.642,"X좌표22":155.642,"X좌표21":161.642,"X좌표20":164.642}],"하의":[{"Y좌표9":955.818,"X좌표19":473.645,"X좌표18":467.645,"X좌표17":485.645,"X좌표16":580.646,"X좌표15":629.647,"X좌표14":635.647,"X좌표13":628.647,"X좌표12":589.646,"X좌표11":523.646,"Y좌표4":823.849,"X좌표10":445.645,"Y좌표3":542.914,"Y좌표2":466.931,"Y좌표1":460.933,"Y좌표8":947.82,"Y좌표7":928.825,"Y좌표6":889.834,"Y좌표5":829.847,"Y좌표15":866.839,"Y좌표14":902.831,"X좌표8":281.643,"Y좌표17":853.842,"X좌표9":364.644,"Y좌표16":853.842,"Y좌표11":956.818,"Y좌표10":956.818,"Y좌표13":929.824,"Y좌표12":956.818,"X좌표2":353.644,"X좌표3":344.644,"X좌표1":475.645,"X좌표6":235.643,"Y좌표19":473.93,"X좌표7":224.643,"Y좌표18":560.91,"X좌표4":371.644,"X좌표5":233.643}],"원피스":[{}],"상의":[{}]},"라벨링":{"스타일":[{"스타일":"레트로"}],"아우터":[{"기장":"하프","색상":"브라운","서브색상":"화이트","카테고리":"재킷","옷깃":"테일러드칼라","디테일":["단추","포켓"],"소매기장":"긴팔","소재":["우븐"],"프린트":["체크"],"핏":"루즈"}],"하의":[{"기장":"미니","색상":"브라운","서브색상":"화이트","카테고리":"스커트","소재":["우븐"],"프린트":["체크"],"핏":"스키니"}],"원피스":[{}],"상의":[{}]}},"파일 번호":1029101,"파일 이름":"jk1546k91-jk1546k91-s_1.jpg"}}