{"이미지 정보":{"이미지 식별자":1124275,"이미지 높이":1049,"이미지 파일명":"bl2239k93-bl2239k93-s_9.jpg","이미지 너비":800},"데이터셋 정보":{"파일 생성일자":"2020-11-13 17:12:18","데이터셋 상세설명":{"렉트좌표":{"아우터":[{}],"하의":[{"X좌표":188.335,"Y좌표":584.805,"가로":401,"세로":461}],"원피스":[{}],"상의":[{"X좌표":84.4295,"Y좌표":7.52929,"가로":616,"세로":714}]},"폴리곤좌표":{"아우터":[{}],"하의":[{"Y좌표9":1042.15,"Y좌표21":597.304,"Y좌표20":607.303,"X좌표19":297.735,"X좌표18":372.667,"X좌표17":463.584,"X좌표16":534.519,"X좌표15":583.475,"X좌표14":590.468,"X좌표13":583.475,"X좌표12":569.487,"X좌표11":546.508,"Y좌표4":1042.15,"X좌표10":518.534,"Y좌표3":896.941,"Y좌표2":745.956,"Y좌표1":602.97,"Y좌표8":956.157,"Y좌표7":832.17,"Y좌표6":910.162,"Y좌표5":1042.15,"Y좌표15":609.303,"Y좌표14":702.294,"X좌표8":386.654,"Y좌표17":600.304,"X좌표9":376.663,"Y좌표16":585.305,"Y좌표11":928.16,"Y좌표10":1047.15,"Y좌표13":745.178,"Y좌표12":812.172,"X좌표2":188.835,"X좌표21":210.815,"X좌표3":189.834,"X좌표20":238.789,"X좌표1":211.814,"X좌표6":366.672,"Y좌표19":616.302,"X좌표7":383.657,"Y좌표18":613.302,"X좌표4":212.813,"X좌표5":355.682}],"원피스":[{}],"상의":[{"Y좌표48":17.0284,"Y좌표47":36.0265,"Y좌표44":130.017,"Y좌표43":148.015,"Y좌표46":71.023,"Y좌표45":101.02,"Y좌표40":79.0222,"Y좌표42":124.018,"Y좌표41":103.02,"X좌표39":429.615,"X좌표38":460.587,"X좌표37":486.563,"X좌표36":515.537,"X좌표35":607.453,"X좌표34":649.414,"X좌표33":672.394,"X좌표32":701.367,"X좌표31":695.373,"X좌표30":678.388,"Y좌표37":8.02929,"Y좌표36":43.0258,"X좌표8":103.912,"Y좌표39":59.0242,"X좌표9":131.887,"Y좌표38":31.027,"Y좌표33":334.886,"Y좌표32":414.878,"Y좌표35":87.0214,"Y좌표34":134.017,"Y좌표31":459.873,"Y좌표30":530.866,"X좌표48":330.705,"X좌표47":336.7,"X좌표46":371.668,"X좌표45":364.674,"X좌표44":361.677,"X좌표2":316.718,"X좌표43":392.649,"X좌표3":180.842,"X좌표42":395.646,"X좌표41":399.642,"X좌표1":325.71,"X좌표40":413.63,"X좌표6":121.896,"X좌표7":84.9295,"X좌표4":168.853,"X좌표5":134.884,"Y좌표26":665.853,"Y좌표25":707.849,"Y좌표28":654.854,"Y좌표9":674.852,"Y좌표27":658.854,"Y좌표22":674.852,"Y좌표21":646.855,"Y좌표24":722.847,"Y좌표23":704.849,"Y좌표20":621.857,"X좌표19":493.557,"X좌표18":469.579,"X좌표17":414.629,"X좌표16":369.67,"X좌표15":276.754,"X좌표14":248.78,"X좌표13":220.806,"X좌표12":203.821,"X좌표11":192.831,"Y좌표4":128.017,"X좌표10":157.863,"Y좌표3":100.02,"Y좌표2":35.0266,"Y좌표1":13.0288,"Y좌표8":659.853,"Y좌표7":639.855,"Y좌표29":572.862,"Y좌표6":596.86,"Y좌표5":471.983,"Y좌표15":638.856,"Y좌표14":635.856,"Y좌표17":624.857,"Y좌표16":625.857,"Y좌표11":708.849,"Y좌표10":681.851,"Y좌표13":642.855,"Y좌표12":671.852,"X좌표29":655.409,"X좌표28":662.403,"X좌표27":632.43,"X좌표26":614.446,"X좌표25":615.445,"X좌표24":596.463,"X좌표23":581.477,"X좌표22":566.49,"X좌표21":543.511,"X좌표20":517.535,"Y좌표19":600.859,"Y좌표18":608.859}]},"라벨링":{"스타일":[{"스타일":"레트로"}],"아우터":[{}],"하의":[{"색상":"블랙"}],"원피스":[{}],"상의":[{"기장":"노멀","색상":"화이트","서브색상":"블랙","카테고리":"셔츠","옷깃":"차이나칼라","디테일":["프릴"],"소매기장":"7부소매","소재":["우븐"],"프린트":["도트"],"핏":"노멀"}]}},"파일 번호":1124275,"파일 이름":"bl2239k93-bl2239k93-s_9.jpg"}}