{"이미지 정보":{"이미지 식별자":15119,"이미지 높이":800,"이미지 파일명":"Lounge-Vera_170_05.jpg","이미지 너비":800},"데이터셋 정보":{"파일 생성일자":"2020-08-06 05:57:28","데이터셋 상세설명":{"렉트좌표":{"아우터":[{}],"하의":[{}],"원피스":[{"X좌표":342.278,"Y좌표":14.1667,"가로":250,"세로":717}],"상의":[{"X좌표":333.278,"Y좌표":-1.83334,"가로":214,"세로":340}]},"폴리곤좌표":{"아우터":[{}],"하의":[{}],"원피스":[{"X좌표32":343.778,"X좌표31":355.778,"X좌표30":369.778,"X좌표8":522.778,"X좌표9":511.778,"Y좌표32":38.0,"Y좌표31":66.0,"Y좌표30":122.0,"X좌표2":393.778,"X좌표3":410.778,"X좌표1":342.778,"X좌표6":496.778,"X좌표7":541.778,"X좌표4":454.778,"X좌표5":468.778,"Y좌표26":376.222,"Y좌표25":667.222,"Y좌표28":198.0,"Y좌표9":54.6667,"Y좌표27":256.0,"Y좌표22":683.222,"Y좌표21":670.222,"Y좌표24":690.222,"Y좌표23":693.222,"Y좌표20":432.222,"X좌표19":485.778,"X좌표18":509.778,"X좌표17":538.778,"X좌표16":592.778,"X좌표15":566.778,"X좌표14":557.778,"X좌표13":536.778,"X좌표12":517.778,"X좌표11":497.778,"Y좌표4":70.6667,"X좌표10":497.778,"Y좌표3":76.6667,"Y좌표2":26.6667,"Y좌표1":34.6667,"Y좌표8":32.6667,"Y좌표7":22.6667,"Y좌표29":180.0,"Y좌표6":14.6667,"Y좌표5":34.6667,"Y좌표15":504.222,"Y좌표14":388.667,"Y좌표17":732.222,"Y좌표16":718.222,"Y좌표11":177.667,"Y좌표10":112.667,"Y좌표13":263.667,"Y좌표12":182.667,"X좌표29":397.778,"X좌표28":390.778,"X좌표27":361.778,"X좌표26":360.778,"X좌표25":374.778,"X좌표24":393.778,"X좌표23":429.778,"X좌표22":458.778,"X좌표21":471.778,"X좌표20":453.778,"Y좌표19":712.222,"Y좌표18":727.222}],"상의":[{"X좌표8":500.778,"X좌표9":482.778,"X좌표2":470.778,"X좌표3":477.778,"X좌표1":396.778,"X좌표6":547.778,"X좌표7":541.778,"X좌표4":514.778,"X좌표5":541.778,"Y좌표26":25.6667,"Y좌표25":29.6667,"Y좌표28":4.66666,"Y좌표9":328.667,"Y좌표27":23.6667,"Y좌표22":184.667,"Y좌표21":220.667,"Y좌표24":46.6667,"Y좌표23":88.6667,"Y좌표20":283.667,"X좌표19":382.778,"X좌표18":387.778,"X좌표17":444.778,"X좌표16":416.778,"X좌표15":406.778,"X좌표14":403.778,"X좌표13":492.778,"X좌표12":472.778,"X좌표11":453.778,"Y좌표4":16.6667,"X좌표10":434.778,"Y좌표3":15.6667,"Y좌표2":-0.333336,"Y좌표1":-1.33334,"Y좌표8":280.667,"Y좌표7":197.667,"Y좌표29":3.66666,"Y좌표6":125.667,"Y좌표5":27.6667,"Y좌표15":237.667,"Y좌표14":183.667,"Y좌표17":314.667,"Y좌표16":279.667,"Y좌표11":269.667,"Y좌표10":305.667,"Y좌표13":188.667,"Y좌표12":230.667,"X좌표29":395.778,"X좌표28":399.778,"X좌표27":397.778,"X좌표26":381.778,"X좌표25":348.778,"X좌표24":333.778,"X좌표23":342.778,"X좌표22":353.778,"X좌표21":359.778,"X좌표20":376.778,"Y좌표19":313.667,"Y좌표18":338.667}]},"라벨링":{"스타일":[{"스타일":"레트로"}],"아우터":[{}],"하의":[{}],"원피스":[{"기장":"맥시","색상":"브라운","카테고리":"점프수트","디테일":["단추","포켓"],"소매기장":"민소매","소재":["우븐"],"프린트":["무지"],"넥라인":"스퀘어넥","핏":"노멀"}],"상의":[{"색상":"화이트","소매기장":"긴팔"}]}},"파일 번호":15119,"파일 이름":"Lounge-Vera_170_05.jpg"}}