{"이미지 정보":{"이미지 식별자":278036,"이미지 높이":800,"이미지 파일명":"MUN_965_04.jpg","이미지 너비":800},"데이터셋 정보":{"파일 생성일자":"2020-09-09 02:30:35","데이터셋 상세설명":{"렉트좌표":{"아우터":[{}],"하의":[{}],"원피스":[{"X좌표":261.319,"Y좌표":6.42249,"가로":285,"세로":681}],"상의":[{}]},"폴리곤좌표":{"아우터":[{}],"하의":[{}],"원피스":[{"X좌표8":517.224,"X좌표9":497.224,"X좌표2":466.419,"X좌표3":522.856,"X좌표1":374.349,"X좌표6":515.73,"X좌표7":543.546,"X좌표4":545.73,"X좌표5":547.339,"Y좌표25":9.33659,"Y좌표9":663.557,"Y좌표22":128.777,"Y좌표21":216.144,"Y좌표24":17.7285,"Y좌표23":48.422,"Y좌표20":326.043,"X좌표19":274.923,"X좌표18":281.13,"X좌표17":306.647,"X좌표16":295.842,"X좌표15":308.371,"X좌표14":325.268,"X좌표13":369.636,"X좌표12":397.683,"X좌표11":442.166,"Y좌표4":152.458,"X좌표10":465.959,"Y좌표3":43.2489,"Y좌표2":11.6357,"Y좌표1":6.92249,"Y좌표8":636.542,"Y좌표7":618.723,"Y좌표6":369.037,"Y좌표5":347.885,"Y좌표15":653.9,"Y좌표14":688.617,"Y좌표17":385.591,"Y좌표16":527.333,"Y좌표11":686.893,"Y좌표10":656.314,"Y좌표13":679.651,"Y좌표12":675.742,"X좌표25":373.774,"X좌표24":337.567,"X좌표23":307.682,"X좌표22":291.36,"X좌표21":279.406,"X좌표20":261.819,"Y좌표19":346.505,"Y좌표18":378.233}],"상의":[{}]},"라벨링":{"스타일":[{"스타일":"레트로","서브스타일":"페미닌"}],"아우터":[{}],"하의":[{}],"원피스":[{"기장":"미디","색상":"블랙","서브색상":"베이지","카테고리":"드레스","옷깃":"차이나칼라","디테일":["스트링","플레어"],"소매기장":"긴팔","소재":["시폰"],"프린트":["플로럴","도트"],"핏":"노멀"}],"상의":[{}]}},"파일 번호":278036,"파일 이름":"MUN_965_04.jpg"}}