{"이미지 정보":{"이미지 식별자":304,"이미지 높이":800,"이미지 파일명":"Thenew_033_01.jpg","이미지 너비":800},"데이터셋 정보":{"파일 생성일자":"2020-08-03 01:53:54","데이터셋 상세설명":{"렉트좌표":{"아우터":[{}],"하의":[{}],"원피스":[{"X좌표":191.503,"Y좌표":0.502609,"가로":423,"세로":794}],"상의":[{}]},"폴리곤좌표":{"아우터":[{}],"하의":[{}],"원피스":[{"Y좌표87":1.00261,"Y좌표84":18.0026,"Y좌표83":31.0026,"Y좌표86":2.00261,"Y좌표85":5.00261,"Y좌표80":169.003,"Y좌표82":42.0026,"Y좌표81":62.0026,"X좌표39":567.003,"X좌표38":587.003,"X좌표37":581.003,"X좌표36":566.003,"X좌표35":546.003,"X좌표34":539.003,"X좌표33":516.003,"X좌표32":491.003,"X좌표31":478.003,"X좌표30":466.003,"Y좌표77":241.003,"Y좌표76":255.003,"Y좌표79":211.003,"Y좌표78":231.003,"Y좌표73":287.003,"Y좌표72":302.003,"Y좌표75":272.003,"Y좌표74":278.003,"Y좌표71":313.003,"Y좌표70":332.003,"X좌표49":403.003,"X좌표48":416.003,"X좌표47":450.003,"X좌표46":450.003,"X좌표45":465.003,"X좌표44":473.003,"X좌표43":508.003,"X좌표42":511.003,"X좌표41":537.003,"X좌표40":550.003,"Y좌표26":273.003,"Y좌표25":241.003,"Y좌표28":332.003,"Y좌표27":314.003,"Y좌표22":270.003,"Y좌표21":287.003,"Y좌표24":227.003,"Y좌표23":249.003,"Y좌표20":283.003,"X좌표59":192.003,"X좌표58":198.003,"X좌표57":231.003,"X좌표56":252.003,"X좌표55":273.003,"X좌표54":296.003,"X좌표53":317.003,"X좌표52":341.003,"X좌표51":366.003,"X좌표50":389.003,"Y좌표29":336.003,"Y좌표15":218.003,"Y좌표14":199.003,"Y좌표17":237.003,"Y좌표16":234.003,"Y좌표11":135.003,"Y좌표10":89.0026,"Y좌표13":156.003,"Y좌표12":146.003,"X좌표69":211.003,"X좌표68":206.003,"X좌표67":198.003,"X좌표66":209.003,"X좌표65":241.003,"X좌표64":251.003,"X좌표63":241.003,"X좌표62":235.003,"Y좌표19":269.003,"X좌표61":225.003,"Y좌표18":242.003,"X좌표60":211.003,"Y좌표48":794.003,"Y좌표47":791.003,"Y좌표49":777.003,"Y좌표44":796.003,"Y좌표43":793.003,"Y좌표46":777.003,"Y좌표45":782.003,"Y좌표40":788.003,"Y좌표42":783.003,"Y좌표41":785.003,"X좌표79":239.003,"X좌표78":236.003,"X좌표77":232.003,"X좌표76":232.003,"X좌표75":236.003,"X좌표74":228.003,"X좌표73":219.003,"X좌표72":218.003,"X좌표71":227.003,"X좌표70":222.003,"Y좌표37":746.003,"Y좌표36":675.003,"X좌표8":531.003,"Y좌표39":788.003,"X좌표9":535.003,"Y좌표38":781.003,"Y좌표33":452.003,"Y좌표32":370.003,"Y좌표35":591.003,"Y좌표34":546.003,"Y좌표31":322.003,"Y좌표30":327.003,"X좌표2":356.003,"X좌표87":338.003,"X좌표3":369.003,"X좌표86":321.003,"X좌표85":309.003,"X좌표1":336.003,"X좌표84":290.003,"X좌표6":501.003,"X좌표83":274.003,"X좌표7":521.003,"X좌표82":246.003,"X좌표4":376.003,"X좌표81":236.003,"X좌표5":471.003,"X좌표80":239.003,"Y좌표69":346.003,"Y좌표9":39.0026,"Y좌표66":387.003,"Y좌표65":397.003,"Y좌표68":360.003,"Y좌표67":374.003,"Y좌표62":576.003,"Y좌표61":636.003,"Y좌표64":398.003,"Y좌표63":476.003,"Y좌표60":707.003,"X좌표19":543.003,"X좌표18":549.003,"X좌표17":556.003,"X좌표16":584.003,"X좌표15":605.003,"X좌표14":616.003,"X좌표13":607.003,"X좌표12":594.003,"X좌표11":583.003,"Y좌표4":2.00261,"X좌표10":561.003,"Y좌표3":6.00261,"Y좌표2":6.00261,"Y좌표1":2.00261,"Y좌표8":24.0026,"Y좌표7":15.0026,"Y좌표6":6.00261,"Y좌표5":1.00261,"Y좌표59":755.003,"Y좌표58":761.003,"Y좌표55":790.003,"Y좌표54":795.003,"Y좌표57":767.003,"Y좌표56":777.003,"Y좌표51":770.003,"Y좌표50":772.003,"Y좌표53":786.003,"Y좌표52":776.003,"X좌표29":445.003,"X좌표28":426.003,"X좌표27":414.003,"X좌표26":433.003,"X좌표25":458.003,"X좌표24":471.003,"X좌표23":486.003,"X좌표22":502.003,"X좌표21":516.003,"X좌표20":533.003}],"상의":[{}]},"라벨링":{"스타일":[{"스타일":"레트로","서브스타일":"히피"}],"아우터":[{}],"하의":[{}],"원피스":[{"기장":"미디","색상":"화이트","서브색상":"그린","카테고리":"드레스","옷깃":"밴드칼라","디테일":["페플럼","셔링","컷아웃"],"소매기장":"긴팔","소재":["시폰"],"프린트":["플로럴"],"핏":"노멀"}],"상의":[{}]}},"파일 번호":304,"파일 이름":"Thenew_033_01.jpg"}}