{"이미지 정보":{"이미지 식별자":338,"이미지 높이":800,"이미지 파일명":"Thenew_050_01.jpg","이미지 너비":800},"데이터셋 정보":{"파일 생성일자":"2020-08-03 01:54:06","데이터셋 상세설명":{"렉트좌표":{"아우터":[{}],"하의":[{}],"원피스":[{"X좌표":96.5026,"Y좌표":0.502609,"가로":314,"세로":643}],"상의":[{}]},"폴리곤좌표":{"아우터":[{}],"하의":[{}],"원피스":[{"Y좌표40":5.00261,"X좌표39":264.003,"X좌표38":283.003,"X좌표37":309.003,"X좌표36":348.003,"X좌표35":360.003,"X좌표34":370.003,"X좌표33":391.003,"X좌표32":390.003,"X좌표31":373.003,"X좌표30":381.003,"Y좌표37":6.00261,"Y좌표36":21.0026,"X좌표8":97.0026,"Y좌표39":1.00261,"X좌표9":132.003,"Y좌표38":1.00261,"Y좌표33":256.003,"Y좌표32":286.003,"Y좌표35":51.0026,"Y좌표34":164.003,"Y좌표31":297.003,"Y좌표30":329.003,"X좌표2":207.003,"X좌표3":154.003,"X좌표1":241.003,"X좌표40":244.003,"X좌표6":106.003,"X좌표7":111.003,"X좌표4":145.003,"X좌표5":111.003,"Y좌표26":427.003,"Y좌표25":459.003,"Y좌표28":350.003,"Y좌표9":321.003,"Y좌표27":384.003,"Y좌표22":571.003,"Y좌표21":581.003,"Y좌표24":510.003,"Y좌표23":542.003,"Y좌표20":596.003,"X좌표19":385.003,"X좌표18":342.003,"X좌표17":291.003,"X좌표16":209.003,"X좌표15":160.003,"X좌표14":108.003,"X좌표13":114.003,"X좌표12":113.003,"X좌표11":127.003,"Y좌표4":37.0026,"X좌표10":127.003,"Y좌표3":23.0026,"Y좌표2":1.00261,"Y좌표1":3.00261,"Y좌표8":310.003,"Y좌표7":280.003,"Y좌표29":336.003,"Y좌표6":260.003,"Y좌표5":217.003,"Y좌표15":637.003,"Y좌표14":636.003,"Y좌표17":644.003,"Y좌표16":645.003,"Y좌표11":451.003,"Y좌표10":382.003,"Y좌표13":565.003,"Y좌표12":509.003,"X좌표29":335.003,"X좌표28":330.003,"X좌표27":337.003,"X좌표26":341.003,"X좌표25":371.003,"X좌표24":382.003,"X좌표23":404.003,"X좌표22":412.003,"X좌표21":382.003,"X좌표20":388.003,"Y좌표19":612.003,"Y좌표18":625.003}],"상의":[{}]},"라벨링":{"스타일":[{"스타일":"레트로","서브스타일":"로맨틱"}],"아우터":[{}],"하의":[{}],"원피스":[{"기장":"미디","색상":"핑크","서브색상":"와인","카테고리":"드레스","디테일":["띠","퍼프","셔링"],"소매기장":"긴팔","소재":["시폰"],"프린트":["믹스","도트"],"넥라인":"라운드넥","핏":"노멀"}],"상의":[{}]}},"파일 번호":338,"파일 이름":"Thenew_050_01.jpg"}}