{"이미지 정보":{"이미지 식별자":342,"이미지 높이":800,"이미지 파일명":"Thenew_052_01.jpg","이미지 너비":800},"데이터셋 정보":{"파일 생성일자":"2020-08-03 01:54:07","데이터셋 상세설명":{"렉트좌표":{"아우터":[{}],"하의":[{}],"원피스":[{"X좌표":228.503,"Y좌표":0.502609,"가로":392,"세로":650}],"상의":[{}]},"폴리곤좌표":{"아우터":[{}],"하의":[{}],"원피스":[{"X좌표39":481.003,"X좌표38":502.003,"X좌표37":527.003,"X좌표36":558.003,"X좌표35":583.003,"X좌표34":599.003,"X좌표33":615.003,"X좌표32":622.003,"X좌표31":621.003,"X좌표30":613.003,"Y좌표77":46.0026,"Y좌표76":55.0026,"Y좌표78":0.0,"Y좌표73":85.0026,"Y좌표72":96.0026,"Y좌표75":61.0026,"Y좌표74":73.0026,"Y좌표71":106.003,"Y좌표70":104.003,"X좌표49":490.003,"X좌표48":498.003,"X좌표47":464.003,"X좌표46":456.003,"X좌표45":450.003,"X좌표44":432.003,"X좌표43":417.003,"X좌표42":406.003,"X좌표41":396.003,"X좌표40":450.003,"Y좌표26":616.003,"Y좌표25":624.003,"Y좌표28":599.003,"Y좌표27":610.003,"Y좌표22":652.003,"Y좌표21":647.003,"Y좌표24":638.003,"Y좌표23":647.003,"Y좌표20":643.003,"X좌표59":349.003,"X좌표58":379.003,"X좌표57":396.003,"X좌표56":406.003,"X좌표55":421.003,"X좌표54":430.003,"X좌표53":437.003,"X좌표52":453.003,"X좌표51":477.003,"X좌표50":487.003,"Y좌표29":583.003,"Y좌표15":499.003,"Y좌표14":467.003,"Y좌표17":568.003,"Y좌표16":528.003,"Y좌표11":361.003,"Y좌표10":329.003,"Y좌표13":448.003,"Y좌표12":400.003,"X좌표69":258.003,"X좌표68":262.003,"X좌표67":274.003,"X좌표66":284.003,"X좌표65":291.003,"X좌표64":294.003,"X좌표63":299.003,"X좌표62":317.003,"Y좌표19":644.003,"X좌표61":328.003,"Y좌표18":604.003,"X좌표60":340.003,"Y좌표48":312.003,"Y좌표47":318.003,"Y좌표49":287.003,"Y좌표44":261.003,"Y좌표43":226.003,"Y좌표46":301.003,"Y좌표45":289.003,"Y좌표40":303.003,"Y좌표42":187.003,"Y좌표41":193.003,"X좌표78":0.0,"X좌표77":244.003,"X좌표76":244.003,"X좌표75":245.003,"X좌표74":245.003,"X좌표73":244.003,"X좌표72":233.003,"X좌표71":241.003,"X좌표70":250.003,"Y좌표37":440.003,"Y좌표36":461.003,"X좌표8":271.003,"Y좌표39":374.003,"X좌표9":272.003,"Y좌표38":425.003,"Y좌표33":524.003,"Y좌표32":540.003,"Y좌표35":486.003,"Y좌표34":502.003,"Y좌표31":553.003,"Y좌표30":570.003,"X좌표2":230.003,"X좌표3":229.003,"X좌표1":245.003,"X좌표6":236.003,"X좌표7":253.003,"X좌표4":231.003,"X좌표5":238.003,"Y좌표69":91.0026,"Y좌표9":315.003,"Y좌표66":55.0026,"Y좌표65":40.0026,"Y좌표68":80.0026,"Y좌표67":70.0026,"Y좌표62":36.0026,"Y좌표61":11.0026,"Y좌표64":55.0026,"Y좌표63":83.0026,"Y좌표60":1.00261,"X좌표19":301.003,"X좌표18":301.003,"X좌표17":297.003,"X좌표16":296.003,"X좌표15":298.003,"X좌표14":300.003,"X좌표13":296.003,"X좌표12":290.003,"X좌표11":281.003,"Y좌표4":119.003,"X좌표10":277.003,"Y좌표3":81.0026,"Y좌표2":51.0026,"Y좌표1":42.0026,"Y좌표8":336.003,"Y좌표7":338.003,"Y좌표6":334.003,"Y좌표5":313.003,"Y좌표59":6.00261,"Y좌표58":11.0026,"Y좌표55":61.0026,"Y좌표54":97.0026,"Y좌표57":14.0026,"Y좌표56":19.0026,"Y좌표51":236.003,"Y좌표50":266.003,"Y좌표53":121.003,"Y좌표52":171.003,"X좌표29":589.003,"X좌표28":555.003,"X좌표27":521.003,"X좌표26":486.003,"X좌표25":454.003,"X좌표24":444.003,"X좌표23":414.003,"X좌표22":388.003,"X좌표21":355.003,"X좌표20":342.003}],"상의":[{}]},"라벨링":{"스타일":[{"스타일":"레트로","서브스타일":"로맨틱"}],"아우터":[{}],"하의":[{}],"원피스":[{"기장":"발목","색상":"브라운","서브색상":"네이비","카테고리":"드레스","디테일":["리본","띠","페플럼"],"소매기장":"민소매","소재":["시폰"],"프린트":["체크"],"넥라인":"브이넥","핏":"노멀"}],"상의":[{}]}},"파일 번호":342,"파일 이름":"Thenew_052_01.jpg"}}