{"이미지 정보":{"이미지 식별자":360175,"이미지 높이":800,"이미지 파일명":"Hacker_717_05.jpg","이미지 너비":800},"데이터셋 정보":{"파일 생성일자":"2020-09-15 01:23:32","데이터셋 상세설명":{"렉트좌표":{"아우터":[{}],"하의":[{}],"원피스":[{}],"상의":[{"X좌표":251.5,"Y좌표":-1.48438,"가로":295,"세로":242}]},"폴리곤좌표":{"아우터":[{}],"하의":[{}],"원피스":[{}],"상의":[{"Y좌표9":232.016,"X좌표15":366.0,"X좌표14":290.0,"X좌표13":252.0,"X좌표12":326.0,"X좌표11":346.0,"Y좌표4":47.0156,"X좌표10":426.0,"Y좌표3":64.0156,"Y좌표2":44.0156,"Y좌표1":3.01562,"Y좌표8":158.016,"Y좌표7":158.016,"Y좌표6":38.0156,"Y좌표5":9.01562,"Y좌표15":-0.984375,"Y좌표14":21.0156,"X좌표8":498.0,"X좌표9":490.0,"Y좌표11":241.016,"Y좌표10":241.016,"Y좌표13":144.016,"Y좌표12":169.016,"X좌표2":390.0,"X좌표3":422.0,"X좌표1":365.0,"X좌표6":511.0,"X좌표7":547.0,"X좌표4":437.0,"X좌표5":443.0}]},"라벨링":{"스타일":[{"스타일":"레트로"}],"아우터":[{}],"하의":[{"기장":"발목","카테고리":"팬츠","디테일":["리본","스트링"],"소재":["우븐"],"프린트":["도트"],"핏":"와이드"}],"원피스":[{}],"상의":[{"색상":"블랙","소매기장":"반팔"}]}},"파일 번호":360175,"파일 이름":"Hacker_717_05.jpg"}}