{"이미지 정보":{"이미지 식별자":476312,"이미지 높이":1066,"이미지 파일명":"u_152635681685188200_1175272022.jpg","이미지 너비":800},"데이터셋 정보":{"파일 생성일자":"2020-09-18 06:43:21","데이터셋 상세설명":{"렉트좌표":{"아우터":[{}],"하의":[{}],"원피스":[{}],"상의":[{"X좌표":0.505544,"Y좌표":30.8275,"가로":776,"세로":883}]},"폴리곤좌표":{"아우터":[{}],"하의":[{}],"원피스":[{}],"상의":[{"X좌표39":1.00554,"X좌표38":61.9208,"X좌표37":117.843,"X좌표36":142.808,"X좌표35":200.728,"X좌표34":197.732,"X좌표33":168.772,"X좌표32":153.793,"X좌표31":125.832,"X좌표30":156.789,"X좌표49":393.46,"X좌표48":353.515,"X좌표47":322.558,"X좌표46":341.532,"X좌표45":346.525,"X좌표44":318.564,"X좌표43":293.599,"X좌표42":117.843,"X좌표41":131.824,"X좌표40":76.9,"Y좌표26":914.968,"Y좌표25":900.973,"Y좌표28":895.975,"Y좌표27":891.977,"Y좌표22":864.988,"Y좌표21":803.013,"Y좌표24":906.971,"Y좌표23":902.973,"Y좌표20":742.26,"X좌표52":510.297,"X좌표51":480.339,"X좌표50":419.424,"Y좌표29":889.978,"Y좌표15":547.34,"Y좌표14":498.804,"Y좌표17":638.302,"Y좌표16":594.32,"Y좌표11":445.825,"Y좌표10":419.836,"Y좌표13":487.808,"Y좌표12":465.817,"Y좌표19":715.271,"Y좌표18":679.286,"Y좌표48":127.288,"Y좌표47":73.3104,"Y좌표49":195.261,"Y좌표44":31.3275,"Y좌표43":45.3218,"Y좌표46":65.3137,"Y좌표45":43.3226,"Y좌표40":220.251,"Y좌표42":99.2998,"Y좌표41":132.286,"Y좌표37":431.165,"Y좌표36":456.154,"X좌표8":719.007,"Y좌표39":362.193,"X좌표9":777.925,"Y좌표38":405.175,"Y좌표33":653.519,"Y좌표32":750.035,"Y좌표35":478.59,"Y좌표34":554.559,"Y좌표31":845.996,"Y좌표30":866.987,"X좌표2":492.322,"X좌표3":518.286,"X좌표1":513.293,"X좌표6":700.033,"X좌표7":690.047,"X좌표4":552.239,"X좌표5":705.026,"Y좌표9":386.849,"X좌표19":619.146,"X좌표18":609.16,"X좌표17":611.157,"X좌표16":606.164,"X좌표15":600.172,"X좌표14":601.171,"X좌표13":658.092,"X좌표12":692.044,"X좌표11":727.994,"Y좌표4":62.9813,"X좌표10":776.926,"Y좌표3":46.9878,"Y좌표2":58.9829,"Y좌표1":75.976,"Y좌표8":245.907,"Y좌표7":173.936,"Y좌표6":151.945,"Y좌표5":76.9756,"Y좌표51":130.287,"Y좌표50":195.261,"Y좌표52":75.3096,"X좌표29":195.735,"X좌표28":240.672,"X좌표27":348.522,"X좌표26":431.407,"X좌표25":493.321,"X좌표24":568.217,"X좌표23":608.161,"X좌표22":639.118,"X좌표21":635.124,"X좌표20":621.143}]},"라벨링":{"스타일":[{"스타일":"레트로","서브스타일":"로맨틱"}],"아우터":[{}],"하의":[{"색상":"블루"}],"원피스":[{}],"상의":[{"기장":"노멀","색상":"레드","서브색상":"화이트","카테고리":"블라우스","디테일":["러플","리본"],"소매기장":"반팔","소재":["우븐"],"프린트":["플로럴","도트"],"넥라인":"브이넥","핏":"루즈"}]}},"파일 번호":476312,"파일 이름":"u_152635681685188200_1175272022.jpg"}}