{"이미지 정보":{"이미지 식별자":521648,"이미지 높이":1049,"이미지 파일명":"pt4961k04-s_9.jpg","이미지 너비":800},"데이터셋 정보":{"파일 생성일자":"2020-10-12 19:41:53","데이터셋 상세설명":{"렉트좌표":{"아우터":[{}],"하의":[{"X좌표":269.326,"Y좌표":231.93,"가로":251,"세로":622}],"원피스":[{}],"상의":[{"X좌표":242.343,"Y좌표":2.53764,"가로":299,"세로":268}]},"폴리곤좌표":{"아우터":[{}],"하의":[{"X좌표8":499.685,"X좌표9":425.73,"X좌표2":386.754,"X좌표3":457.71,"X좌표1":332.787,"X좌표6":521.671,"X좌표7":517.673,"X좌표4":470.702,"X좌표5":488.691,"Y좌표26":341.879,"Y좌표25":391.855,"Y좌표28":248.922,"Y좌표9":854.638,"Y좌표27":289.903,"Y좌표22":689.715,"Y좌표21":823.652,"Y좌표24":491.808,"Y좌표23":596.759,"Y좌표20":824.652,"X좌표19":389.752,"X좌표18":386.754,"X좌표17":398.747,"X좌표16":398.747,"X좌표15":394.749,"X좌표14":389.752,"X좌표13":395.749,"X좌표12":386.754,"X좌표11":392.75,"Y좌표4":241.925,"X좌표10":383.756,"Y좌표3":239.926,"Y좌표2":245.924,"Y좌표1":232.93,"Y좌표8":850.64,"Y좌표7":428.838,"Y좌표29":232.43,"Y좌표6":332.883,"Y좌표5":263.915,"Y좌표15":403.849,"Y좌표14":476.815,"Y좌표17":535.788,"Y좌표16":479.814,"Y좌표11":734.694,"Y좌표10":827.651,"Y좌표13":539.786,"Y좌표12":640.738,"X좌표29":320.795,"X좌표28":299.808,"X좌표27":283.817,"X좌표26":272.824,"X좌표25":269.826,"X좌표24":281.819,"X좌표23":308.802,"X좌표22":325.792,"X좌표21":344.78,"X좌표20":391.751,"Y좌표19":722.7,"Y좌표18":638.739}],"원피스":[{}],"상의":[{"X좌표8":520.672,"X좌표9":526.668,"X좌표2":379.758,"X좌표3":388.753,"X좌표1":373.762,"X좌표6":454.712,"X좌표7":490.69,"X좌표4":403.744,"X좌표5":419.734,"Y좌표26":26.0268,"Y좌표25":33.0236,"Y좌표28":6.03623,"Y좌표9":78.0024,"Y좌표27":12.0334,"Y좌표22":131.977,"Y좌표21":157.965,"Y좌표24":56.0128,"Y좌표23":101.991,"Y좌표20":178.955,"X좌표19":319.795,"X좌표18":319.795,"X좌표17":403.744,"X좌표16":479.697,"X좌표15":479.697,"X좌표14":487.692,"X좌표13":493.688,"X좌표12":508.679,"X좌표11":542.658,"Y좌표4":32.024,"X좌표10":535.662,"Y좌표3":51.0151,"Y좌표2":38.0212,"Y좌표1":8.03529,"Y좌표8":36.0222,"Y좌표7":17.0311,"Y좌표6":5.0367,"Y좌표5":3.03764,"Y좌표15":245.924,"Y좌표14":196.947,"Y좌표17":265.914,"Y좌표16":271.911,"Y좌표11":110.987,"Y좌표10":104.99,"Y좌표13":146.97,"Y좌표12":136.975,"X좌표28":364.768,"X좌표27":353.774,"X좌표26":325.792,"X좌표25":283.817,"X좌표24":265.829,"X좌표23":256.834,"X좌표22":242.843,"X좌표21":304.805,"X좌표20":307.803,"Y좌표19":224.933,"Y좌표18":266.914}]},"라벨링":{"스타일":[{"스타일":"레트로","서브스타일":"스트리트"}],"아우터":[{}],"하의":[{"기장":"발목","색상":"화이트","카테고리":"청바지","디테일":["포켓","버클"],"소재":["데님"],"프린트":["무지"],"핏":"루즈"}],"원피스":[{}],"상의":[{"색상":"오렌지","카테고리":"니트웨어","옷깃":"폴로칼라","디테일":["단추","플리츠"],"소매기장":"반팔","소재":["저지"],"프린트":["무지"],"핏":"타이트"}]}},"파일 번호":521648,"파일 이름":"pt4961k04-s_9.jpg"}}