{"이미지 정보":{"이미지 식별자":615719,"이미지 높이":1066,"이미지 파일명":"159540236939839400_113860790.jpg","이미지 너비":800},"데이터셋 정보":{"파일 생성일자":"2020-10-20 15:47:22","데이터셋 상세설명":{"렉트좌표":{"아우터":[{}],"하의":[{}],"원피스":[{}],"상의":[{"X좌표":7.20312,"Y좌표":2.5,"가로":771,"세로":940}]},"폴리곤좌표":{"아우터":[{}],"하의":[{}],"원피스":[{}],"상의":[{"X좌표39":742.703,"X좌표38":721.703,"X좌표37":718.703,"X좌표36":699.703,"X좌표35":650.703,"X좌표34":656.703,"X좌표33":655.703,"X좌표32":643.703,"X좌표31":626.703,"X좌표30":573.703,"Y좌표73":47.0,"Y좌표72":66.0,"Y좌표75":10.0,"Y좌표74":26.0,"Y좌표71":107.0,"Y좌표70":129.0,"X좌표49":682.703,"X좌표48":693.703,"X좌표47":708.703,"X좌표46":725.703,"X좌표45":736.703,"X좌표44":745.703,"X좌표43":761.703,"X좌표42":766.703,"X좌표41":778.703,"X좌표40":765.703,"Y좌표26":907.0,"Y좌표25":942.0,"Y좌표28":943.0,"Y좌표27":937.0,"Y좌표22":909.0,"Y좌표21":883.0,"Y좌표24":931.0,"Y좌표23":925.0,"Y좌표20":849.0,"X좌표59":481.703,"X좌표58":494.703,"X좌표57":507.703,"X좌표56":523.703,"X좌표55":534.703,"X좌표54":575.703,"X좌표53":604.703,"X좌표52":630.703,"X좌표51":658.703,"X좌표50":673.703,"Y좌표29":940.0,"Y좌표15":703.0,"Y좌표14":676.0,"Y좌표17":730.0,"Y좌표16":752.0,"Y좌표11":541.0,"Y좌표10":449.0,"Y좌표13":644.0,"Y좌표12":622.0,"X좌표69":341.703,"X좌표68":364.703,"X좌표67":383.703,"X좌표66":396.703,"X좌표65":413.703,"X좌표64":430.703,"X좌표63":434.703,"X좌표62":449.703,"Y좌표19":795.0,"X좌표61":472.703,"Y좌표18":765.0,"X좌표60":489.703,"Y좌표48":187.0,"Y좌표47":276.0,"Y좌표49":134.0,"Y좌표44":542.0,"Y좌표43":614.0,"Y좌표46":385.0,"Y좌표45":453.0,"Y좌표40":732.0,"Y좌표42":686.0,"Y좌표41":709.0,"X좌표75":313.703,"X좌표74":298.703,"X좌표73":312.703,"X좌표72":322.703,"X좌표71":315.703,"X좌표70":331.703,"Y좌표37":736.0,"Y좌표36":755.0,"X좌표8":85.7031,"Y좌표39":748.0,"X좌표9":64.7031,"Y좌표38":757.0,"Y좌표33":848.0,"Y좌표32":886.0,"Y좌표35":785.0,"Y좌표34":820.0,"Y좌표31":915.0,"Y좌표30":929.0,"X좌표2":287.703,"X좌표3":257.703,"X좌표1":318.703,"X좌표6":127.703,"X좌표7":110.703,"X좌표4":211.703,"X좌표5":158.703,"Y좌표69":138.0,"Y좌표9":359.0,"Y좌표66":159.0,"Y좌표65":125.0,"Y좌표68":159.0,"Y좌표67":186.0,"Y좌표62":56.0,"Y좌표61":38.0,"Y좌표64":96.0,"Y좌표63":65.0,"Y좌표60":21.0,"X좌표19":111.703,"X좌표18":110.703,"X좌표17":71.7031,"X좌표16":68.7031,"X좌표15":7.70312,"X좌표14":25.7031,"X좌표13":19.7031,"X좌표12":22.7031,"X좌표11":36.7031,"Y좌표4":34.0,"X좌표10":51.7031,"Y좌표3":29.0,"Y좌표2":4.0,"Y좌표1":6.0,"Y좌표8":244.0,"Y좌표7":142.0,"Y좌표6":80.0,"Y좌표5":55.0,"Y좌표59":5.0,"Y좌표58":3.0,"Y좌표55":27.0,"Y좌표54":35.0,"Y좌표57":16.0,"Y좌표56":29.0,"Y좌표51":77.0,"Y좌표50":103.0,"Y좌표53":42.0,"Y좌표52":55.0,"X좌표29":515.703,"X좌표28":453.703,"X좌표27":403.703,"X좌표26":400.703,"X좌표25":391.703,"X좌표24":362.703,"X좌표23":320.703,"X좌표22":236.703,"X좌표21":160.703,"X좌표20":110.703}]},"라벨링":{"스타일":[{"스타일":"레트로","서브스타일":"젠더리스"}],"아우터":[{}],"하의":[{}],"원피스":[{}],"상의":[{"기장":"롱","색상":"베이지","서브색상":"그린","카테고리":"셔츠","옷깃":"밴드칼라","소매기장":"7부소매","소재":["우븐"],"프린트":["체크"],"핏":"루즈"}]}},"파일 번호":615719,"파일 이름":"159540236939839400_113860790.jpg"}}