{"이미지 정보":{"이미지 식별자":70375,"이미지 높이":800,"이미지 파일명":"comes_018_04.jpg","이미지 너비":800},"데이터셋 정보":{"파일 생성일자":"2020-08-10 04:13:51","데이터셋 상세설명":{"렉트좌표":{"아우터":[{}],"하의":[{"X좌표":376.389,"Y좌표":234.389,"가로":212,"세로":498}],"원피스":[{}],"상의":[{"X좌표":339.944,"Y좌표":-4.72221,"가로":265,"세로":375}]},"폴리곤좌표":{"아우터":[{}],"하의":[{"Y좌표9":483.778,"X좌표18":410.667,"X좌표17":583.111,"X좌표16":589.333,"X좌표15":583.111,"X좌표14":568.889,"X좌표13":559.111,"X좌표12":505.778,"X좌표11":486.222,"Y좌표4":629.556,"X좌표10":468.444,"Y좌표3":488.222,"Y좌표2":359.333,"Y좌표1":234.889,"Y좌표8":410.0,"Y좌표7":721.111,"Y좌표6":733.556,"Y좌표5":724.667,"Y좌표15":431.333,"Y좌표14":610.0,"X좌표8":474.667,"Y좌표17":256.222,"X좌표9":482.667,"Y좌표16":299.778,"Y좌표11":722.0,"Y좌표10":702.445,"Y좌표13":721.111,"Y좌표12":710.445,"X좌표2":376.889,"X좌표3":376.889,"X좌표1":398.222,"X좌표6":416.889,"X좌표7":465.778,"Y좌표18":241.111,"X좌표4":383.111,"X좌표5":385.778}],"원피스":[{}],"상의":[{"X좌표8":380.444,"X좌표9":408.889,"X좌표2":433.778,"X좌표3":388.444,"X좌표1":473.778,"X좌표6":398.222,"X좌표7":381.333,"X좌표4":340.444,"X좌표5":361.778,"Y좌표26":5.55556,"Y좌표25":8.22223,"Y좌표9":114.889,"Y좌표22":56.2222,"Y좌표21":95.3333,"Y좌표24":23.3333,"Y좌표23":42.0,"Y좌표20":166.444,"X좌표19":601.778,"X좌표18":606.222,"X좌표17":602.667,"X좌표16":585.778,"X좌표15":579.556,"X좌표14":531.556,"X좌표13":478.222,"X좌표12":431.111,"X좌표11":403.556,"Y좌표4":146.889,"X좌표10":424.0,"Y좌표3":29.5556,"Y좌표2":18.0,"Y좌표1":-4.22221,"Y좌표8":152.222,"Y좌표7":197.556,"Y좌표6":232.222,"Y좌표5":261.556,"Y좌표15":298.889,"Y좌표14":276.667,"Y좌표17":370.889,"Y좌표16":370.0,"Y좌표11":223.333,"Y좌표10":164.667,"Y좌표13":262.444,"Y좌표12":253.556,"X좌표26":485.333,"X좌표25":533.333,"X좌표24":531.556,"X좌표23":550.222,"X좌표22":587.556,"X좌표21":601.778,"X좌표20":597.333,"Y좌표19":234.0,"Y좌표18":305.111}]},"라벨링":{"스타일":[{"스타일":"레트로","서브스타일":"스트리트"}],"아우터":[{}],"하의":[{"기장":"발목","색상":"브라운","서브색상":"베이지","카테고리":"팬츠","소재":["우븐"],"프린트":["체크"],"핏":"와이드"}],"원피스":[{}],"상의":[{"기장":"노멀","색상":"베이지","카테고리":"니트웨어","소매기장":"긴팔","소재":["스판덱스"],"프린트":["무지"],"넥라인":"터틀넥","핏":"타이트"}]}},"파일 번호":70375,"파일 이름":"comes_018_04.jpg"}}