{"이미지 정보":{"이미지 식별자":920572,"이미지 높이":800,"이미지 파일명":"20190704(중국,샘플)-jk1700k97(4)-마루(샘플,왕단추자켓)0704얼굴컷-메인-레드오렌지-IMG_4604.JPG","이미지 너비":800},"데이터셋 정보":{"파일 생성일자":"2020-11-06 15:45:22","데이터셋 상세설명":{"렉트좌표":{"아우터":[{}],"하의":[{}],"원피스":[{}],"상의":[{"X좌표":142.375,"Y좌표":-1.48438,"가로":596,"세로":753}]},"폴리곤좌표":{"아우터":[{}],"하의":[{}],"원피스":[{}],"상의":[{"Y좌표9":589.016,"X좌표15":397.875,"X좌표14":567.875,"X좌표13":612.875,"X좌표12":739.875,"X좌표11":728.875,"Y좌표4":428.016,"X좌표10":664.875,"Y좌표3":106.016,"Y좌표2":33.0156,"Y좌표1":-0.984375,"Y좌표8":683.016,"Y좌표7":753.016,"Y좌표6":706.016,"Y좌표5":489.016,"Y좌표15":2.01562,"Y좌표14":1.01562,"X좌표8":642.875,"X좌표9":694.875,"Y좌표11":382.016,"Y좌표10":419.016,"Y좌표13":26.0156,"Y좌표12":124.016,"X좌표2":383.875,"X좌표3":243.875,"X좌표1":396.875,"X좌표6":272.875,"X좌표7":492.875,"X좌표4":142.875,"X좌표5":271.875}]},"라벨링":{"스타일":[{"스타일":"레트로","서브스타일":"스트리트"}],"아우터":[{}],"하의":[{}],"원피스":[{}],"상의":[{"기장":"노멀","색상":"레드","카테고리":"셔츠","옷깃":"테일러드칼라","디테일":["단추"],"소매기장":"반팔","소재":["우븐"],"프린트":["무지"],"넥라인":"브이넥","핏":"노멀"}]}},"파일 번호":920572,"파일 이름":"20190704(중국,샘플)-jk1700k97(4)-마루(샘플,왕단추자켓)0704얼굴컷-메인-레드오렌지-IMG_4604.JPG"}}