{"이미지 정보":{"이미지 식별자":976976,"이미지 높이":1049,"이미지 파일명":"6sk1938-1 (2519).jpg","이미지 너비":800},"데이터셋 정보":{"파일 생성일자":"2020-11-10 12:49:52","데이터셋 상세설명":{"렉트좌표":{"아우터":[{"X좌표":51.5005,"Y좌표":-1.46072,"가로":695,"세로":620}],"하의":[{}],"원피스":[{}],"상의":[{}]},"폴리곤좌표":{"아우터":[{"X좌표39":591.006,"X좌표38":586.006,"X좌표37":667.007,"X좌표36":690.007,"X좌표35":700.007,"X좌표34":712.007,"X좌표33":735.007,"X좌표32":732.007,"X좌표31":727.007,"X좌표30":735.007,"X좌표49":175.002,"X좌표48":187.002,"X좌표47":193.002,"X좌표46":181.002,"X좌표45":204.002,"X좌표44":280.003,"X좌표43":352.003,"X좌표42":405.004,"X좌표41":432.004,"X좌표40":559.005,"Y좌표26":92.0178,"Y좌표25":41.0296,"Y좌표28":173.999,"Y좌표27":138.007,"Y좌표22":5.0379,"Y좌표21":0.0390535,"Y좌표24":26.0331,"Y좌표23":23.0337,"Y좌표20":12.0363,"X좌표54":61.0006,"X좌표53":87.0008,"X좌표52":124.001,"X좌표51":159.002,"X좌표50":171.002,"Y좌표29":181.997,"Y좌표15":35.031,"Y좌표14":0.0390535,"Y좌표17":220.988,"Y좌표16":77.0213,"Y좌표11":33.0314,"Y좌표10":26.0331,"Y좌표13":-0.960716,"Y좌표12":21.0342,"Y좌표19":86.0192,"Y좌표18":149.005,"Y좌표48":407.945,"Y좌표47":482.928,"Y좌표49":370.953,"Y좌표44":586.904,"Y좌표43":619.896,"Y좌표46":526.917,"Y좌표45":541.914,"Y좌표40":607.899,"Y좌표42":616.897,"Y좌표41":617.896,"Y좌표37":517.919,"Y좌표36":503.923,"X좌표8":133.001,"Y좌표39":583.904,"X좌표9":147.001,"Y좌표38":509.921,"Y좌표33":350.958,"Y좌표32":311.967,"Y좌표35":445.936,"Y좌표34":418.942,"Y좌표31":268.977,"Y좌표30":238.984,"X좌표2":118.001,"X좌표3":87.0008,"X좌표1":52.0005,"X좌표6":100.001,"X좌표7":111.001,"X좌표4":73.0007,"X좌표5":94.0009,"Y좌표9":41.0296,"X좌표19":414.004,"X좌표18":387.004,"X좌표17":349.003,"X좌표16":340.003,"X좌표15":337.003,"X좌표14":333.003,"X좌표13":312.003,"X좌표12":292.003,"X좌표11":235.002,"Y좌표4":184.996,"X좌표10":180.002,"Y좌표3":206.991,"Y좌표2":259.979,"Y좌표1":275.975,"Y좌표8":66.0238,"Y좌표7":78.021,"Y좌표6":104.015,"Y좌표5":101.016,"Y좌표54":265.978,"Y좌표51":326.964,"Y좌표50":323.964,"Y좌표53":299.97,"Y좌표52":320.965,"X좌표29":733.007,"X좌표28":742.007,"X좌표27":747.007,"X좌표26":739.007,"X좌표25":697.007,"X좌표24":630.006,"X좌표23":597.006,"X좌표22":534.005,"X좌표21":459.004,"X좌표20":456.004}],"하의":[{}],"원피스":[{}],"상의":[{}]},"라벨링":{"스타일":[{"스타일":"레트로","서브스타일":"클래식"}],"아우터":[{"기장":"크롭","색상":"스카이블루","카테고리":"재킷","옷깃":"테일러드칼라","디테일":["더블브레스티드","퍼프"],"소매기장":"반팔","소재":["트위드"],"프린트":["무지"],"넥라인":"브이넥","핏":"루즈"}],"하의":[{}],"원피스":[{}],"상의":[{}]}},"파일 번호":976976,"파일 이름":"6sk1938-1 (2519).jpg"}}