{"이미지 정보":{"이미지 식별자":977116,"이미지 높이":1049,"이미지 파일명":"6sk1938-1 (2659).jpg","이미지 너비":800},"데이터셋 정보":{"파일 생성일자":"2020-11-10 12:50:38","데이터셋 상세설명":{"렉트좌표":{"아우터":[{"X좌표":225.502,"Y좌표":-1.46072,"가로":320,"세로":372}],"하의":[{}],"원피스":[{"X좌표":240.502,"Y좌표":88.5185,"가로":290,"세로":713}],"상의":[{}]},"폴리곤좌표":{"아우터":[{"X좌표39":226.002,"X좌표38":246.002,"X좌표37":271.003,"X좌표36":276.003,"X좌표35":271.003,"X좌표34":264.003,"X좌표33":253.002,"X좌표32":256.003,"X좌표31":333.003,"X좌표30":423.004,"Y좌표37":209.991,"Y좌표36":226.987,"X좌표8":319.003,"Y좌표39":188.995,"X좌표9":331.003,"Y좌표38":203.992,"Y좌표33":334.962,"Y좌표32":368.954,"Y좌표35":254.98,"Y좌표34":287.973,"Y좌표31":371.953,"Y좌표30":371.953,"X좌표2":232.002,"X좌표3":226.002,"X좌표1":229.002,"X좌표6":259.003,"X좌표7":285.003,"X좌표4":237.002,"X좌표5":246.002,"Y좌표26":241.983,"Y좌표25":200.993,"Y좌표28":313.967,"Y좌표9":-0.960716,"Y좌표27":287.973,"Y좌표22":141.007,"Y좌표21":102.016,"Y좌표24":193.994,"Y좌표23":170.0,"Y좌표20":80.0206,"X좌표19":532.005,"X좌표18":508.005,"X좌표17":484.005,"X좌표16":465.005,"X좌표15":417.004,"X좌표14":414.004,"X좌표13":408.004,"X좌표12":397.004,"X좌표11":373.004,"Y좌표4":98.0164,"X좌표10":364.004,"Y좌표3":140.007,"Y좌표2":173.999,"Y좌표1":194.994,"Y좌표8":8.03721,"Y좌표7":20.0344,"Y좌표29":352.958,"Y좌표6":23.0337,"Y좌표5":54.0266,"Y좌표15":-0.960716,"Y좌표14":29.0324,"Y좌표17":6.03767,"Y좌표16":0.0390535,"Y좌표11":42.0294,"Y좌표10":-0.960716,"Y좌표13":59.0254,"Y좌표12":102.016,"X좌표29":523.005,"X좌표28":546.005,"X좌표27":540.005,"X좌표26":523.005,"X좌표25":504.005,"X좌표24":520.005,"X좌표23":519.005,"X좌표22":526.005,"X좌표21":525.005,"X좌표20":529.005,"Y좌표19":47.0282,"Y좌표18":11.0365}],"하의":[{}],"원피스":[{"X좌표8":414.004,"X좌표9":477.005,"X좌표2":312.003,"X좌표3":325.003,"X좌표1":268.003,"X좌표6":367.004,"X좌표7":385.004,"X좌표4":352.003,"X좌표5":355.003,"Y좌표26":458.933,"Y좌표25":346.959,"Y좌표28":769.861,"Y좌표9":782.858,"Y좌표27":644.89,"Y좌표22":95.0171,"Y좌표21":95.0171,"Y좌표24":229.986,"Y좌표23":158.003,"Y좌표20":89.0185,"X좌표19":477.005,"X좌표18":478.005,"X좌표17":516.005,"X좌표16":528.005,"X좌표15":531.005,"X좌표14":528.005,"X좌표13":516.005,"X좌표12":510.005,"X좌표11":504.005,"Y좌표4":781.859,"X좌표10":495.005,"Y좌표3":781.859,"Y좌표2":776.86,"Y좌표1":776.86,"Y좌표8":797.855,"Y좌표7":802.854,"Y좌표29":779.859,"Y좌표6":796.855,"Y좌표5":770.861,"Y좌표15":461.932,"Y좌표14":586.904,"Y좌표17":299.97,"Y좌표16":356.957,"Y좌표11":754.865,"Y좌표10":781.859,"Y좌표13":725.871,"Y좌표12":752.865,"X좌표29":292.003,"X좌표28":241.002,"X좌표27":243.002,"X좌표26":252.002,"X좌표25":264.003,"X좌표24":294.003,"X좌표23":301.003,"X좌표22":303.003,"X좌표21":370.004,"X좌표20":472.005,"Y좌표19":108.014,"Y좌표18":203.992}],"상의":[{}]},"라벨링":{"스타일":[{"스타일":"레트로"}],"아우터":[{"기장":"하프","색상":"블루","서브색상":"화이트","카테고리":"재킷","옷깃":"테일러드칼라","디테일":["포켓","싱글브레스티드","퍼프"],"소매기장":"반팔","소재":["우븐"],"프린트":["체크"],"핏":"노멀"}],"하의":[{}],"원피스":[{"기장":"미디","색상":"베이지","카테고리":"드레스","소매기장":"없음","소재":["우븐"],"프린트":["무지"],"넥라인":"브이넥","핏":"루즈"}],"상의":[{}]}},"파일 번호":977116,"파일 이름":"6sk1938-1 (2659).jpg"}}