{"이미지 정보":{"이미지 식별자":104330,"이미지 높이":800,"이미지 파일명":"batch_GATE_173_02.jpg","이미지 너비":800},"데이터셋 정보":{"파일 생성일자":"2020-08-10 08:58:38","데이터셋 상세설명":{"렉트좌표":{"아우터":[{}],"하의":[{}],"원피스":[{}],"상의":[{"X좌표":4.20312,"Y좌표":4.5,"가로":579,"세로":504}]},"폴리곤좌표":{"아우터":[{}],"하의":[{}],"원피스":[{}],"상의":[{"Y좌표40":30.0,"Y좌표41":132.0,"X좌표39":401.703,"X좌표38":458.703,"X좌표37":512.703,"X좌표36":535.703,"X좌표35":537.703,"X좌표34":562.703,"X좌표33":566.703,"X좌표32":562.703,"X좌표31":568.703,"X좌표30":583.703,"Y좌표37":67.0,"Y좌표36":104.0,"X좌표8":219.703,"Y좌표39":31.0,"X좌표9":163.703,"Y좌표38":47.0,"Y좌표33":369.0,"Y좌표32":414.0,"Y좌표35":187.0,"Y좌표34":306.0,"Y좌표31":448.0,"Y좌표30":485.0,"X좌표2":381.703,"X좌표3":364.703,"X좌표41":489.703,"X좌표1":368.703,"X좌표40":374.703,"X좌표6":259.703,"X좌표7":228.703,"X좌표4":319.703,"X좌표5":288.703,"Y좌표26":463.0,"Y좌표25":498.0,"Y좌표28":505.0,"Y좌표9":17.0,"Y좌표27":471.0,"Y좌표22":509.0,"Y좌표21":491.0,"Y좌표24":500.0,"Y좌표23":496.0,"Y좌표20":472.0,"X좌표19":130.703,"X좌표18":68.7031,"X좌표17":4.70312,"X좌표16":32.7031,"X좌표15":14.7031,"X좌표14":16.7031,"X좌표13":35.7031,"X좌표12":56.7031,"X좌표11":87.7031,"Y좌표4":74.0,"X좌표10":110.703,"Y좌표3":67.0,"Y좌표2":51.0,"Y좌표1":30.0,"Y좌표8":5.0,"Y좌표7":13.0,"Y좌표29":506.0,"Y좌표6":47.0,"Y좌표5":68.0,"Y좌표15":308.0,"Y좌표14":222.0,"Y좌표17":453.0,"Y좌표16":371.0,"Y좌표11":44.0,"Y좌표10":23.0,"Y좌표13":150.0,"Y좌표12":63.0,"X좌표29":539.703,"X좌표28":495.703,"X좌표27":511.703,"X좌표26":464.703,"X좌표25":425.703,"X좌표24":376.703,"X좌표23":328.703,"X좌표22":256.703,"X좌표21":211.703,"X좌표20":147.703,"Y좌표19":442.0,"Y좌표18":454.0}]},"라벨링":{"스타일":[{"스타일":"로맨틱"}],"아우터":[{}],"하의":[{}],"원피스":[{}],"상의":[{"색상":"옐로우","카테고리":"블라우스","디테일":["셔링","러플"],"소매기장":"반팔","소재":["시폰"],"프린트":["무지"],"넥라인":"라운드넥","핏":"노멀"}]}},"파일 번호":104330,"파일 이름":"batch_GATE_173_02.jpg"}}