{"이미지 정보":{"이미지 식별자":1201271,"이미지 높이":1049,"이미지 파일명":"ops4492k03-ops4492k03-s_7.jpg","이미지 너비":800},"데이터셋 정보":{"파일 생성일자":"2020-11-18 12:34:11","데이터셋 상세설명":{"렉트좌표":{"아우터":[{}],"하의":[{}],"원피스":[{"X좌표":207.5,"Y좌표":2.49714,"가로":361,"세로":695}],"상의":[{}]},"폴리곤좌표":{"아우터":[{}],"하의":[{}],"원피스":[{"X좌표39":510.0,"X좌표38":481.0,"X좌표37":484.0,"X좌표36":502.0,"X좌표35":518.0,"X좌표34":533.0,"X좌표33":545.0,"X좌표32":566.0,"X좌표31":566.0,"X좌표30":554.0,"X좌표49":461.0,"X좌표48":478.0,"X좌표47":506.0,"X좌표46":526.0,"X좌표45":532.0,"X좌표44":541.0,"X좌표43":541.0,"X좌표42":546.0,"X좌표41":569.0,"X좌표40":542.0,"Y좌표26":677.354,"Y좌표25":698.334,"Y좌표28":642.387,"Y좌표27":663.367,"Y좌표22":671.359,"Y좌표21":670.36,"Y좌표24":698.334,"Y좌표23":694.337,"Y좌표20":641.388,"X좌표53":381.0,"X좌표52":412.0,"X좌표51":430.0,"X좌표50":436.0,"Y좌표29":635.394,"Y좌표15":278.734,"Y좌표14":265.746,"Y좌표17":385.632,"Y좌표16":293.72,"Y좌표11":205.804,"Y좌표10":162.845,"Y좌표13":239.771,"Y좌표12":223.786,"Y좌표19":554.471,"Y좌표18":425.594,"Y좌표48":29.9714,"Y좌표47":45.9562,"Y좌표49":26.9743,"Y좌표44":147.859,"Y좌표43":173.834,"Y좌표46":65.9371,"Y좌표45":86.9171,"Y좌표40":249.762,"Y좌표42":191.817,"Y좌표41":231.779,"Y좌표37":285.727,"Y좌표36":303.71,"X좌표8":270.0,"Y좌표39":261.75,"X좌표9":261.0,"Y좌표38":270.742,"Y좌표33":485.537,"Y좌표32":599.428,"Y좌표35":354.662,"Y좌표34":390.627,"Y좌표31":621.407,"Y좌표30":631.398,"X좌표2":357.0,"X좌표3":356.0,"X좌표1":381.0,"X좌표6":325.0,"X좌표7":290.0,"X좌표4":358.0,"X좌표5":338.0,"Y좌표9":109.895,"X좌표19":258.0,"X좌표18":276.0,"X좌표17":278.0,"X좌표16":309.0,"X좌표15":265.0,"X좌표14":229.0,"X좌표13":208.0,"X좌표12":221.0,"X좌표11":238.0,"Y좌표4":11.9886,"X좌표10":249.0,"Y좌표3":21.979,"Y좌표2":42.959,"Y좌표1":69.9333,"Y좌표8":61.9409,"Y좌표7":39.9619,"Y좌표6":26.9743,"Y좌표5":15.9847,"Y좌표51":10.9895,"Y좌표50":2.99714,"Y좌표53":65.9371,"Y좌표52":43.9581,"X좌표29":545.0,"X좌표28":533.0,"X좌표27":510.0,"X좌표26":484.0,"X좌표25":409.0,"X좌표24":361.0,"X좌표23":322.0,"X좌표22":294.0,"X좌표21":266.0,"X좌표20":245.0}],"상의":[{}]},"라벨링":{"스타일":[{"스타일":"로맨틱","서브스타일":"리조트"}],"아우터":[{}],"하의":[{}],"원피스":[{"기장":"니렝스","색상":"핑크","카테고리":"드레스","옷깃":"셔츠칼라","디테일":["리본","슬릿"],"소매기장":"반팔","소재":["우븐"],"프린트":["무지"],"핏":"루즈"}],"상의":[{}]}},"파일 번호":1201271,"파일 이름":"ops4492k03-ops4492k03-s_7.jpg"}}