{"이미지 정보":{"이미지 식별자":1201543,"이미지 높이":1049,"이미지 파일명":"ops4561c04-ops4561c04-s_7.jpg","이미지 너비":800},"데이터셋 정보":{"파일 생성일자":"2020-11-18 12:36:24","데이터셋 상세설명":{"렉트좌표":{"아우터":[{}],"하의":[{}],"원피스":[{"X좌표":143.5,"Y좌표":6.49833,"가로":513,"세로":1022}],"상의":[{}]},"폴리곤좌표":{"아우터":[{}],"하의":[{}],"원피스":[{"X좌표39":606.0,"X좌표38":586.0,"X좌표37":569.0,"X좌표36":521.0,"X좌표35":469.0,"X좌표34":461.0,"X좌표33":430.0,"X좌표32":397.0,"X좌표31":357.0,"X좌표30":336.0,"X좌표49":622.0,"X좌표48":601.0,"X좌표47":578.0,"X좌표46":588.0,"X좌표45":606.0,"X좌표44":622.0,"X좌표43":640.0,"X좌표42":658.0,"X좌표41":649.0,"X좌표40":628.0,"Y좌표26":1024.09,"Y좌표25":1015.09,"Y좌표28":1019.09,"Y좌표27":1027.09,"Y좌표22":711.83,"Y좌표21":654.844,"Y좌표24":991.097,"Y좌표23":940.109,"Y좌표20":503.88,"X좌표59":602.0,"X좌표58":617.0,"X좌표57":629.0,"X좌표56":630.0,"X좌표55":637.0,"X좌표54":624.0,"X좌표53":624.0,"X좌표52":633.0,"X좌표51":638.0,"X좌표50":632.0,"Y좌표29":1005.09,"Y좌표15":495.882,"Y좌표14":503.88,"Y좌표17":405.903,"Y좌표16":375.91,"Y좌표11":135.968,"Y좌표10":69.9833,"Y좌표13":498.881,"Y좌표12":477.886,"X좌표67":414.0,"X좌표66":470.0,"X좌표65":477.0,"X좌표64":485.0,"X좌표63":504.0,"X좌표62":537.0,"Y좌표19":450.893,"X좌표61":561.0,"Y좌표18":425.898,"X좌표60":581.0,"Y좌표48":525.208,"Y좌표47":524.208,"Y좌표49":529.207,"Y좌표44":667.174,"Y좌표43":813.14,"Y좌표46":548.203,"Y좌표45":587.193,"Y좌표40":1023.09,"Y좌표42":1017.09,"Y좌표41":1029.09,"Y좌표37":1017.09,"Y좌표36":1004.09,"X좌표8":176.0,"Y좌표39":1020.09,"X좌표9":173.0,"Y좌표38":1001.09,"Y좌표33":984.099,"Y좌표32":1009.09,"Y좌표35":984.099,"Y좌표34":983.099,"Y좌표31":1015.09,"Y좌표30":1007.09,"X좌표2":325.0,"X좌표3":304.0,"X좌표1":409.0,"X좌표6":217.0,"X좌표7":193.0,"X좌표4":274.0,"X좌표5":244.0,"Y좌표9":57.9862,"Y좌표66":110.974,"Y좌표65":101.976,"Y좌표67":177.958,"Y좌표62":6.99833,"Y좌표61":10.9974,"Y좌표64":75.9819,"Y좌표63":13.9967,"Y좌표60":26.9936,"X좌표19":269.0,"X좌표18":276.0,"X좌표17":265.0,"X좌표16":258.0,"X좌표15":224.0,"X좌표14":209.0,"X좌표13":177.0,"X좌표12":144.0,"X좌표11":157.0,"Y좌표4":37.9909,"X좌표10":161.0,"Y좌표3":30.9926,"Y좌표2":38.9907,"Y좌표1":183.956,"Y좌표8":37.9909,"Y좌표7":26.9936,"Y좌표6":26.9936,"Y좌표5":41.99,"Y좌표59":45.989,"Y좌표58":78.9812,"Y좌표55":269.269,"Y좌표54":315.258,"Y좌표57":111.973,"Y좌표56":162.961,"Y좌표51":504.213,"Y좌표50":529.207,"Y좌표53":403.237,"Y좌표52":447.227,"X좌표29":306.0,"X좌표28":273.0,"X좌표27":224.0,"X좌표26":189.0,"X좌표25":173.0,"X좌표24":170.0,"X좌표23":176.0,"X좌표22":205.0,"X좌표21":205.0,"X좌표20":256.0}],"상의":[{}]},"라벨링":{"스타일":[{"스타일":"로맨틱","서브스타일":"페미닌"}],"아우터":[{}],"하의":[{}],"원피스":[{"기장":"니렝스","색상":"핑크","서브색상":"화이트","카테고리":"드레스","디테일":["퍼프"],"소매기장":"반팔","소재":["시폰"],"프린트":["플로럴"],"넥라인":"브이넥","핏":"노멀"}],"상의":[{}]}},"파일 번호":1201543,"파일 이름":"ops4561c04-ops4561c04-s_7.jpg"}}