{"이미지 정보":{"이미지 식별자":1201766,"이미지 높이":1049,"이미지 파일명":"ops4589k04-ops4589k04-s_05.jpg","이미지 너비":800},"데이터셋 정보":{"파일 생성일자":"2020-11-18 12:38:10","데이터셋 상세설명":{"렉트좌표":{"아우터":[{}],"하의":[{}],"원피스":[{"X좌표":140.5,"Y좌표":8.16575,"가로":501,"세로":953}],"상의":[{}]},"폴리곤좌표":{"아우터":[{}],"하의":[{}],"원피스":[{"X좌표39":273.0,"X좌표38":225.0,"X좌표37":201.0,"X좌표36":190.0,"X좌표35":196.0,"X좌표34":208.0,"X좌표33":218.0,"X좌표32":245.0,"X좌표31":289.0,"X좌표30":315.0,"X좌표49":238.0,"X좌표48":188.0,"X좌표47":165.0,"X좌표46":148.0,"X좌표45":141.0,"X좌표44":158.0,"X좌표43":173.0,"X좌표42":201.0,"X좌표41":244.0,"X좌표40":268.0,"Y좌표26":961.787,"Y좌표25":958.787,"Y좌표28":928.79,"Y좌표27":942.789,"Y좌표22":888.795,"Y좌표21":653.82,"Y좌표24":945.789,"Y좌표23":924.791,"Y좌표20":600.825,"X좌표51":300.0,"X좌표50":268.0,"Y좌표29":927.791,"Y좌표15":328.632,"Y좌표14":382.626,"Y좌표17":395.625,"Y좌표16":350.63,"Y좌표11":325.632,"Y좌표10":307.634,"Y좌표13":359.629,"Y좌표12":352.629,"Y좌표19":506.613,"Y좌표18":445.619,"Y좌표48":33.6631,"Y좌표47":92.6568,"Y좌표49":12.6653,"Y좌표44":296.857,"Y좌표43":337.853,"Y좌표46":174.648,"Y좌표45":264.639,"Y좌표40":369.85,"Y좌표42":343.852,"Y좌표41":358.851,"Y좌표37":625.823,"Y좌표36":813.803,"X좌표8":611.0,"Y좌표39":398.847,"X좌표9":615.0,"Y좌표38":483.838,"Y좌표33":949.788,"Y좌표32":957.787,"Y좌표35":865.797,"Y좌표34":918.792,"Y좌표31":960.787,"Y좌표30":947.789,"X좌표2":349.0,"X좌표3":372.0,"X좌표1":300.0,"X좌표6":519.0,"X좌표7":577.0,"X좌표4":407.0,"X좌표5":460.0,"Y좌표9":156.65,"X좌표19":538.0,"X좌표18":533.0,"X좌표17":525.0,"X좌표16":497.0,"X좌표15":510.0,"X좌표14":540.0,"X좌표13":586.0,"X좌표12":635.0,"X좌표11":626.0,"Y좌표4":124.653,"X좌표10":642.0,"Y좌표3":162.649,"Y좌표2":114.655,"Y좌표1":40.6624,"Y좌표8":74.6588,"Y좌표7":47.6616,"Y좌표6":25.6639,"Y좌표5":78.6583,"Y좌표51":36.6628,"Y좌표50":8.66575,"X좌표29":337.0,"X좌표28":362.0,"X좌표27":397.0,"X좌표26":428.0,"X좌표25":466.0,"X좌표24":501.0,"X좌표23":537.0,"X좌표22":580.0,"X좌표21":554.0,"X좌표20":562.0}],"상의":[{}]},"라벨링":{"스타일":[{"스타일":"로맨틱","서브스타일":"페미닌"}],"아우터":[{}],"하의":[{}],"원피스":[{"기장":"니렝스","색상":"베이지","카테고리":"드레스","디테일":["셔링","띠","퍼프"],"소매기장":"반팔","소재":["시폰"],"프린트":["무지"],"넥라인":"브이넥","핏":"노멀"}],"상의":[{}]}},"파일 번호":1201766,"파일 이름":"ops4589k04-ops4589k04-s_05.jpg"}}