{"이미지 정보":{"이미지 식별자":1202769,"이미지 높이":1049,"이미지 파일명":"ops4792c06-ops4792c06-s_4.jpg","이미지 너비":800},"데이터셋 정보":{"파일 생성일자":"2020-11-18 12:46:16","데이터셋 상세설명":{"렉트좌표":{"아우터":[{}],"하의":[{}],"원피스":[{"X좌표":234.968,"Y좌표":0.506843,"가로":344,"세로":722}],"상의":[{}]},"폴리곤좌표":{"아우터":[{}],"하의":[{}],"원피스":[{"X좌표39":547.034,"X좌표38":546.036,"X좌표37":534.052,"X좌표36":525.065,"X좌표35":502.097,"X좌표34":457.159,"X좌표33":422.208,"X좌표32":420.211,"X좌표31":396.244,"X좌표30":365.287,"X좌표49":513.081,"X좌표48":498.102,"X좌표47":480.127,"X좌표46":480.127,"X좌표45":507.09,"X좌표44":509.087,"X좌표43":525.065,"X좌표42":525.065,"X좌표41":534.052,"X좌표40":550.03,"Y좌표26":51.0019,"Y좌표25":113.996,"Y좌표28":1.00684,"Y좌표27":16.0054,"Y좌표22":162.991,"Y좌표21":199.987,"Y좌표24":128.994,"Y좌표23":140.993,"Y좌표20":209.986,"X좌표52":579.988,"X좌표51":554.025,"X좌표50":518.075,"Y좌표29":1.00684,"Y좌표15":221.985,"Y좌표14":267.98,"Y좌표17":143.993,"Y좌표16":181.989,"Y좌표11":559.951,"Y좌표10":700.937,"Y좌표13":349.972,"Y좌표12":449.962,"Y좌표19":181.989,"Y좌표18":170.99,"Y좌표48":275.98,"Y좌표47":216.985,"Y좌표49":351.972,"Y좌표44":198.987,"Y좌표43":201.987,"Y좌표46":163.991,"Y좌표45":142.993,"Y좌표40":187.988,"Y좌표42":138.993,"Y좌표41":189.988,"Y좌표37":87.9982,"Y좌표36":32.0038,"X좌표8":295.384,"Y좌표39":140.993,"X좌표9":292.388,"Y좌표38":118.995,"Y좌표33":2.00674,"Y좌표32":44.0026,"Y좌표35":11.0058,"Y좌표34":2.00674,"Y좌표31":99.997,"Y좌표30":32.0038,"X좌표2":527.062,"X좌표3":467.145,"X좌표1":576.993,"X좌표6":354.302,"X좌표7":337.326,"X좌표4":403.234,"X좌표5":385.259,"Y좌표9":701.937,"X좌표19":258.436,"X좌표18":272.416,"X좌표17":276.411,"X좌표16":310.363,"X좌표15":309.365,"X좌표14":297.382,"X좌표13":284.4,"X좌표12":277.409,"X좌표11":272.416,"Y좌표4":699.937,"X좌표10":272.416,"Y좌표3":723.935,"Y좌표2":703.937,"Y좌표1":699.937,"Y좌표8":721.935,"Y좌표7":721.935,"Y좌표6":709.936,"Y좌표5":710.936,"Y좌표51":433.964,"Y좌표50":390.968,"Y좌표52":699.937,"X좌표29":360.294,"X좌표28":337.326,"X좌표27":279.407,"X좌표26":256.438,"X좌표25":252.444,"X좌표24":235.468,"X좌표23":244.455,"X좌표22":237.465,"X좌표21":240.461,"X좌표20":253.443}],"상의":[{}]},"라벨링":{"스타일":[{"스타일":"로맨틱"}],"아우터":[{}],"하의":[{}],"원피스":[{"기장":"미디","색상":"옐로우","서브색상":"핑크","카테고리":"드레스","디테일":["스트링","셔링"],"소매기장":"반팔","소재":["우븐"],"프린트":["플로럴"],"넥라인":"브이넥","핏":"노멀"}],"상의":[{}]}},"파일 번호":1202769,"파일 이름":"ops4792c06-ops4792c06-s_4.jpg"}}