{"이미지 정보":{"이미지 식별자":1203219,"이미지 높이":1049,"이미지 파일명":"ops4881c06-ops4881c06-s_2.jpg","이미지 너비":800},"데이터셋 정보":{"파일 생성일자":"2020-11-18 12:49:18","데이터셋 상세설명":{"렉트좌표":{"아우터":[{}],"하의":[{}],"원피스":[{"X좌표":159.531,"Y좌표":7.49237,"가로":424,"세로":883}],"상의":[{}]},"폴리곤좌표":{"아우터":[{}],"하의":[{}],"원피스":[{"Y좌표44":41.96,"Y좌표43":47.9542,"Y좌표45":11.9886,"Y좌표40":243.767,"Y좌표42":57.9447,"Y좌표41":181.827,"X좌표39":194.031,"X좌표38":210.031,"X좌표37":222.031,"X좌표36":250.031,"X좌표35":246.031,"X좌표34":224.031,"X좌표33":214.031,"X좌표32":220.031,"X좌표31":314.031,"X좌표30":366.031,"Y좌표37":263.748,"Y좌표36":273.739,"X좌표8":458.031,"Y좌표39":273.739,"X좌표9":480.031,"Y좌표38":267.745,"Y좌표33":855.184,"Y좌표32":891.15,"Y좌표35":285.727,"Y좌표34":489.533,"Y좌표31":889.152,"Y좌표30":887.154,"X좌표45":260.031,"X좌표44":212.031,"X좌표2":312.031,"X좌표43":184.031,"X좌표3":342.031,"X좌표42":172.031,"X좌표41":160.031,"X좌표1":258.031,"X좌표40":162.031,"X좌표6":418.031,"X좌표7":438.031,"X좌표4":372.031,"X좌표5":414.031,"Y좌표26":859.18,"Y좌표25":847.192,"Y좌표28":881.159,"Y좌표9":61.9409,"Y좌표27":853.186,"Y좌표22":833.205,"Y좌표21":819.218,"Y좌표24":845.194,"Y좌표23":845.194,"Y좌표20":817.22,"X좌표19":580.031,"X좌표18":584.031,"X좌표17":546.031,"X좌표16":488.031,"X좌표15":490.031,"X좌표14":448.031,"X좌표13":446.031,"X좌표12":516.031,"X좌표11":516.031,"Y좌표4":7.99237,"X좌표10":486.031,"Y좌표3":31.9695,"Y좌표2":73.9295,"Y좌표1":15.9847,"Y좌표8":13.9867,"Y좌표7":7.99237,"Y좌표29":885.155,"Y좌표6":9.99047,"Y좌표5":19.9809,"Y좌표15":315.699,"Y좌표14":239.771,"Y좌표17":593.434,"Y좌표16":329.685,"Y좌표11":151.855,"Y좌표10":103.901,"Y좌표13":203.806,"Y좌표12":197.811,"X좌표29":402.031,"X좌표28":422.031,"X좌표27":430.031,"X좌표26":466.031,"X좌표25":482.031,"X좌표24":494.031,"X좌표23":504.031,"X좌표22":534.031,"X좌표21":536.031,"X좌표20":564.031,"Y좌표19":807.23,"Y좌표18":789.247}],"상의":[{}]},"라벨링":{"스타일":[{"스타일":"로맨틱","서브스타일":"페미닌"}],"아우터":[{}],"하의":[{}],"원피스":[{"기장":"미디","색상":"화이트","카테고리":"드레스","디테일":["퍼프","띠"],"소매기장":"반팔","소재":["우븐"],"프린트":["무지"],"넥라인":"브이넥","핏":"노멀"}],"상의":[{}]}},"파일 번호":1203219,"파일 이름":"ops4881c06-ops4881c06-s_2.jpg"}}