{"이미지 정보":{"이미지 식별자":1215968,"이미지 높이":1049,"이미지 파일명":"sk2795c06-sk2795c06-s_15.jpg","이미지 너비":800},"데이터셋 정보":{"파일 생성일자":"2020-11-18 14:19:18","데이터셋 상세설명":{"렉트좌표":{"아우터":[{}],"하의":[{"X좌표":244.375,"Y좌표":221.458,"가로":318,"세로":604}],"원피스":[{}],"상의":[{"X좌표":241.375,"Y좌표":5.49886,"가로":370,"세로":240}]},"폴리곤좌표":{"아우터":[{}],"하의":[{"Y좌표9":813.845,"Y좌표20":227.957,"X좌표19":491.875,"X좌표18":504.875,"X좌표17":521.875,"X좌표16":530.875,"X좌표15":562.875,"X좌표14":551.875,"X좌표13":544.875,"X좌표12":501.875,"X좌표11":480.875,"Y좌표4":393.925,"X좌표10":436.875,"Y좌표3":285.945,"Y좌표2":243.953,"Y좌표1":221.958,"Y좌표8":826.842,"Y좌표7":825.843,"Y좌표6":803.847,"Y좌표5":655.875,"Y좌표15":752.856,"Y좌표14":771.853,"X좌표8":376.875,"Y좌표17":557.894,"X좌표9":424.875,"Y좌표16":579.889,"Y좌표11":812.845,"Y좌표10":799.847,"Y좌표13":792.849,"Y좌표12":811.845,"X좌표2":292.875,"X좌표3":284.875,"X좌표20":470.875,"X좌표1":297.875,"X좌표6":244.875,"Y좌표19":303.942,"X좌표7":320.875,"Y좌표18":402.923,"X좌표4":270.875,"X좌표5":263.875}],"원피스":[{}],"상의":[{"Y좌표9":235.955,"Y좌표22":42.9918,"Y좌표21":37.9928,"Y좌표24":27.9947,"Y좌표23":38.9926,"Y좌표20":23.9954,"X좌표19":438.875,"X좌표18":495.875,"X좌표17":516.875,"X좌표16":611.875,"X좌표15":593.875,"X좌표14":555.875,"X좌표13":542.875,"X좌표12":518.875,"X좌표11":503.875,"Y좌표4":154.97,"X좌표10":468.875,"Y좌표3":48.9907,"Y좌표2":36.9929,"Y좌표1":5.99886,"Y좌표8":242.954,"Y좌표7":237.955,"Y좌표6":187.964,"Y좌표5":179.966,"Y좌표15":144.972,"Y좌표14":175.966,"X좌표8":308.875,"Y좌표17":29.9943,"X좌표9":379.875,"Y좌표16":108.979,"Y좌표11":195.963,"Y좌표10":246.953,"Y좌표13":159.969,"Y좌표12":149.971,"X좌표24":364.875,"X좌표23":388.875,"X좌표22":408.875,"X좌표2":266.875,"X좌표21":430.875,"X좌표3":259.875,"X좌표20":439.875,"X좌표1":344.875,"X좌표6":288.875,"Y좌표19":5.99886,"X좌표7":285.875,"Y좌표18":22.9956,"X좌표4":251.875,"X좌표5":241.875}]},"라벨링":{"스타일":[{"스타일":"로맨틱"}],"아우터":[{}],"하의":[{"기장":"미디","색상":"민트","카테고리":"스커트","디테일":["플리츠"],"소재":["시폰"],"프린트":["무지"],"핏":"노멀"}],"원피스":[{}],"상의":[{"색상":"블랙","카테고리":"티셔츠","소매기장":"반팔","소재":["저지"],"프린트":["무지"],"넥라인":"라운드넥","핏":"노멀"}]}},"파일 번호":1215968,"파일 이름":"sk2795c06-sk2795c06-s_15.jpg"}}