{"이미지 정보":{"이미지 식별자":1215635,"이미지 높이":1049,"이미지 파일명":"sk2755k06-sk2755k06-s_7.jpg","이미지 너비":800},"데이터셋 정보":{"파일 생성일자":"2020-11-18 14:16:57","데이터셋 상세설명":{"렉트좌표":{"아우터":[{}],"하의":[{"X좌표":201.375,"Y좌표":231.456,"가로":389,"세로":624}],"원피스":[{}],"상의":[{"X좌표":228.375,"Y좌표":3.49924,"가로":363,"세로":248}]},"폴리곤좌표":{"아우터":[{}],"하의":[{"Y좌표9":856.637,"X좌표18":502.875,"X좌표17":523.875,"X좌표16":547.875,"X좌표15":576.875,"X좌표14":590.875,"X좌표13":549.875,"X좌표12":504.875,"X좌표11":468.875,"Y좌표4":634.679,"X좌표10":435.875,"Y좌표3":445.915,"Y좌표2":316.94,"Y좌표1":233.955,"Y좌표8":846.639,"Y좌표7":836.64,"Y좌표6":849.638,"Y좌표5":844.639,"Y좌표15":588.688,"Y좌표14":836.64,"X좌표8":344.875,"Y좌표17":320.739,"X좌표9":398.875,"Y좌표16":429.718,"Y좌표11":832.641,"Y좌표10":853.637,"Y좌표13":854.637,"Y좌표12":845.639,"X좌표2":288.875,"X좌표3":259.875,"X좌표1":316.875,"X좌표6":235.875,"X좌표7":292.875,"Y좌표18":231.956,"X좌표4":228.875,"X좌표5":201.875}],"원피스":[{}],"상의":[{"Y좌표9":246.953,"Y좌표22":55.9893,"Y좌표21":60.9884,"Y좌표20":53.9897,"X좌표19":492.875,"X좌표18":540.875,"X좌표17":568.875,"X좌표16":583.875,"X좌표15":584.875,"X좌표14":591.875,"X좌표13":553.875,"X좌표12":514.875,"X좌표11":498.875,"Y좌표4":95.9817,"X좌표10":468.875,"Y좌표3":31.9939,"Y좌표2":15.9969,"Y좌표1":3.99924,"Y좌표8":239.954,"Y좌표7":221.958,"Y좌표6":203.961,"Y좌표5":159.969,"Y좌표15":173.967,"Y좌표14":211.96,"X좌표8":324.875,"Y좌표17":36.9929,"X좌표9":377.875,"Y좌표16":91.9825,"Y좌표11":252.952,"Y좌표10":252.952,"Y좌표13":234.955,"Y좌표12":238.954,"X좌표22":346.875,"X좌표2":286.875,"X좌표21":419.875,"X좌표3":260.875,"X좌표20":480.875,"X좌표1":331.875,"X좌표6":236.875,"Y좌표19":8.99828,"X좌표7":293.875,"Y좌표18":20.996,"X좌표4":228.875,"X좌표5":236.875}]},"라벨링":{"스타일":[{"스타일":"로맨틱","서브스타일":"레트로"}],"아우터":[{}],"하의":[{"기장":"미디","색상":"화이트","서브색상":"블랙","카테고리":"스커트","디테일":["플레어"],"소재":["우븐"],"프린트":["도트"],"핏":"루즈"}],"원피스":[{}],"상의":[{"기장":"노멀","색상":"카키","카테고리":"블라우스","디테일":["단추","퍼프"],"소매기장":"반팔","소재":["린넨"],"프린트":["무지"],"핏":"노멀"}]}},"파일 번호":1215635,"파일 이름":"sk2755k06-sk2755k06-s_7.jpg"}}