{"이미지 정보":{"이미지 식별자":1216166,"이미지 높이":1049,"이미지 파일명":"sk2820k06-sk2820k06-s_7.jpg","이미지 너비":800},"데이터셋 정보":{"파일 생성일자":"2020-11-18 14:20:35","데이터셋 상세설명":{"렉트좌표":{"아우터":[{}],"하의":[{"X좌표":299.531,"Y좌표":243.267,"가로":380,"세로":561}],"원피스":[{}],"상의":[{"X좌표":299.531,"Y좌표":3.49619,"가로":360,"세로":245}]},"폴리곤좌표":{"아우터":[{}],"하의":[{"Y좌표9":791.245,"X좌표16":376.031,"X좌표15":342.031,"X좌표14":316.031,"X좌표13":300.031,"X좌표12":344.031,"X좌표11":374.031,"Y좌표4":511.512,"X좌표10":398.031,"Y좌표3":405.613,"Y좌표2":243.767,"Y좌표1":243.767,"Y좌표8":799.237,"Y좌표7":771.264,"Y좌표6":773.262,"Y좌표5":717.316,"Y좌표15":321.693,"Y좌표14":501.521,"X좌표8":544.031,"X좌표9":466.031,"Y좌표16":255.756,"Y좌표11":791.245,"Y좌표10":805.232,"Y좌표13":773.262,"Y좌표12":773.262,"X좌표2":548.031,"X좌표3":590.031,"X좌표1":366.031,"X좌표6":648.031,"X좌표7":660.031,"X좌표4":624.031,"X좌표5":680.031}],"원피스":[{}],"상의":[{"Y좌표9":245.765,"Y좌표22":17.9828,"Y좌표21":5.99428,"Y좌표24":25.9752,"Y좌표23":29.9714,"Y좌표20":3.99619,"X좌표19":580.031,"X좌표18":600.031,"X좌표17":640.031,"X좌표16":650.031,"X좌표15":660.031,"X좌표14":648.031,"X좌표13":594.031,"X좌표12":562.031,"X좌표11":502.031,"Y좌표4":19.9809,"X좌표10":400.031,"Y좌표3":33.9676,"Y좌표2":49.9523,"Y좌표1":41.96,"Y좌표8":223.786,"Y좌표7":191.817,"Y좌표6":119.886,"Y좌표5":55.9466,"Y좌표15":143.863,"Y좌표14":189.819,"X좌표8":308.031,"Y좌표17":73.9295,"X좌표9":344.031,"Y좌표16":119.886,"Y좌표11":249.762,"Y좌표10":241.769,"Y좌표13":191.817,"Y좌표12":229.781,"X좌표24":454.031,"X좌표23":476.031,"X좌표22":506.031,"X좌표2":400.031,"X좌표21":518.031,"X좌표3":364.031,"X좌표20":550.031,"X좌표1":444.031,"X좌표6":300.031,"Y좌표19":13.9867,"X좌표7":300.031,"Y좌표18":31.9695,"X좌표4":352.031,"X좌표5":320.031}]},"라벨링":{"스타일":[{"스타일":"로맨틱"}],"아우터":[{}],"하의":[{"기장":"미디","색상":"화이트","카테고리":"스커트","디테일":["셔링","플리츠"],"소재":["우븐"],"프린트":["무지"],"핏":"와이드"}],"원피스":[{}],"상의":[{"색상":"베이지","카테고리":"블라우스","디테일":["레이스","퍼프"],"소매기장":"반팔","소재":["시폰"],"프린트":["무지"],"넥라인":"라운드넥","핏":"노멀"}]}},"파일 번호":1216166,"파일 이름":"sk2820k06-sk2820k06-s_7.jpg"}}