{"이미지 정보":{"이미지 식별자":1216147,"이미지 높이":1049,"이미지 파일명":"sk2818k06-sk2818k06-s_7.jpg","이미지 너비":800},"데이터셋 정보":{"파일 생성일자":"2020-11-18 14:20:28","데이터셋 상세설명":{"렉트좌표":{"아우터":[{"X좌표":-2.46875,"Y좌표":83.4199,"가로":674,"세로":735}],"하의":[{"X좌표":117.531,"Y좌표":513.01,"가로":428,"세로":491}],"원피스":[{}],"상의":[{"X좌표":255.531,"Y좌표":83.4199,"가로":324,"세로":433}]},"폴리곤좌표":{"아우터":[{"X좌표8":604.031,"X좌표9":632.031,"X좌표2":568.031,"X좌표3":578.031,"X좌표1":580.031,"X좌표6":556.031,"X좌표7":516.031,"X좌표4":558.031,"X좌표5":546.031,"Y좌표26":91.9123,"Y좌표25":91.9123,"Y좌표9":619.409,"Y좌표22":287.725,"Y좌표21":365.651,"Y좌표24":117.888,"Y좌표23":181.827,"Y좌표20":479.542,"X좌표19":186.031,"X좌표18":226.031,"X좌표17":262.031,"X좌표16":254.031,"X좌표15":276.031,"X좌표14":328.031,"X좌표13":578.031,"X좌표12":610.031,"X좌표11":668.031,"Y좌표4":407.611,"X좌표10":672.031,"Y좌표3":301.712,"Y좌표2":183.825,"Y좌표1":111.893,"Y좌표8":813.224,"Y좌표7":819.218,"Y좌표6":537.487,"Y좌표5":511.512,"Y좌표15":217.792,"Y좌표14":85.918,"Y좌표17":501.521,"Y좌표16":395.622,"Y좌표11":117.888,"Y좌표10":241.769,"Y좌표13":87.9161,"Y좌표12":83.9199,"X좌표26":306.031,"X좌표25":224.031,"X좌표24":164.031,"X좌표23":118.031,"X좌표22":-1.96875,"X좌표21":14.0312,"X좌표20":182.031,"Y좌표19":593.434,"Y좌표18":573.453}],"하의":[{"Y좌표9":975.07,"X좌표15":276.031,"X좌표14":230.031,"X좌표13":118.031,"X좌표12":138.031,"X좌표11":156.031,"Y좌표4":857.182,"X좌표10":226.031,"Y좌표3":827.211,"Y좌표2":521.502,"Y좌표1":513.51,"Y좌표8":987.058,"Y좌표7":1005.04,"Y좌표6":993.052,"Y좌표5":927.115,"Y좌표15":523.5,"Y좌표14":559.466,"X좌표8":362.031,"X좌표9":266.031,"Y좌표11":931.112,"Y좌표10":935.108,"Y좌표13":835.203,"Y좌표12":867.173,"X좌표2":544.031,"X좌표3":520.031,"X좌표1":288.031,"X좌표6":524.031,"X좌표7":398.031,"X좌표4":528.031,"X좌표5":546.031}],"원피스":[{}],"상의":[{"Y좌표9":339.676,"X좌표14":580.031,"X좌표13":558.031,"X좌표12":558.031,"X좌표11":528.031,"Y좌표4":225.785,"X좌표10":266.031,"Y좌표3":229.781,"Y좌표2":199.809,"Y좌표1":83.9199,"Y좌표8":195.813,"Y좌표7":103.901,"Y좌표6":103.901,"Y좌표5":217.792,"Y좌표14":97.9066,"X좌표8":282.031,"X좌표9":256.031,"Y좌표11":517.506,"Y좌표10":505.518,"Y좌표13":213.796,"Y좌표12":387.63,"X좌표2":514.031,"X좌표3":454.031,"X좌표1":564.031,"X좌표6":288.031,"X좌표7":270.031,"X좌표4":356.031,"X좌표5":300.031}]},"라벨링":{"스타일":[{"스타일":"로맨틱"}],"아우터":[{"기장":"노말","색상":"퍼플","카테고리":"가디건","디테일":["프릴"],"소매기장":"긴팔","소재":["니트"],"프린트":["무지"],"핏":"노멀"}],"하의":[{"기장":"미니","색상":"화이트","카테고리":"스커트","디테일":["셔링","플리츠","플레어"],"소재":["시폰"],"프린트":["무지"],"핏":"와이드"}],"원피스":[{}],"상의":[{"색상":"퍼플","카테고리":"탑","디테일":["프릴"],"소매기장":"없음","소재":["니트"],"프린트":["무지"],"넥라인":"스퀘어넥","핏":"타이트"}]}},"파일 번호":1216147,"파일 이름":"sk2818k06-sk2818k06-s_7.jpg"}}