{"이미지 정보":{"이미지 식별자":1216018,"이미지 높이":1049,"이미지 파일명":"sk2799k06-sk2799k06-s_10.jpg","이미지 너비":800},"데이터셋 정보":{"파일 생성일자":"2020-11-18 14:19:36","데이터셋 상세설명":{"렉트좌표":{"아우터":[{}],"하의":[{"X좌표":256.375,"Y좌표":224.457,"가로":368,"세로":614}],"원피스":[{}],"상의":[{"X좌표":268.375,"Y좌표":3.49924,"가로":309,"세로":259}]},"폴리곤좌표":{"아우터":[{}],"하의":[{"X좌표8":346.875,"X좌표9":394.875,"X좌표2":320.875,"X좌표3":306.875,"X좌표1":335.875,"X좌표6":256.875,"X좌표7":290.875,"X좌표4":300.875,"X좌표5":269.875,"Y좌표25":245.953,"Y좌표9":835.641,"Y좌표22":231.956,"Y좌표21":328.737,"Y좌표24":224.957,"Y좌표23":247.953,"Y좌표20":493.706,"X좌표19":612.875,"X좌표18":624.875,"X좌표17":589.875,"X좌표16":565.875,"X좌표15":530.875,"X좌표14":520.875,"X좌표13":467.875,"X좌표12":448.875,"X좌표11":428.875,"Y좌표4":486.907,"X좌표10":422.875,"Y좌표3":378.928,"Y좌표2":307.941,"Y좌표1":242.954,"Y좌표8":832.641,"Y좌표7":839.64,"Y좌표6":839.64,"Y좌표5":707.865,"Y좌표15":796.648,"Y좌표14":815.644,"Y좌표17":791.649,"Y좌표16":796.648,"Y좌표11":817.644,"Y좌표10":831.641,"Y좌표13":823.643,"Y좌표12":816.644,"X좌표25":391.875,"X좌표24":419.875,"X좌표23":448.875,"X좌표22":498.875,"X좌표21":534.875,"X좌표20":586.875,"Y좌표19":634.679,"Y좌표18":782.651}],"원피스":[{}],"상의":[{"Y좌표9":248.953,"Y좌표22":25.995,"Y좌표21":3.99924,"Y좌표24":42.9918,"Y좌표23":43.9916,"Y좌표20":27.9947,"X좌표19":543.875,"X좌표18":561.875,"X좌표17":577.875,"X좌표16":528.875,"X좌표15":499.875,"X좌표14":496.875,"X좌표13":497.875,"X좌표12":506.875,"X좌표11":479.875,"Y좌표4":202.961,"X좌표10":440.875,"Y좌표3":52.9899,"Y좌표2":37.9928,"Y좌표1":11.9977,"Y좌표8":256.951,"Y좌표7":263.95,"Y좌표6":263.95,"Y좌표5":210.96,"Y좌표15":197.962,"Y좌표14":188.964,"X좌표8":403.875,"Y좌표17":171.967,"X좌표9":420.875,"Y좌표16":182.965,"Y좌표11":261.95,"Y좌표10":263.95,"Y좌표13":206.961,"Y좌표12":245.953,"X좌표24":380.875,"X좌표23":416.875,"X좌표22":454.875,"X좌표2":299.875,"X좌표21":472.875,"X좌표3":290.875,"X좌표20":526.875,"X좌표1":349.875,"X좌표6":328.875,"Y좌표19":46.991,"X좌표7":368.875,"Y좌표18":123.976,"X좌표4":268.875,"X좌표5":328.875}]},"라벨링":{"스타일":[{"스타일":"로맨틱"}],"아우터":[{}],"하의":[{"기장":"미디","색상":"스카이블루","서브색상":"옐로우","카테고리":"스커트","디테일":["셔링","플리츠","플레어"],"소재":["린넨"],"프린트":["체크"],"핏":"와이드"}],"원피스":[{}],"상의":[{"기장":"크롭","색상":"화이트","카테고리":"티셔츠","디테일":["셔링"],"소매기장":"반팔","소재":["저지"],"프린트":["무지"],"넥라인":"라운드넥","핏":"노멀"}]}},"파일 번호":1216018,"파일 이름":"sk2799k06-sk2799k06-s_10.jpg"}}