{"이미지 정보":{"이미지 식별자":122845,"이미지 높이":800,"이미지 파일명":"siutim_1140_06.jpg","이미지 너비":800},"데이터셋 정보":{"파일 생성일자":"2020-08-10 10:39:43","데이터셋 상세설명":{"렉트좌표":{"아우터":[{}],"하의":[{"X좌표":240.172,"Y좌표":268.133,"가로":197,"세로":446}],"원피스":[{}],"상의":[{"X좌표":210.214,"Y좌표":6.49721,"가로":259,"세로":294}]},"폴리곤좌표":{"아우터":[{}],"하의":[{"Y좌표9":676.178,"X좌표17":421.421,"X좌표16":438.397,"X좌표15":432.406,"X좌표14":415.429,"X좌표13":389.465,"X좌표12":360.506,"X좌표11":336.539,"Y좌표4":275.624,"X좌표10":322.558,"Y좌표3":279.618,"Y좌표2":282.614,"Y좌표1":268.633,"Y좌표8":652.211,"Y좌표7":549.354,"Y좌표6":396.456,"Y좌표5":319.562,"Y좌표15":397.676,"Y좌표14":705.248,"X좌표8":262.642,"Y좌표17":271.851,"X좌표9":288.606,"Y좌표16":285.832,"Y좌표11":708.244,"Y좌표10":660.2,"Y좌표13":714.236,"Y좌표12":715.234,"X좌표2":355.512,"X좌표3":288.606,"X좌표1":417.426,"X좌표6":248.661,"X좌표7":263.64,"X좌표4":260.644,"X좌표5":240.672}],"원피스":[{}],"상의":[{"Y좌표9":186.747,"Y좌표22":26.9694,"Y좌표21":43.9458,"Y좌표23":9.99304,"Y좌표20":107.857,"X좌표19":462.364,"X좌표18":447.385,"X좌표17":420.422,"X좌표16":416.428,"X좌표15":439.396,"X좌표14":421.421,"X좌표13":368.494,"X좌표12":305.582,"X좌표11":242.669,"Y좌표4":8.99443,"X좌표10":267.635,"Y좌표3":35.9569,"Y좌표2":83.8903,"Y좌표1":6.99721,"Y좌표8":180.756,"Y좌표7":137.815,"Y좌표6":83.8903,"Y좌표5":38.9528,"Y좌표15":272.628,"Y좌표14":289.604,"X좌표8":219.701,"Y좌표17":193.737,"X좌표9":253.654,"Y좌표16":210.714,"Y좌표11":283.612,"Y좌표10":232.683,"Y좌표13":298.592,"Y좌표12":301.587,"X좌표23":380.478,"X좌표22":427.412,"X좌표2":333.543,"X좌표21":465.36,"X좌표3":313.571,"X좌표20":470.353,"X좌표1":376.483,"X좌표6":210.714,"Y좌표19":171.768,"X좌표7":211.712,"Y좌표18":198.731,"X좌표4":316.567,"X좌표5":232.683}]},"라벨링":{"스타일":[{"스타일":"로맨틱","서브스타일":"컨트리"}],"아우터":[{}],"하의":[{"기장":"발목","색상":"화이트","카테고리":"팬츠","소재":["우븐"],"프린트":["무지"],"핏":"와이드"}],"원피스":[{}],"상의":[{"기장":"노멀","색상":"블랙","서브색상":"화이트","카테고리":"셔츠","옷깃":"테일러드칼라","디테일":["퍼프","더블브레스티드","러플"],"소매기장":"반팔","소재":["우븐"],"프린트":["체크"],"핏":"노멀"}]}},"파일 번호":122845,"파일 이름":"siutim_1140_06.jpg"}}