{"이미지 정보":{"이미지 식별자":1233289,"이미지 높이":800,"이미지 파일명":"1-(9)-009-276-4,164-19,041-Forme_422_11.jpg","이미지 너비":800},"데이터셋 정보":{"파일 생성일자":"2020-11-19 16:16:20","데이터셋 상세설명":{"렉트좌표":{"아우터":[{}],"하의":[{}],"원피스":[{"X좌표":278.645,"Y좌표":3.51562,"가로":260,"세로":519}],"상의":[{}]},"폴리곤좌표":{"아우터":[{}],"하의":[{}],"원피스":[{"X좌표39":516.145,"X좌표38":515.145,"X좌표37":524.145,"X좌표36":540.145,"X좌표35":491.145,"X좌표34":504.145,"X좌표33":503.145,"X좌표32":508.145,"X좌표31":523.145,"X좌표30":508.145,"X좌표49":443.145,"X좌표48":443.145,"X좌표47":429.145,"X좌표46":443.145,"X좌표45":460.145,"X좌표44":491.145,"X좌표43":501.145,"X좌표42":506.145,"X좌표41":513.145,"X좌표40":516.145,"Y좌표26":516.016,"Y좌표25":511.016,"Y좌표28":509.016,"Y좌표27":516.016,"Y좌표22":502.016,"Y좌표21":503.016,"Y좌표24":514.016,"Y좌표23":524.016,"Y좌표20":512.016,"X좌표55":374.145,"X좌표54":395.145,"X좌표53":419.145,"X좌표52":420.145,"X좌표51":425.145,"X좌표50":429.145,"Y좌표29":502.016,"Y좌표15":517.016,"Y좌표14":374.016,"Y좌표17":442.016,"Y좌표16":516.016,"Y좌표11":207.016,"Y좌표10":183.016,"Y좌표13":293.016,"Y좌표12":258.016,"Y좌표19":509.016,"Y좌표18":501.016,"Y좌표48":19.0156,"Y좌표47":6.01562,"Y좌표49":29.0156,"Y좌표44":32.0156,"Y좌표43":42.0156,"Y좌표46":4.01562,"Y좌표45":21.0156,"Y좌표40":87.0156,"Y좌표42":58.0156,"Y좌표41":87.0156,"Y좌표37":118.016,"Y좌표36":166.016,"X좌표8":306.145,"Y좌표39":92.0156,"X좌표9":329.145,"Y좌표38":101.016,"Y좌표33":306.016,"Y좌표32":373.016,"Y좌표35":186.016,"Y좌표34":283.016,"Y좌표31":509.016,"Y좌표30":509.016,"X좌표2":364.145,"X좌표3":328.145,"X좌표1":374.145,"X좌표6":293.145,"X좌표7":279.145,"X좌표4":314.145,"X좌표5":299.145,"Y좌표9":179.016,"X좌표19":330.145,"X좌표18":333.145,"X좌표17":333.145,"X좌표16":318.145,"X좌표15":309.145,"X좌표14":333.145,"X좌표13":346.145,"X좌표12":346.145,"X좌표11":349.145,"Y좌표4":47.0156,"X좌표10":346.145,"Y좌표3":31.0156,"Y좌표2":18.0156,"Y좌표1":6.01562,"Y좌표8":174.016,"Y좌표7":168.016,"Y좌표6":119.016,"Y좌표5":102.016,"Y좌표55":7.01562,"Y좌표54":28.0156,"Y좌표51":51.0156,"Y좌표50":36.0156,"Y좌표53":36.0156,"Y좌표52":48.0156,"X좌표29":499.145,"X좌표28":474.145,"X좌표27":451.145,"X좌표26":419.145,"X좌표25":419.145,"X좌표24":404.145,"X좌표23":395.145,"X좌표22":365.145,"X좌표21":351.145,"X좌표20":348.145}],"상의":[{}]},"라벨링":{"스타일":[{"스타일":"로맨틱","서브스타일":"페미닌"}],"아우터":[{}],"하의":[{}],"원피스":[{"기장":"니렝스","색상":"블루","카테고리":"드레스","옷깃":"차이나칼라","디테일":["셔링","띠"],"소매기장":"반팔","소재":["우븐"],"프린트":["무지"],"핏":"노멀"}],"상의":[{}]}},"파일 번호":1233289,"파일 이름":"1-(9)-009-276-4,164-19,041-Forme_422_11.jpg"}}