{"이미지 정보":{"이미지 식별자":1240341,"이미지 높이":800,"이미지 파일명":"018-285-4,257-35,865-hanna_293_08.jpg","이미지 너비":800},"데이터셋 정보":{"파일 생성일자":"2020-11-19 16:47:56","데이터셋 상세설명":{"렉트좌표":{"아우터":[{}],"하의":[{}],"원피스":[{"X좌표":286.895,"Y좌표":2.50277,"가로":248,"세로":643}],"상의":[{}]},"폴리곤좌표":{"아우터":[{}],"하의":[{}],"원피스":[{"Y좌표9":646.108,"X좌표15":520.072,"X좌표14":536.05,"X좌표13":512.083,"X좌표12":519.073,"X좌표11":529.059,"Y좌표4":3.00277,"X좌표10":488.116,"Y좌표3":33.9597,"Y좌표2":4.00138,"Y좌표1":18.9805,"Y좌표8":355.512,"Y좌표7":192.739,"Y좌표6":158.786,"Y좌표5":18.9805,"Y좌표15":16.9833,"Y좌표14":158.786,"X좌표8":322.347,"X좌표9":325.343,"Y좌표11":619.146,"Y좌표10":632.128,"Y좌표13":191.74,"Y좌표12":332.544,"X좌표2":446.175,"X좌표3":422.208,"X좌표1":517.076,"X좌표6":287.395,"X좌표7":344.316,"X좌표4":390.252,"X좌표5":310.363}],"상의":[{}]},"라벨링":{"스타일":[{"스타일":"로맨틱","서브스타일":"페미닌"}],"아우터":[{}],"하의":[{}],"원피스":[{"기장":"미디","색상":"베이지","카테고리":"드레스","옷깃":"셔츠칼라","디테일":["단추","퀄팅","슬릿"],"소매기장":"반팔","소재":["우븐"],"프린트":["무지"],"넥라인":"브이넥","핏":"타이트"}],"상의":[{}]}},"파일 번호":1240341,"파일 이름":"018-285-4,257-35,865-hanna_293_08.jpg"}}