{"이미지 정보":{"이미지 식별자":1246083,"이미지 높이":1066,"이미지 파일명":"1603076-0001 (3528).jpg","이미지 너비":800},"데이터셋 정보":{"파일 생성일자":"2020-11-19 17:21:22","데이터셋 상세설명":{"렉트좌표":{"아우터":[{}],"하의":[{}],"원피스":[{}],"상의":[{"X좌표":41.5,"Y좌표":-1.16624,"가로":718,"세로":896}]},"폴리곤좌표":{"아우터":[{}],"하의":[{}],"원피스":[{}],"상의":[{"Y좌표44":11.3263,"Y좌표43":33.9787,"Y좌표46":11.3263,"Y좌표45":-0.66624,"Y좌표40":23.3188,"Y좌표42":48.6362,"Y좌표41":44.6388,"X좌표39":480.667,"X좌표38":515.333,"X좌표37":512.667,"X좌표36":523.333,"X좌표35":554.0,"X좌표34":612.667,"X좌표33":658.0,"X좌표32":687.333,"X좌표31":704.667,"X좌표30":730.0,"Y좌표37":16.6563,"Y좌표36":29.9812,"X좌표8":56.6666,"Y좌표39":8.66127,"X좌표9":42.0,"Y좌표38":1.99875,"Y좌표33":81.9487,"Y좌표32":125.921,"Y좌표35":36.6438,"Y좌표34":56.6312,"Y좌표31":217.864,"Y좌표30":331.126,"X좌표46":296.667,"X좌표45":338.0,"X좌표44":336.667,"X좌표2":268.667,"X좌표43":350.0,"X좌표3":194.0,"X좌표42":403.333,"X좌표41":447.333,"X좌표1":300.667,"X좌표40":484.667,"X좌표6":95.3333,"X좌표7":79.3333,"X좌표4":132.667,"X좌표5":110.0,"Y좌표26":814.823,"Y좌표25":833.478,"Y좌표28":713.553,"Y좌표9":710.888,"Y좌표27":772.183,"Y좌표22":877.451,"Y좌표21":877.451,"Y좌표24":860.128,"Y좌표23":873.453,"Y좌표20":885.446,"X좌표19":454.0,"X좌표18":323.333,"X좌표17":214.0,"X좌표16":167.333,"X좌표15":146.0,"X좌표14":114.0,"X좌표13":71.3333,"X좌표12":51.3333,"X좌표11":64.6666,"Y좌표4":83.2812,"X좌표10":43.3333,"Y좌표3":48.6362,"Y좌표2":25.9837,"Y좌표1":11.3263,"Y좌표8":600.291,"Y좌표7":411.076,"Y좌표29":548.324,"Y좌표6":255.174,"Y좌표5":145.909,"Y좌표15":864.126,"Y좌표14":856.131,"Y좌표17":877.451,"Y좌표16":882.781,"Y좌표11":785.508,"Y좌표10":754.861,"Y좌표13":849.468,"Y좌표12":824.151,"X좌표29":751.333,"X좌표28":760.667,"X좌표27":754.0,"X좌표26":744.667,"X좌표25":732.667,"X좌표24":742.0,"X좌표23":722.0,"X좌표22":682.0,"X좌표21":636.667,"X좌표20":576.667,"Y좌표19":896.106,"Y좌표18":888.111}]},"라벨링":{"스타일":[{"스타일":"로맨틱","서브스타일":"스트리트"}],"아우터":[{}],"하의":[{}],"원피스":[{}],"상의":[{"기장":"노멀","색상":"민트","카테고리":"니트웨어","디테일":["셔링"],"소매기장":"긴팔","소재":["니트"],"프린트":["무지"],"핏":"노멀"}]}},"파일 번호":1246083,"파일 이름":"1603076-0001 (3528).jpg"}}