{"이미지 정보":{"이미지 식별자":14298,"이미지 높이":800,"이미지 파일명":"Lounge-Vera_124_03.jpg","이미지 너비":800},"데이터셋 정보":{"파일 생성일자":"2020-08-06 05:53:02","데이터셋 상세설명":{"렉트좌표":{"아우터":[{}],"하의":[{}],"원피스":[{}],"상의":[{"X좌표":244.5,"Y좌표":-1.49147,"가로":308,"세로":197}]},"폴리곤좌표":{"아우터":[{}],"하의":[{}],"원피스":[{}],"상의":[{"X좌표39":523.0,"X좌표38":507.0,"X좌표37":496.0,"X좌표36":481.0,"X좌표35":466.0,"X좌표34":447.0,"X좌표33":421.0,"X좌표32":405.0,"X좌표31":390.0,"X좌표30":371.0,"X좌표49":490.0,"X좌표48":505.0,"X좌표47":522.0,"X좌표46":535.0,"X좌표45":543.0,"X좌표44":550.0,"X좌표43":553.0,"X좌표42":551.0,"X좌표41":545.0,"X좌표40":531.0,"Y좌표26":133.009,"Y좌표25":101.009,"Y좌표28":166.009,"Y좌표27":149.009,"Y좌표22":116.009,"Y좌표21":118.009,"Y좌표24":97.0085,"Y좌표23":97.0085,"Y좌표20":106.009,"X좌표50":486.0,"Y좌표29":177.009,"Y좌표15":33.0085,"Y좌표14":9.00853,"Y좌표17":61.0085,"Y좌표16":47.0085,"Y좌표11":1.00853,"Y좌표10":-0.99147,"Y좌표13":1.00853,"Y좌표12":3.00853,"Y좌표19":90.0085,"Y좌표18":79.0085,"Y좌표48":29.0085,"Y좌표47":35.0085,"Y좌표49":15.0085,"Y좌표44":68.0085,"Y좌표43":107.009,"Y좌표46":38.0085,"Y좌표45":46.0085,"Y좌표40":182.009,"Y좌표42":143.009,"Y좌표41":166.009,"Y좌표37":191.009,"Y좌표36":191.009,"X좌표8":425.0,"Y좌표39":196.009,"X좌표9":431.0,"Y좌표38":190.009,"Y좌표33":192.009,"Y좌표32":187.009,"Y좌표35":195.009,"Y좌표34":196.009,"Y좌표31":180.009,"Y좌표30":177.009,"X좌표2":480.0,"X좌표3":478.0,"X좌표1":485.0,"X좌표6":445.0,"X좌표7":436.0,"X좌표4":463.0,"X좌표5":453.0,"Y좌표9":12.0085,"X좌표19":245.0,"X좌표18":250.0,"X좌표17":260.0,"X좌표16":262.0,"X좌표15":290.0,"X좌표14":329.0,"X좌표13":350.0,"X좌표12":376.0,"X좌표11":390.0,"Y좌표4":78.0085,"X좌표10":425.0,"Y좌표3":50.0085,"Y좌표2":27.0085,"Y좌표1":1.00853,"Y좌표8":26.0085,"Y좌표7":66.0085,"Y좌표6":87.0085,"Y좌표5":92.0085,"Y좌표50":2.00853,"X좌표29":362.0,"X좌표28":355.0,"X좌표27":352.0,"X좌표26":344.0,"X좌표25":344.0,"X좌표24":328.0,"X좌표23":314.0,"X좌표22":299.0,"X좌표21":285.0,"X좌표20":265.0}]},"라벨링":{"스타일":[{"스타일":"로맨틱"}],"아우터":[{}],"하의":[{"기장":"맥시","카테고리":"팬츠","디테일":["버클"],"소재":["우븐"],"프린트":["무지"],"핏":"와이드"}],"원피스":[{}],"상의":[{"카테고리":"블라우스","옷깃":"셔츠칼라","디테일":["퍼프"],"소재":["우븐"],"프린트":["무지"],"넥라인":"브이넥","핏":"노멀"}]}},"파일 번호":14298,"파일 이름":"Lounge-Vera_124_03.jpg"}}