{"이미지 정보":{"이미지 식별자":15349,"이미지 높이":800,"이미지 파일명":"Lounge-Vera_184_02.jpg","이미지 너비":800},"데이터셋 정보":{"파일 생성일자":"2020-08-06 05:58:45","데이터셋 상세설명":{"렉트좌표":{"아우터":[{}],"하의":[{}],"원피스":[{"X좌표":286.011,"Y좌표":1.50853,"가로":284,"세로":643}],"상의":[{"X좌표":362.011,"Y좌표":1.50853,"가로":71,"세로":95}]},"폴리곤좌표":{"아우터":[{}],"하의":[{}],"원피스":[{"Y좌표44":32.0085,"Y좌표43":93.0085,"Y좌표45":3.00853,"Y좌표40":21.0085,"Y좌표42":39.0085,"Y좌표41":2.00853,"X좌표39":486.511,"X좌표38":501.511,"X좌표37":549.511,"X좌표36":571.511,"X좌표35":563.511,"X좌표34":567.511,"X좌표33":553.511,"X좌표32":525.511,"X좌표31":520.511,"X좌표30":494.511,"Y좌표37":170.009,"Y좌표36":270.009,"X좌표8":292.511,"Y좌표39":23.0085,"X좌표9":290.511,"Y좌표38":32.0085,"Y좌표33":319.009,"Y좌표32":324.009,"Y좌표35":303.009,"Y좌표34":322.009,"Y좌표31":293.009,"Y좌표30":242.009,"X좌표45":378.511,"X좌표44":367.511,"X좌표2":355.511,"X좌표43":402.511,"X좌표3":311.511,"X좌표42":421.511,"X좌표41":429.511,"X좌표1":379.511,"X좌표40":445.511,"X좌표6":287.511,"X좌표7":287.511,"X좌표4":298.511,"X좌표5":295.511,"Y좌표26":226.009,"Y좌표25":273.009,"Y좌표28":186.009,"Y좌표9":321.009,"Y좌표27":203.009,"Y좌표22":591.009,"Y좌표21":592.009,"Y좌표24":365.009,"Y좌표23":580.009,"Y좌표20":571.009,"X좌표19":475.511,"X좌표18":472.511,"X좌표17":427.511,"X좌표16":426.511,"X좌표15":377.511,"X좌표14":328.511,"X좌표13":286.511,"X좌표12":299.511,"X좌표11":290.511,"Y좌표4":56.0085,"X좌표10":304.511,"Y좌표3":34.0085,"Y좌표2":27.0085,"Y좌표1":7.00853,"Y좌표8":312.009,"Y좌표7":296.009,"Y좌표29":170.009,"Y좌표6":243.009,"Y좌표5":168.009,"Y좌표15":642.009,"Y좌표14":639.009,"Y좌표17":624.009,"Y좌표16":646.009,"Y좌표11":448.009,"Y좌표10":322.009,"Y좌표13":631.009,"Y좌표12":456.009,"X좌표29":472.511,"X좌표28":466.511,"X좌표27":485.511,"X좌표26":474.511,"X좌표25":488.511,"X좌표24":515.511,"X좌표23":549.511,"X좌표22":522.511,"X좌표21":497.511,"X좌표20":493.511,"Y좌표19":576.009,"Y좌표18":596.009}],"상의":[{"X좌표8":409.511,"X좌표9":399.511,"Y좌표9":21.0085,"Y좌표10":7.00853,"X좌표2":362.511,"Y좌표4":56.0085,"X좌표10":378.511,"X좌표3":400.511,"Y좌표3":98.0085,"Y좌표2":25.0085,"X좌표1":376.511,"Y좌표1":5.00853,"X좌표6":434.511,"Y좌표8":15.0085,"X좌표7":423.511,"Y좌표7":2.00853,"X좌표4":417.511,"Y좌표6":8.00853,"X좌표5":429.511,"Y좌표5":21.0085}]},"라벨링":{"스타일":[{"스타일":"로맨틱"}],"아우터":[{}],"하의":[{"기장":"미디","카테고리":"스커트","디테일":["러플","플리츠"],"소재":["우븐"],"프린트":["무지"],"핏":"와이드"}],"원피스":[{"색상":"화이트","소매기장":"긴팔"}],"상의":[{"기장":"노멀","색상":"블랙","카테고리":"블라우스","디테일":["플리츠"],"소매기장":"없음","소재":["우븐"],"프린트":["무지"],"넥라인":"브이넥","핏":"노멀"}]}},"파일 번호":15349,"파일 이름":"Lounge-Vera_184_02.jpg"}}