{"이미지 정보":{"이미지 식별자":170009,"이미지 높이":800,"이미지 파일명":"shasha_171_35.jpg","이미지 너비":800},"데이터셋 정보":{"파일 생성일자":"2020-08-18 10:57:12","데이터셋 상세설명":{"렉트좌표":{"아우터":[{}],"하의":[{}],"원피스":[{}],"상의":[{"X좌표":82.1801,"Y좌표":-1.49168,"가로":700,"세로":704}]},"폴리곤좌표":{"아우터":[{}],"하의":[{}],"원피스":[{}],"상의":[{"X좌표33":297.382,"X좌표32":470.141,"X좌표31":562.013,"X좌표30":658.879,"X좌표8":100.655,"X좌표9":138.602,"Y좌표33":-0.991678,"Y좌표32":110.853,"Y좌표31":-0.991678,"Y좌표30":1.00554,"X좌표2":233.47,"X좌표3":198.519,"X좌표1":295.384,"X좌표6":90.669,"X좌표7":82.6801,"X좌표4":173.554,"X좌표5":155.579,"Y좌표26":332.544,"Y좌표25":480.339,"Y좌표28":135.818,"Y좌표9":693.043,"Y좌표27":268.633,"Y좌표22":539.257,"Y좌표21":545.249,"Y좌표24":487.329,"Y좌표23":499.312,"Y좌표20":603.168,"X좌표19":649.891,"X좌표18":608.948,"X좌표17":546.036,"X좌표16":472.138,"X좌표15":439.184,"X좌표14":386.258,"X좌표13":313.359,"X좌표12":274.413,"X좌표11":266.425,"Y좌표4":246.664,"X좌표10":229.476,"Y좌표3":118.842,"Y좌표2":32.9611,"Y좌표1":2.00416,"Y좌표8":688.05,"Y좌표7":646.108,"Y좌표29":35.9569,"Y좌표6":609.16,"Y좌표5":342.531,"Y좌표15":679.062,"Y좌표14":702.031,"Y좌표17":670.075,"Y좌표16":646.108,"Y좌표11":660.089,"Y좌표10":703.029,"Y좌표13":675.068,"Y좌표12":635.124,"X좌표29":693.83,"X좌표28":735.772,"X좌표27":765.73,"X좌표26":782.706,"X좌표25":773.719,"X좌표24":744.759,"X좌표23":714.801,"X좌표22":689.836,"X좌표21":663.872,"X좌표20":687.838,"Y좌표19":652.1,"Y좌표18":675.068}]},"라벨링":{"스타일":[{"스타일":"로맨틱"}],"아우터":[{}],"하의":[{}],"원피스":[{}],"상의":[{"기장":"노멀","색상":"화이트","서브색상":"블랙","카테고리":"셔츠","디테일":["단추","셔링"],"소매기장":"긴팔","소재":["우븐"],"프린트":["체크"],"넥라인":"브이넥","핏":"루즈"}]}},"파일 번호":170009,"파일 이름":"shasha_171_35.jpg"}}