{"이미지 정보":{"이미지 식별자":182350,"이미지 높이":800,"이미지 파일명":"doorim_1178_08.jpg","이미지 너비":800},"데이터셋 정보":{"파일 생성일자":"2020-09-03 01:29:28","데이터셋 상세설명":{"렉트좌표":{"아우터":[{}],"하의":[{}],"원피스":[{"X좌표":263.933,"Y좌표":-0.500008,"가로":269,"세로":670}],"상의":[{}]},"폴리곤좌표":{"아우터":[{}],"하의":[{}],"원피스":[{"Y좌표9":657.0,"Y좌표22":17.0,"Y좌표21":13.0,"Y좌표20":5.99999,"X좌표19":286.433,"X좌표18":264.433,"X좌표17":322.433,"X좌표16":320.433,"X좌표15":306.433,"X좌표14":298.433,"X좌표13":278.433,"X좌표12":269.433,"X좌표11":270.433,"Y좌표4":154.0,"X좌표10":329.433,"Y좌표3":147.0,"Y좌표2":24.0,"Y좌표1":-7.62939E-6,"Y좌표8":671.0,"Y좌표7":653.0,"Y좌표6":513.0,"Y좌표5":196.0,"Y좌표15":204.0,"Y좌표14":271.0,"X좌표8":430.433,"Y좌표17":144.0,"X좌표9":349.433,"Y좌표16":166.0,"Y좌표11":624.0,"Y좌표10":624.0,"Y좌표13":382.0,"Y좌표12":514.0,"X좌표22":426.433,"X좌표2":501.433,"X좌표21":376.433,"X좌표3":534.433,"X좌표20":337.433,"X좌표1":440.433,"X좌표6":522.433,"Y좌표19":49.0,"X좌표7":530.433,"Y좌표18":114.0,"X좌표4":471.433,"X좌표5":471.433}],"상의":[{}]},"라벨링":{"스타일":[{"스타일":"로맨틱","서브스타일":"리조트"}],"아우터":[{}],"하의":[{}],"원피스":[{"기장":"발목","색상":"레드","카테고리":"드레스","디테일":["셔링","리본"],"소매기장":"반팔","소재":["우븐"],"프린트":["무지"],"넥라인":"라운드넥","핏":"노멀"}],"상의":[{}]}},"파일 번호":182350,"파일 이름":"doorim_1178_08.jpg"}}