{"이미지 정보":{"이미지 식별자":182337,"이미지 높이":800,"이미지 파일명":"doorim_1177_10.jpg","이미지 너비":800},"데이터셋 정보":{"파일 생성일자":"2020-09-03 01:29:24","데이터셋 상세설명":{"렉트좌표":{"아우터":[{}],"하의":[{}],"원피스":[{"X좌표":230.933,"Y좌표":6.49999,"가로":304,"세로":695}],"상의":[{}]},"폴리곤좌표":{"아우터":[{}],"하의":[{}],"원피스":[{"Y좌표9":675.0,"X좌표19":424.433,"X좌표18":384.433,"X좌표17":331.433,"X좌표16":286.433,"X좌표15":271.433,"X좌표14":254.433,"X좌표13":312.433,"X좌표12":274.433,"X좌표11":248.433,"Y좌표4":173.0,"X좌표10":231.433,"Y좌표3":166.0,"Y좌표2":35.0,"Y좌표1":6.99999,"Y좌표8":682.0,"Y좌표7":703.0,"Y좌표6":636.0,"Y좌표5":318.0,"Y좌표15":103.0,"Y좌표14":163.0,"X좌표8":379.433,"Y좌표17":12.0,"X좌표9":312.433,"Y좌표16":31.0,"Y좌표11":437.0,"Y좌표10":654.0,"Y좌표13":187.0,"Y좌표12":273.0,"X좌표2":507.433,"X좌표3":536.433,"X좌표1":447.433,"X좌표6":477.433,"Y좌표19":20.0,"X좌표7":481.433,"Y좌표18":40.0,"X좌표4":474.433,"X좌표5":474.433}],"상의":[{}]},"라벨링":{"스타일":[{"스타일":"로맨틱"}],"아우터":[{}],"하의":[{}],"원피스":[{"기장":"미디","색상":"그레이","서브색상":"화이트","카테고리":"드레스","소매기장":"반팔","소재":["시폰"],"프린트":["플로럴"],"넥라인":"라운드넥","핏":"루즈"}],"상의":[{}]}},"파일 번호":182337,"파일 이름":"doorim_1177_10.jpg"}}