{"이미지 정보":{"이미지 식별자":57228,"이미지 높이":800,"이미지 파일명":"chaplin_442_01.jpg","이미지 너비":800},"데이터셋 정보":{"파일 생성일자":"2020-08-10 02:28:10","데이터셋 상세설명":{"렉트좌표":{"아우터":[{"X좌표":163.279,"Y좌표":3.50138,"가로":455,"세로":658}],"하의":[{}],"원피스":[{}],"상의":[{}]},"폴리곤좌표":{"아우터":[{"X좌표39":240.672,"X좌표38":245.665,"X좌표37":297.593,"X좌표36":313.571,"X좌표35":319.562,"X좌표34":329.549,"X좌표33":341.532,"X좌표32":355.512,"X좌표31":358.508,"X좌표30":376.483,"X좌표49":302.586,"X좌표48":277.621,"X좌표47":253.654,"X좌표46":240.672,"X좌표45":216.706,"X좌표44":201.726,"X좌표43":181.754,"X좌표42":170.769,"X좌표41":163.779,"X좌표40":206.719,"Y좌표26":86.8861,"Y좌표25":38.9528,"Y좌표28":129.826,"Y좌표27":113.849,"Y좌표22":61.9208,"Y좌표21":105.86,"Y좌표24":7.99582,"Y좌표23":17.9819,"Y좌표20":126.831,"X좌표50":346.525,"Y좌표29":148.8,"Y좌표15":504.416,"Y좌표14":579.312,"Y좌표17":264.75,"Y좌표16":363.612,"Y좌표11":604.278,"Y좌표10":562.336,"Y좌표13":629.243,"Y좌표12":630.241,"Y좌표19":137.926,"Y좌표18":204.833,"Y좌표48":46.9417,"Y좌표47":63.918,"Y좌표49":32.9611,"Y좌표44":168.883,"Y좌표43":356.622,"Y좌표46":75.9014,"Y좌표45":97.8708,"Y좌표40":628.244,"Y좌표42":517.398,"Y좌표41":623.251,"Y좌표37":649.215,"Y좌표36":662.197,"X좌표8":619.146,"Y좌표39":628.244,"X좌표9":612.156,"Y좌표38":617.26,"Y좌표33":498.314,"Y좌표32":359.507,"Y좌표35":608.272,"Y좌표34":586.192,"Y좌표31":230.686,"Y좌표30":151.796,"X좌표2":439.396,"X좌표3":456.372,"X좌표1":436.4,"X좌표6":571.212,"X좌표7":596.178,"X좌표4":483.335,"X좌표5":531.268,"Y좌표9":554.347,"X좌표19":422.419,"X좌표18":437.399,"X좌표17":438.397,"X좌표16":451.379,"X좌표15":489.326,"X좌표14":520.283,"X좌표13":535.262,"X좌표12":539.257,"X좌표11":593.182,"Y좌표4":39.9514,"X좌표10":602.169,"Y좌표3":19.9792,"Y좌표2":8.99443,"Y좌표1":18.9805,"Y좌표8":370.492,"Y좌표7":175.762,"Y좌표6":79.8958,"Y좌표5":50.9361,"Y좌표50":4.00138,"X좌표29":351.518,"X좌표28":352.517,"X좌표27":346.525,"X좌표26":329.549,"X좌표25":328.55,"X좌표24":345.526,"X좌표23":438.397,"X좌표22":453.376,"X좌표21":446.386,"X좌표20":449.382}],"하의":[{}],"원피스":[{}],"상의":[{}]},"라벨링":{"스타일":[{"스타일":"로맨틱"}],"아우터":[{"기장":"노말","색상":"베이지","카테고리":"재킷","옷깃":"피터팬칼라","디테일":["단추","포켓"],"소매기장":"긴팔","소재":["울\/캐시미어"],"프린트":["무지"],"핏":"노멀"}],"하의":[{}],"원피스":[{}],"상의":[{}]}},"파일 번호":57228,"파일 이름":"chaplin_442_01.jpg"}}