{"이미지 정보":{"이미지 식별자":57496,"이미지 높이":800,"이미지 파일명":"chaplin_459_10.jpg","이미지 너비":800},"데이터셋 정보":{"파일 생성일자":"2020-08-10 02:29:40","데이터셋 상세설명":{"렉트좌표":{"아우터":[{"X좌표":213.21,"Y좌표":8.49443,"가로":413,"세로":757}],"하의":[{}],"원피스":[{}],"상의":[{}]},"폴리곤좌표":{"아우터":[{"X좌표39":230.686,"X좌표38":213.71,"X좌표37":215.707,"X좌표36":222.697,"X좌표35":250.658,"X좌표34":265.637,"X좌표33":259.646,"X좌표32":250.658,"X좌표31":263.64,"X좌표30":291.601,"X좌표49":398.453,"X좌표48":376.483,"X좌표47":365.499,"X좌표46":347.524,"X좌표45":343.529,"X좌표44":328.55,"X좌표43":289.604,"X좌표42":282.614,"X좌표41":256.65,"X좌표40":243.668,"Y좌표26":755.29,"Y좌표25":751.295,"Y좌표28":766.274,"Y좌표27":758.286,"Y좌표22":660.422,"Y좌표21":508.3,"Y좌표24":733.32,"Y좌표23":708.355,"Y좌표20":389.465,"X좌표51":422.419,"X좌표50":418.425,"Y좌표29":765.276,"Y좌표15":268.633,"Y좌표14":247.662,"Y좌표17":302.586,"Y좌표16":279.618,"Y좌표11":172.767,"Y좌표10":193.737,"Y좌표13":215.707,"Y좌표12":181.754,"Y좌표19":306.581,"Y좌표18":306.581,"Y좌표48":71.9069,"Y좌표47":56.9278,"Y좌표49":57.9264,"Y좌표44":16.9833,"Y좌표43":36.9555,"Y좌표46":31.9625,"Y좌표45":8.99443,"Y좌표40":87.8847,"Y좌표42":56.9278,"Y좌표41":61.9208,"Y좌표37":422.752,"Y좌표36":450.713,"X좌표8":521.282,"Y좌표39":167.774,"X좌표9":526.275,"Y좌표38":360.838,"Y좌표33":564.555,"Y좌표32":712.349,"Y좌표35":454.708,"Y좌표34":451.712,"Y좌표31":731.323,"Y좌표30":751.295,"X좌표2":440.394,"X좌표3":445.387,"X좌표1":423.418,"X좌표6":493.321,"X좌표7":510.297,"X좌표4":466.358,"X좌표5":469.354,"Y좌표9":216.706,"X좌표19":485.332,"X좌표18":501.31,"X좌표17":536.261,"X좌표16":586.192,"X좌표15":616.15,"X좌표14":627.135,"X좌표13":626.136,"X좌표12":615.151,"X좌표11":591.185,"Y좌표4":48.9389,"X좌표10":561.226,"Y좌표3":43.9458,"Y좌표2":29.9653,"Y좌표1":12.9889,"Y좌표8":168.772,"Y좌표7":112.85,"Y좌표6":70.9083,"Y좌표5":65.9153,"Y좌표51":13.9875,"Y좌표50":37.9542,"X좌표29":319.562,"X좌표28":360.506,"X좌표27":389.465,"X좌표26":411.435,"X좌표25":443.39,"X좌표24":459.368,"X좌표23":487.329,"X좌표22":488.328,"X좌표21":503.307,"X좌표20":503.307}],"하의":[{}],"원피스":[{}],"상의":[{}]},"라벨링":{"스타일":[{"스타일":"로맨틱"}],"아우터":[{"기장":"롱","색상":"그레이","카테고리":"코트","옷깃":"피터팬칼라","디테일":["스터드","포켓"],"소매기장":"긴팔","소재":["플리스"],"프린트":["무지"],"핏":"루즈"}],"하의":[{}],"원피스":[{}],"상의":[{}]}},"파일 번호":57496,"파일 이름":"chaplin_459_10.jpg"}}