{"이미지 정보":{"이미지 식별자":57967,"이미지 높이":800,"이미지 파일명":"Gstudio_014_03.jpg","이미지 너비":800},"데이터셋 정보":{"파일 생성일자":"2020-08-10 02:32:17","데이터셋 상세설명":{"렉트좌표":{"아우터":[{}],"하의":[{"X좌표":317.507,"Y좌표":193.507,"가로":199,"세로":237}],"원피스":[{}],"상의":[{"X좌표":320.507,"Y좌표":1.50694,"가로":229,"세로":207}]},"폴리곤좌표":{"아우터":[{}],"하의":[{"X좌표30":483.007,"X좌표8":341.007,"X좌표9":334.007,"Y좌표30":197.007,"X좌표2":434.007,"X좌표3":409.007,"X좌표1":478.007,"X좌표6":357.007,"X좌표7":347.007,"X좌표4":374.007,"X좌표5":362.007,"Y좌표26":421.007,"Y좌표25":429.007,"Y좌표28":254.007,"Y좌표9":330.007,"Y좌표27":301.007,"Y좌표22":419.007,"Y좌표21":419.007,"Y좌표24":432.007,"Y좌표23":427.007,"Y좌표20":416.007,"X좌표19":428.007,"X좌표18":408.007,"X좌표17":369.007,"X좌표16":346.007,"X좌표15":331.007,"X좌표14":319.007,"X좌표13":321.007,"X좌표12":318.007,"X좌표11":321.007,"Y좌표4":197.007,"X좌표10":330.007,"Y좌표3":199.007,"Y좌표2":194.007,"Y좌표1":197.007,"Y좌표8":298.007,"Y좌표7":266.007,"Y좌표29":224.007,"Y좌표6":228.007,"Y좌표5":199.007,"Y좌표15":423.007,"Y좌표14":418.007,"Y좌표17":423.007,"Y좌표16":424.007,"Y좌표11":387.007,"Y좌표10":360.007,"Y좌표13":401.007,"Y좌표12":397.007,"X좌표29":492.007,"X좌표28":503.007,"X좌표27":516.007,"X좌표26":518.007,"X좌표25":496.007,"X좌표24":470.007,"X좌표23":467.007,"X좌표22":462.007,"X좌표21":462.007,"X좌표20":442.007,"Y좌표19":416.007,"Y좌표18":416.007}],"원피스":[{}],"상의":[{"X좌표38":411.007,"X좌표37":429.007,"X좌표36":429.007,"X좌표35":438.007,"X좌표34":439.007,"X좌표33":451.007,"X좌표32":464.007,"X좌표31":471.007,"X좌표30":488.007,"Y좌표37":37.0069,"Y좌표36":29.0069,"X좌표8":328.007,"X좌표9":326.007,"Y좌표38":49.0069,"Y좌표33":2.00694,"Y좌표32":12.0069,"Y좌표35":26.0069,"Y좌표34":14.0069,"Y좌표31":24.0069,"Y좌표30":30.0069,"X좌표2":399.007,"X좌표3":392.007,"X좌표1":409.007,"X좌표6":348.007,"X좌표7":336.007,"X좌표4":380.007,"X좌표5":362.007,"Y좌표26":146.007,"Y좌표25":176.007,"Y좌표28":63.0069,"Y좌표9":103.007,"Y좌표27":98.0069,"Y좌표22":190.007,"Y좌표21":198.007,"Y좌표24":180.007,"Y좌표23":186.007,"Y좌표20":206.007,"X좌표19":474.007,"X좌표18":441.007,"X좌표17":402.007,"X좌표16":371.007,"X좌표15":359.007,"X좌표14":341.007,"X좌표13":327.007,"X좌표12":321.007,"X좌표11":326.007,"Y좌표4":14.0069,"X좌표10":329.007,"Y좌표3":18.0069,"Y좌표2":36.0069,"Y좌표1":52.0069,"Y좌표8":63.0069,"Y좌표7":49.0069,"Y좌표29":39.0069,"Y좌표6":47.0069,"Y좌표5":18.0069,"Y좌표15":209.007,"Y좌표14":210.007,"Y좌표17":203.007,"Y좌표16":203.007,"Y좌표11":158.007,"Y좌표10":147.007,"Y좌표13":202.007,"Y좌표12":190.007,"X좌표29":513.007,"X좌표28":526.007,"X좌표27":532.007,"X좌표26":539.007,"X좌표25":551.007,"X좌표24":541.007,"X좌표23":526.007,"X좌표22":503.007,"X좌표21":496.007,"X좌표20":489.007,"Y좌표19":200.007,"Y좌표18":202.007}]},"라벨링":{"스타일":[{"스타일":"로맨틱","서브스타일":"스트리트"}],"아우터":[{}],"하의":[{"기장":"미니","색상":"블랙","카테고리":"스커트","디테일":["스터드"],"소재":["우븐"],"프린트":["무지"],"핏":"노멀"}],"원피스":[{}],"상의":[{"기장":"노멀","색상":"베이지","카테고리":"블라우스","디테일":["레이스"],"소매기장":"반팔","소재":["린넨"],"프린트":["무지"],"넥라인":"브이넥","핏":"노멀"}]}},"파일 번호":57967,"파일 이름":"Gstudio_014_03.jpg"}}