{"이미지 정보":{"이미지 식별자":615417,"이미지 높이":1066,"이미지 파일명":"159420045815789200_1896438608.jpg","이미지 너비":800},"데이터셋 정보":{"파일 생성일자":"2020-10-20 15:44:46","데이터셋 상세설명":{"렉트좌표":{"아우터":[{}],"하의":[{"X좌표":136.105,"Y좌표":544.84,"가로":501,"세로":476}],"원피스":[{}],"상의":[{"X좌표":39.2399,"Y좌표":-0.49306,"가로":712,"세로":747}]},"폴리곤좌표":{"아우터":[{}],"하의":[{"X좌표34":599.961,"X좌표33":621.93,"X좌표32":626.923,"X좌표31":623.927,"X좌표30":629.919,"X좌표8":140.6,"X좌표9":137.604,"Y좌표33":677.398,"Y좌표32":736.374,"Y좌표34":560.445,"Y좌표31":769.36,"Y좌표30":790.352,"X좌표2":374.275,"X좌표3":170.558,"X좌표1":596.965,"X좌표6":136.605,"X좌표7":139.601,"X좌표4":156.577,"X좌표5":145.593,"Y좌표26":973.277,"Y좌표25":985.272,"Y좌표28":853.326,"Y좌표9":987.271,"Y좌표27":908.304,"Y좌표22":1015.26,"Y좌표21":1006.26,"Y좌표24":1002.27,"Y좌표23":1014.26,"Y좌표20":980.274,"X좌표19":395.245,"X좌표18":399.24,"X좌표17":376.272,"X좌표16":377.27,"X좌표15":383.262,"X좌표14":378.269,"X좌표13":356.3,"X좌표12":316.355,"X좌표11":258.436,"Y좌표4":711.273,"X좌표10":193.526,"Y좌표3":545.34,"Y좌표2":558.335,"Y좌표1":561.334,"Y좌표8":924.297,"Y좌표7":874.317,"Y좌표29":815.341,"Y좌표6":828.336,"Y좌표5":781.244,"Y좌표15":970.278,"Y좌표14":1002.27,"Y좌표17":918.3,"Y좌표16":935.293,"Y좌표11":1017.26,"Y좌표10":1005.26,"Y좌표13":1016.26,"Y좌표12":1022.26,"X좌표29":629.919,"X좌표28":634.912,"X좌표27":637.908,"X좌표26":634.912,"X좌표25":624.926,"X좌표24":589.975,"X좌표23":547.034,"X좌표22":489.115,"X좌표21":432.194,"X좌표20":392.25,"Y좌표19":946.288,"Y좌표18":918.3}],"원피스":[{}],"상의":[{"Y좌표88":139.95,"Y좌표87":117.959,"Y좌표89":153.944,"Y좌표84":32.9935,"Y좌표83":9.00327,"Y좌표86":88.9707,"Y좌표85":51.9858,"Y좌표80":18.9992,"Y좌표82":9.00327,"Y좌표81":14.0012,"X좌표39":166.563,"X좌표38":157.576,"X좌표37":123.623,"X좌표36":146.591,"X좌표35":146.591,"X좌표34":163.568,"X좌표33":186.536,"X좌표32":203.512,"X좌표31":182.541,"X좌표30":172.555,"Y좌표77":55.9841,"Y좌표76":96.9674,"Y좌표79":37.9915,"Y좌표78":39.9907,"Y좌표73":215.919,"Y좌표72":253.904,"Y좌표75":139.95,"Y좌표74":166.939,"Y좌표71":270.897,"Y좌표70":299.885,"X좌표49":557.02,"X좌표48":530.058,"X좌표47":492.111,"X좌표46":454.163,"X좌표45":398.241,"X좌표44":349.309,"X좌표43":299.379,"X좌표42":245.454,"X좌표41":188.533,"X좌표40":182.541,"Y좌표26":356.862,"Y좌표25":338.869,"Y좌표28":368.857,"Y좌표27":361.86,"Y좌표22":262.9,"Y좌표21":239.909,"Y좌표24":317.877,"Y좌표23":290.888,"Y좌표20":196.927,"X좌표59":582.984,"X좌표58":582.984,"X좌표57":592.97,"X좌표56":603.955,"X좌표55":612.943,"X좌표54":621.93,"X좌표53":623.927,"X좌표52":638.906,"X좌표51":617.936,"X좌표50":592.97,"Y좌표29":373.855,"Y좌표15":19.9988,"Y좌표14":0.00693992,"Y좌표17":48.987,"Y좌표16":31.9939,"Y좌표11":9.00327,"Y좌표10":30.9943,"Y좌표13":4.00531,"Y좌표12":4.00531,"Y좌표90":163.94,"X좌표69":751.75,"X좌표68":736.77,"X좌표67":716.798,"X좌표66":689.836,"X좌표65":673.858,"X좌표64":644.898,"X좌표63":611.944,"X좌표62":612.943,"Y좌표19":149.946,"X좌표61":613.941,"Y좌표18":86.9715,"X좌표60":596.965,"Y좌표48":731.265,"Y좌표47":747.258,"Y좌표49":729.265,"Y좌표44":737.262,"Y좌표43":739.261,"Y좌표46":745.259,"Y좌표45":744.259,"Y좌표40":726.267,"Y좌표42":735.263,"Y좌표41":737.262,"X좌표79":613.941,"X좌표78":626.923,"X좌표77":655.883,"X좌표76":681.847,"X좌표75":688.837,"X좌표74":694.829,"X좌표73":703.816,"X좌표72":703.816,"X좌표71":714.801,"X좌표70":731.777,"Y좌표37":706.275,"X좌표90":393.248,"Y좌표36":655.296,"X좌표8":270.419,"Y좌표39":723.268,"X좌표9":263.429,"Y좌표38":716.271,"Y좌표33":489.807,"Y좌표32":449.824,"Y좌표35":622.309,"Y좌표34":552.338,"Y좌표31":423.834,"Y좌표30":379.852,"X좌표89":416.216,"X좌표88":444.177,"X좌표2":379.268,"X좌표87":479.129,"X좌표3":352.305,"X좌표86":505.093,"X좌표85":518.075,"X좌표1":392.25,"X좌표84":517.076,"X좌표6":298.38,"X좌표83":528.061,"X좌표7":283.401,"X좌표82":552.027,"X좌표4":325.343,"X좌표81":586.979,"X좌표5":306.369,"X좌표80":613.941,"Y좌표69":328.318,"Y좌표9":50.9862,"Y좌표66":348.31,"Y좌표65":360.305,"Y좌표68":342.312,"Y좌표67":348.31,"Y좌표62":390.292,"Y좌표61":413.283,"Y좌표64":366.302,"Y좌표63":372.3,"Y좌표60":426.278,"X좌표19":86.6746,"X좌표18":105.648,"X좌표17":133.609,"X좌표16":150.586,"X좌표15":153.582,"X좌표14":156.577,"X좌표13":179.545,"X좌표12":216.494,"X좌표11":244.455,"Y좌표4":135.952,"X좌표10":253.443,"Y좌표3":151.945,"Y좌표2":155.943,"Y좌표1":161.941,"Y좌표8":75.976,"Y좌표7":102.965,"Y좌표6":113.961,"Y좌표5":127.955,"Y좌표59":440.272,"Y좌표58":460.264,"Y좌표55":570.219,"Y좌표54":626.196,"Y좌표57":481.255,"Y좌표56":513.242,"Y좌표51":726.267,"Y좌표50":727.266,"Y좌표53":688.282,"Y좌표52":705.275,"X좌표29":149.587,"X좌표28":117.632,"X좌표27":88.6718,"X좌표26":57.7149,"X좌표25":54.719,"X좌표24":39.7399,"X좌표23":58.7135,"X좌표22":80.6829,"X좌표21":63.7065,"X좌표20":70.6968}]},"라벨링":{"스타일":[{"스타일":"로맨틱","서브스타일":"스트리트"}],"아우터":[{}],"하의":[{"색상":"스카이블루"}],"원피스":[{}],"상의":[{"기장":"노멀","색상":"옐로우","카테고리":"블라우스","디테일":["프릴","셔링"],"소매기장":"반팔","소재":["시폰"],"프린트":["무지"],"넥라인":"유넥","핏":"노멀"}]}},"파일 번호":615417,"파일 이름":"159420045815789200_1896438608.jpg"}}