{"이미지 정보":{"이미지 식별자":68319,"이미지 높이":800,"이미지 파일명":"cocobenny_019_01.jpg","이미지 너비":800},"데이터셋 정보":{"파일 생성일자":"2020-08-10 04:01:38","데이터셋 상세설명":{"렉트좌표":{"아우터":[{}],"하의":[{}],"원피스":[{"X좌표":196.3,"Y좌표":1.90002,"가로":416,"세로":785}],"상의":[{}]},"폴리곤좌표":{"아우터":[{}],"하의":[{}],"원피스":[{"Y좌표44":35.2,"Y좌표43":40.0,"Y좌표45":4.8,"Y좌표40":120.0,"Y좌표42":23.2,"Y좌표41":67.2,"X좌표39":306.4,"X좌표38":307.2,"X좌표37":328.0,"X좌표36":276.8,"X좌표35":272.8,"X좌표34":257.6,"X좌표33":248.0,"X좌표32":243.2,"X좌표31":276.8,"X좌표30":304.0,"Y좌표37":24.0,"Y좌표36":52.8,"X좌표8":613.6,"Y좌표39":110.4,"X좌표9":596.8,"Y좌표38":64.0,"Y좌표33":370.4,"Y좌표32":447.2,"Y좌표35":139.2,"Y좌표34":232.0,"Y좌표31":452.0,"Y좌표30":402.4,"X좌표45":466.4,"X좌표44":440.8,"X좌표2":509.6,"X좌표43":420.0,"X좌표3":549.6,"X좌표42":384.8,"X좌표41":361.6,"X좌표1":463.2,"X좌표40":346.4,"X좌표6":571.2,"X좌표7":608.0,"X좌표4":564.8,"X좌표5":564.8,"Y좌표26":673.6,"Y좌표25":755.2,"Y좌표28":540.8,"Y좌표9":388.0,"Y좌표27":595.2,"Y좌표22":768.8,"Y좌표21":771.2,"Y좌표24":771.2,"Y좌표23":788.0,"Y좌표20":777.6,"X좌표19":434.4,"X좌표18":506.4,"X좌표17":517.6,"X좌표16":567.2,"X좌표15":563.2,"X좌표14":571.2,"X좌표13":568.0,"X좌표12":564.8,"X좌표11":565.6,"Y좌표4":85.6,"X좌표10":604.8,"Y좌표3":28.0,"Y좌표2":18.4,"Y좌표1":2.40002,"Y좌표8":367.2,"Y좌표7":339.2,"Y좌표29":454.4,"Y좌표6":244.8,"Y좌표5":184.0,"Y좌표15":660.0,"Y좌표14":599.2,"Y좌표17":756.8,"Y좌표16":773.6,"Y좌표11":416.8,"Y좌표10":410.4,"Y좌표13":516.0,"Y좌표12":483.2,"X좌표29":291.2,"X좌표28":275.2,"X좌표27":271.2,"X좌표26":229.6,"X좌표25":196.8,"X좌표24":256.8,"X좌표23":323.2,"X좌표22":329.6,"X좌표21":350.4,"X좌표20":384.0,"Y좌표19":786.4,"Y좌표18":778.4}],"상의":[{}]},"라벨링":{"스타일":[{"스타일":"로맨틱","서브스타일":"히피"}],"아우터":[{}],"하의":[{}],"원피스":[{"기장":"미디","색상":"네이비","서브색상":"핑크","카테고리":"드레스","디테일":["스트링"],"소매기장":"긴팔","소재":["시폰"],"프린트":["플로럴"],"핏":"노멀"}],"상의":[{}]}},"파일 번호":68319,"파일 이름":"cocobenny_019_01.jpg"}}