{"이미지 정보":{"이미지 식별자":1029079,"이미지 높이":1049,"이미지 파일명":"jk1543k91-jk1543k91-s_12.jpg","이미지 너비":800},"데이터셋 정보":{"파일 생성일자":"2020-11-11 14:18:23","데이터셋 상세설명":{"렉트좌표":{"아우터":[{"X좌표":193.021,"Y좌표":-1.46049,"가로":518,"세로":698}],"하의":[{"X좌표":256.982,"Y좌표":440.332,"가로":341,"세로":302}],"원피스":[{}],"상의":[{"X좌표":355.921,"Y좌표":71.5053,"가로":97,"세로":197}]},"폴리곤좌표":{"아우터":[{"Y좌표40":95.994,"Y좌표42":18.0306,"Y좌표41":47.017,"X좌표39":362.418,"X좌표38":362.418,"X좌표37":424.379,"X좌표36":478.346,"X좌표35":515.323,"X좌표34":551.301,"X좌표33":619.259,"X좌표32":712.202,"X좌표31":700.21,"X좌표30":664.232,"Y좌표37":136.975,"Y좌표36":-0.960487,"X좌표8":232.497,"Y좌표39":161.963,"X좌표9":226.501,"Y좌표38":257.918,"Y좌표33":85.9987,"Y좌표32":368.866,"Y좌표35":45.0179,"Y좌표34":56.0128,"Y좌표31":395.853,"Y좌표30":419.842,"X좌표2":335.434,"X좌표3":259.481,"X좌표42":392.399,"X좌표41":388.402,"X좌표1":391.4,"X좌표40":368.414,"X좌표6":239.493,"X좌표7":224.502,"X좌표4":239.493,"X좌표5":235.496,"Y좌표26":673.723,"Y좌표25":685.717,"Y좌표28":562.775,"Y좌표9":322.887,"Y좌표27":649.734,"Y좌표22":697.712,"Y좌표21":691.714,"Y좌표24":695.712,"Y좌표23":695.712,"Y좌표20":572.77,"X좌표19":347.427,"X좌표18":343.429,"X좌표17":341.43,"X좌표16":332.436,"X좌표15":287.464,"X좌표14":253.485,"X좌표13":251.486,"X좌표12":244.49,"X좌표11":227.501,"Y좌표4":158.964,"X좌표10":193.521,"Y좌표3":98.9926,"Y좌표2":69.0067,"Y좌표1":11.0339,"Y좌표8":281.907,"Y좌표7":256.918,"Y좌표29":442.831,"Y좌표6":224.933,"Y좌표5":197.946,"Y좌표15":680.719,"Y좌표14":667.726,"Y좌표17":578.767,"Y좌표16":685.717,"Y좌표11":433.835,"Y좌표10":379.861,"Y좌표13":419.842,"Y좌표12":430.837,"X좌표29":628.254,"X좌표28":631.252,"X좌표27":613.263,"X좌표26":596.274,"X좌표25":548.303,"X좌표24":503.331,"X좌표23":434.373,"X좌표22":386.403,"X좌표21":361.418,"X좌표20":353.423,"Y좌표19":457.824,"Y좌표18":487.81}],"하의":[{"Y좌표9":734.694,"Y좌표21":446.829,"Y좌표20":692.714,"X좌표19":599.272,"X좌표18":599.272,"X좌표17":568.291,"X좌표16":532.313,"X좌표15":511.326,"X좌표14":457.359,"X좌표13":397.396,"X좌표12":383.405,"X좌표11":376.409,"Y좌표4":673.723,"X좌표10":362.418,"Y좌표3":679.72,"Y좌표2":679.72,"Y좌표1":440.832,"Y좌표8":733.695,"Y좌표7":722.7,"Y좌표6":712.704,"Y좌표5":653.732,"Y좌표15":728.697,"Y좌표14":734.694,"X좌표8":322.442,"Y좌표17":721.7,"X좌표9":341.43,"Y좌표16":724.699,"Y좌표11":734.694,"Y좌표10":736.693,"Y좌표13":743.69,"Y좌표12":712.704,"X좌표2":328.438,"X좌표21":349.426,"X좌표3":302.454,"X좌표20":364.416,"X좌표1":346.427,"X좌표6":257.482,"Y좌표19":664.727,"X좌표7":296.458,"Y좌표18":710.705,"X좌표4":283.466,"X좌표5":259.481}],"원피스":[{}],"상의":[{"X좌표8":454.361,"X좌표9":424.379,"Y좌표9":81.001,"Y좌표11":72.0053,"Y좌표10":81.001,"X좌표11":367.414,"X좌표2":362.418,"Y좌표4":229.931,"X좌표10":395.397,"X좌표3":356.421,"Y좌표3":169.959,"Y좌표2":118.983,"X좌표1":370.413,"Y좌표1":72.0053,"X좌표6":413.386,"Y좌표8":75.0039,"X좌표7":433.374,"Y좌표7":116.984,"X좌표4":358.42,"Y좌표6":160.964,"X좌표5":359.419,"Y좌표5":269.912}]},"라벨링":{"스타일":[{"스타일":"레트로"}],"아우터":[{"기장":"하프","색상":"그레이","서브색상":"화이트","카테고리":"재킷","옷깃":"테일러드칼라","디테일":["포켓"],"소매기장":"긴팔","소재":["우븐"],"프린트":["체크"],"핏":"루즈"}],"하의":[{"기장":"미니","색상":"그레이","서브색상":"화이트","카테고리":"팬츠","소재":["우븐"],"프린트":["체크"],"핏":"노멀"}],"원피스":[{}],"상의":[{"색상":"화이트","서브색상":"와인","카테고리":"티셔츠","소매기장":"없음","소재":["우븐"],"프린트":["레터링"],"넥라인":"라운드넥"}]}},"파일 번호":1029079,"파일 이름":"jk1543k91-jk1543k91-s_12.jpg"}}