{"이미지 정보":{"이미지 식별자":244007,"이미지 높이":800,"이미지 파일명":"Mademoon_304_50.jpg","이미지 너비":800},"데이터셋 정보":{"파일 생성일자":"2020-09-08 10:58:06","데이터셋 상세설명":{"렉트좌표":{"아우터":[{}],"하의":[{}],"원피스":[{"X좌표":191.305,"Y좌표":3.19885,"가로":431,"세로":782}],"상의":[{}]},"폴리곤좌표":{"아우터":[{}],"하의":[{}],"원피스":[{"X좌표30":341.519,"X좌표8":257.679,"X좌표9":219.226,"Y좌표30":7.63867,"X좌표2":341.44,"X좌표3":261.54,"X좌표1":342.071,"X좌표6":252.399,"X좌표7":267.45,"X좌표4":240.974,"X좌표5":191.805,"Y좌표26":3.69885,"Y좌표25":13.8636,"Y좌표28":30.1744,"Y좌표9":437.709,"Y좌표27":6.37793,"Y좌표22":340.947,"Y좌표21":362.538,"Y좌표24":32.9323,"Y좌표23":129.852,"Y좌표20":369.393,"X좌표19":505.732,"X좌표18":486.506,"X좌표17":494.149,"X좌표16":509.514,"X좌표15":563.097,"X좌표14":622.904,"X좌표13":606.671,"X좌표12":279.584,"X좌표11":259.806,"Y좌표4":80.2102,"X좌표10":204.57,"Y좌표3":44.5154,"Y좌표2":7.79626,"Y좌표1":7.4023,"Y좌표8":403.197,"Y좌표7":381.291,"Y좌표29":6.14156,"Y좌표6":393.583,"Y좌표5":371.442,"Y좌표15":515.009,"Y좌표14":709.636,"Y좌표17":298.949,"Y좌표16":380.424,"Y좌표11":764.714,"Y좌표10":752.107,"Y좌표13":759.12,"Y좌표12":785.989,"X좌표29":380.918,"X좌표28":400.774,"X좌표27":411.254,"X좌표26":436.154,"X좌표25":480.517,"X좌표24":533.705,"X좌표23":562.703,"X좌표22":599.422,"X좌표21":578.935,"X좌표20":521.492,"Y좌표19":346.621,"Y좌표18":289.415}],"상의":[{}]},"라벨링":{"스타일":[{"스타일":"레트로","서브스타일":"로맨틱"}],"아우터":[{}],"하의":[{}],"원피스":[{"기장":"미디","색상":"퍼플","서브색상":"화이트","카테고리":"드레스","디테일":["페플럼","셔링","리본"],"소매기장":"긴팔","소재":["시폰"],"프린트":["플로럴"],"넥라인":"라운드넥","핏":"노멀"}],"상의":[{}]}},"파일 번호":244007,"파일 이름":"Mademoon_304_50.jpg"}}