{"이미지 정보":{"이미지 식별자":278107,"이미지 높이":800,"이미지 파일명":"MUN_969_img.jpg","이미지 너비":800},"데이터셋 정보":{"파일 생성일자":"2020-09-09 02:30:52","데이터셋 상세설명":{"렉트좌표":{"아우터":[{}],"하의":[{}],"원피스":[{"X좌표":294.693,"Y좌표":3.80277,"가로":280,"세로":749}],"상의":[{}]},"폴리곤좌표":{"아우터":[{}],"하의":[{}],"원피스":[{"X좌표34":431.214,"X좌표33":397.692,"X좌표32":356.12,"X좌표31":335.992,"X좌표30":332.663,"X좌표8":513.739,"X좌표9":528.99,"Y좌표33":17.0779,"Y좌표32":24.8204,"Y좌표34":4.30277,"Y좌표31":43.7121,"Y좌표30":91.5609,"X좌표2":501.817,"X좌표3":537.429,"X좌표1":426.104,"X좌표6":558.099,"X좌표7":528.603,"X좌표4":572.421,"X좌표5":576.059,"Y좌표26":381.595,"Y좌표25":441.677,"Y좌표28":228.371,"Y좌표9":520.264,"Y좌표27":289.769,"Y좌표22":625.175,"Y좌표21":664.894,"Y좌표24":520.186,"Y좌표23":579.881,"Y좌표20":678.056,"X좌표19":344.275,"X좌표18":372.609,"X좌표17":398.854,"X좌표16":411.86,"X좌표15":441.355,"X좌표14":463.419,"X좌표13":497.25,"X좌표12":528.139,"X좌표11":546.719,"Y좌표4":50.603,"X좌표10":536.577,"Y좌표3":25.5173,"Y좌표2":10.0322,"Y좌표1":4.92217,"Y좌표8":320.352,"Y좌표7":275.445,"Y좌표29":148.701,"Y좌표6":201.04,"Y좌표5":119.976,"Y좌표15":754.165,"Y좌표14":737.441,"Y좌표17":703.761,"Y좌표16":739.841,"Y좌표11":699.27,"Y좌표10":636.092,"Y좌표13":738.06,"Y좌표12":724.124,"X좌표29":331.114,"X좌표28":324.689,"X좌표27":320.121,"X좌표26":310.444,"X좌표25":304.483,"X좌표24":295.193,"X좌표23":300.148,"X좌표22":297.361,"X좌표21":297.825,"X좌표20":315.012,"Y좌표19":680.843,"Y좌표18":677.746}],"상의":[{}]},"라벨링":{"스타일":[{"스타일":"레트로","서브스타일":"로맨틱"}],"아우터":[{}],"하의":[{}],"원피스":[{"기장":"발목","색상":"베이지","서브색상":"브라운","카테고리":"드레스","옷깃":"셔츠칼라","디테일":["스트링"],"소매기장":"긴팔","소재":["시폰"],"프린트":["플로럴","도트"],"핏":"노멀"}],"상의":[{}]}},"파일 번호":278107,"파일 이름":"MUN_969_img.jpg"}}