{"이미지 정보":{"이미지 식별자":284,"이미지 높이":800,"이미지 파일명":"Thenew_023_01.jpg","이미지 너비":800},"데이터셋 정보":{"파일 생성일자":"2020-08-03 01:53:47","데이터셋 상세설명":{"렉트좌표":{"아우터":[{}],"하의":[{}],"원피스":[{"X좌표":251.503,"Y좌표":6.50261,"가로":367,"세로":776}],"상의":[{}]},"폴리곤좌표":{"아우터":[{}],"하의":[{}],"원피스":[{"X좌표39":525.003,"X좌표38":527.003,"X좌표37":526.003,"X좌표36":540.003,"X좌표35":561.003,"X좌표34":606.003,"X좌표33":620.003,"X좌표32":595.003,"X좌표31":591.003,"X좌표30":559.003,"X좌표49":570.003,"X좌표48":558.003,"X좌표47":532.003,"X좌표46":516.003,"X좌표45":502.003,"X좌표44":510.003,"X좌표43":528.003,"X좌표42":536.003,"X좌표41":545.003,"X좌표40":531.003,"Y좌표26":774.003,"Y좌표25":751.003,"Y좌표28":784.003,"Y좌표27":770.003,"Y좌표22":751.003,"Y좌표21":740.003,"Y좌표24":776.003,"Y좌표23":742.003,"Y좌표20":740.003,"X좌표58":403.003,"X좌표57":421.003,"X좌표56":441.003,"X좌표55":459.003,"X좌표54":471.003,"X좌표53":510.003,"X좌표52":542.003,"X좌표51":591.003,"X좌표50":567.003,"Y좌표29":782.003,"Y좌표15":466.003,"Y좌표14":445.003,"Y좌표17":499.003,"Y좌표16":483.003,"Y좌표11":257.003,"Y좌표10":254.003,"Y좌표13":373.003,"Y좌표12":323.003,"Y좌표19":536.003,"Y좌표18":525.003,"Y좌표48":266.003,"Y좌표47":275.003,"Y좌표49":257.003,"Y좌표44":292.003,"Y좌표43":336.003,"Y좌표46":276.003,"Y좌표45":270.003,"Y좌표40":388.003,"Y좌표42":353.003,"Y좌표41":374.003,"Y좌표37":487.003,"Y좌표36":499.003,"X좌표8":273.003,"Y좌표39":411.003,"X좌표9":276.003,"Y좌표38":449.003,"Y좌표33":729.003,"Y좌표32":741.003,"Y좌표35":498.003,"Y좌표34":685.003,"Y좌표31":761.003,"Y좌표30":773.003,"X좌표2":374.003,"X좌표3":363.003,"X좌표1":401.003,"X좌표6":296.003,"X좌표7":278.003,"X좌표4":361.003,"X좌표5":310.003,"Y좌표9":239.003,"X좌표19":273.003,"X좌표18":268.003,"X좌표17":252.003,"X좌표16":266.003,"X좌표15":260.003,"X좌표14":278.003,"X좌표13":294.003,"X좌표12":309.003,"X좌표11":324.003,"Y좌표4":13.0026,"X좌표10":271.003,"Y좌표3":25.0026,"Y좌표2":51.0026,"Y좌표1":90.0026,"Y좌표8":151.003,"Y좌표7":61.0026,"Y좌표6":41.0026,"Y좌표5":32.0026,"Y좌표58":91.0026,"Y좌표55":20.0026,"Y좌표54":7.00261,"Y좌표57":66.0026,"Y좌표56":48.0026,"Y좌표51":236.003,"Y좌표50":249.003,"Y좌표53":14.0026,"Y좌표52":32.0026,"X좌표29":522.003,"X좌표28":485.003,"X좌표27":469.003,"X좌표26":415.003,"X좌표25":407.003,"X좌표24":384.003,"X좌표23":377.003,"X좌표22":320.003,"X좌표21":303.003,"X좌표20":277.003}],"상의":[{}]},"라벨링":{"스타일":[{"스타일":"레트로","서브스타일":"페미닌"}],"아우터":[{}],"하의":[{}],"원피스":[{"기장":"미디","색상":"베이지","서브색상":"블랙","카테고리":"드레스","디테일":["프릴","페플럼"],"소매기장":"반팔","소재":["시폰"],"프린트":["호피"],"넥라인":"브이넥","핏":"노멀"}],"상의":[{}]}},"파일 번호":284,"파일 이름":"Thenew_023_01.jpg"}}