{"이미지 정보":{"이미지 식별자":314,"이미지 높이":800,"이미지 파일명":"Thenew_038_01.jpg","이미지 너비":800},"데이터셋 정보":{"파일 생성일자":"2020-08-03 01:53:58","데이터셋 상세설명":{"렉트좌표":{"아우터":[{}],"하의":[{}],"원피스":[{"X좌표":265.503,"Y좌표":4.50261,"가로":319,"세로":792}],"상의":[{}]},"폴리곤좌표":{"아우터":[{}],"하의":[{}],"원피스":[{"X좌표39":375.003,"X좌표38":395.003,"X좌표37":398.003,"X좌표36":406.003,"X좌표35":428.003,"X좌표34":436.003,"X좌표33":460.003,"X좌표32":482.003,"X좌표31":496.003,"X좌표30":503.003,"X좌표49":311.003,"X좌표48":327.003,"X좌표47":309.003,"X좌표46":293.003,"X좌표45":283.003,"X좌표44":276.003,"X좌표43":286.003,"X좌표42":306.003,"X좌표41":322.003,"X좌표40":345.003,"Y좌표26":756.003,"Y좌표25":765.003,"Y좌표28":771.003,"Y좌표27":771.003,"Y좌표22":781.003,"Y좌표21":727.003,"Y좌표24":798.003,"Y좌표23":797.003,"Y좌표20":640.003,"X좌표54":304.003,"X좌표53":294.003,"X좌표52":266.003,"X좌표51":269.003,"X좌표50":280.003,"Y좌표29":731.003,"Y좌표15":439.003,"Y좌표14":431.003,"Y좌표17":541.003,"Y좌표16":491.003,"Y좌표11":184.003,"Y좌표10":91.0026,"Y좌표13":361.003,"Y좌표12":296.003,"Y좌표19":623.003,"Y좌표18":623.003,"Y좌표48":287.003,"Y좌표47":377.003,"Y좌표49":274.003,"Y좌표44":701.003,"Y좌표43":709.003,"Y좌표46":482.003,"Y좌표45":597.003,"Y좌표40":701.003,"Y좌표42":704.003,"Y좌표41":714.003,"Y좌표37":727.003,"Y좌표36":737.003,"X좌표8":535.003,"Y좌표39":695.003,"X좌표9":550.003,"Y좌표38":700.003,"Y좌표33":762.003,"Y좌표32":760.003,"Y좌표35":733.003,"Y좌표34":747.003,"Y좌표31":752.003,"Y좌표30":727.003,"X좌표2":337.003,"X좌표3":367.003,"X좌표1":307.003,"X좌표6":443.003,"X좌표7":473.003,"X좌표4":386.003,"X좌표5":416.003,"Y좌표9":31.0026,"X좌표19":555.003,"X좌표18":555.003,"X좌표17":561.003,"X좌표16":562.003,"X좌표15":551.003,"X좌표14":575.003,"X좌표13":561.003,"X좌표12":569.003,"X좌표11":565.003,"Y좌표4":29.0026,"X좌표10":561.003,"Y좌표3":16.0026,"Y좌표2":26.0026,"Y좌표1":36.0026,"Y좌표8":26.0026,"Y좌표7":5.00261,"Y좌표6":27.0026,"Y좌표5":32.0026,"Y좌표54":36.0026,"Y좌표51":243.003,"Y좌표50":265.003,"Y좌표53":55.0026,"Y좌표52":210.003,"X좌표29":507.003,"X좌표28":510.003,"X좌표27":521.003,"X좌표26":536.003,"X좌표25":551.003,"X좌표24":567.003,"X좌표23":578.003,"X좌표22":586.003,"X좌표21":570.003,"X좌표20":553.003}],"상의":[{}]},"라벨링":{"스타일":[{"스타일":"레트로","서브스타일":"로맨틱"}],"아우터":[{}],"하의":[{}],"원피스":[{"기장":"미디","색상":"베이지","서브색상":"와인","카테고리":"드레스","디테일":["띠","리본","플레어","퍼프"],"소매기장":"긴팔","소재":["시폰"],"프린트":["그래픽"],"넥라인":"라운드넥","핏":"노멀"}],"상의":[{}]}},"파일 번호":314,"파일 이름":"Thenew_038_01.jpg"}}