{"이미지 정보":{"이미지 식별자":486431,"이미지 높이":1066,"이미지 파일명":"u_156654604654199400_2013142612.jpg","이미지 너비":800},"데이터셋 정보":{"파일 생성일자":"2020-09-21 02:23:04","데이터셋 상세설명":{"렉트좌표":{"아우터":[{}],"하의":[{}],"원피스":[{}],"상의":[{"X좌표":50.1667,"Y좌표":-2.05555,"가로":680,"세로":800}]},"폴리곤좌표":{"아우터":[{}],"하의":[{}],"원피스":[{}],"상의":[{"Y좌표9":637.556,"X좌표19":328.889,"X좌표18":396.444,"X좌표17":440.0,"X좌표16":492.444,"X좌표15":575.111,"X좌표14":664.0,"X좌표13":695.111,"X좌표12":696.0,"X좌표11":709.333,"Y좌표4":177.111,"X좌표10":730.667,"Y좌표3":73.1111,"Y좌표2":52.6667,"Y좌표1":-1.55555,"Y좌표8":680.222,"Y좌표7":798.445,"Y좌표6":799.333,"Y좌표5":346.889,"Y좌표15":54.4445,"Y좌표14":104.222,"X좌표8":715.556,"Y좌표17":89.1111,"X좌표9":723.556,"Y좌표16":18.8889,"Y좌표11":402.0,"Y좌표10":514.0,"Y좌표13":183.333,"Y좌표12":274.0,"X좌표2":224.889,"X좌표3":167.111,"X좌표1":304.0,"X좌표6":50.6667,"Y좌표19":35.7778,"X좌표7":727.111,"Y좌표18":130.0,"X좌표4":118.222,"X좌표5":94.2222}]},"라벨링":{"스타일":[{"스타일":"레트로"}],"아우터":[{}],"하의":[{}],"원피스":[{}],"상의":[{"기장":"노멀","색상":"와인","서브색상":"실버","카테고리":"블라우스","디테일":["러플"],"소매기장":"긴팔","소재":["실크"],"프린트":["믹스"],"핏":"루즈"}]}},"파일 번호":486431,"파일 이름":"u_156654604654199400_2013142612.jpg"}}