{"이미지 정보":{"이미지 식별자":512369,"이미지 높이":1049,"이미지 파일명":"nt1848c9c-s_8.jpg","이미지 너비":800},"데이터셋 정보":{"파일 생성일자":"2020-10-12 18:45:16","데이터셋 상세설명":{"렉트좌표":{"아우터":[{}],"하의":[{"X좌표":298.092,"Y좌표":266.258,"가로":302,"세로":597}],"원피스":[{}],"상의":[{"X좌표":261.143,"Y좌표":0.506843,"가로":385,"세로":417}]},"폴리곤좌표":{"아우터":[{}],"하의":[{"Y좌표9":699.16,"X좌표13":388.467,"X좌표12":537.26,"X좌표11":575.207,"Y좌표4":748.821,"X좌표10":601.171,"Y좌표3":622.834,"Y좌표2":493.736,"Y좌표1":266.758,"Y좌표8":793.15,"Y좌표7":842.146,"Y좌표6":864.143,"Y좌표5":835.146,"X좌표8":597.176,"X좌표9":599.174,"Y좌표11":420.299,"Y좌표10":601.281,"Y좌표13":267.98,"Y좌표12":266.98,"X좌표2":340.533,"X좌표3":310.575,"X좌표1":385.471,"X좌표6":359.507,"X좌표7":450.381,"X좌표4":298.592,"X좌표5":309.576}],"원피스":[{}],"상의":[{"Y좌표9":347.972,"Y좌표22":32.0038,"Y좌표21":50.002,"Y좌표23":7.00625,"Y좌표20":13.0057,"X좌표19":501.31,"X좌표18":530.269,"X좌표17":532.267,"X좌표16":625.137,"X좌표15":647.107,"X좌표14":609.16,"X좌표13":566.219,"X좌표12":577.204,"X좌표11":537.26,"Y좌표4":181.989,"X좌표10":455.374,"Y좌표3":56.0014,"Y좌표2":18.0052,"Y좌표1":4.00654,"Y좌표8":359.971,"Y좌표7":329.974,"Y좌표6":321.975,"Y좌표5":258.981,"Y좌표15":103.997,"Y좌표14":129.994,"X좌표8":366.497,"Y좌표17":1.00684,"X좌표9":409.437,"Y좌표16":29.0041,"Y좌표11":418.965,"Y좌표10":407.966,"Y좌표13":193.988,"Y좌표12":413.966,"X좌표23":399.451,"X좌표22":425.415,"X좌표2":345.526,"X좌표21":456.372,"X좌표3":309.576,"X좌표20":475.346,"X좌표1":396.456,"X좌표6":316.567,"Y좌표19":37.0033,"X좌표7":341.532,"Y좌표18":34.0036,"X좌표4":261.643,"X좌표5":277.621}]},"라벨링":{"스타일":[{"스타일":"레트로","서브스타일":"페미닌"}],"아우터":[{}],"하의":[{"색상":"브라운","서브색상":"베이지"}],"원피스":[{"기장":"미디","카테고리":"드레스","디테일":["리본"],"소재":["시폰"],"프린트":["플로럴"],"핏":"노멀"}],"상의":[{"기장":"롱","색상":"퍼플","카테고리":"니트웨어","디테일":["드롭숄더"],"소매기장":"긴팔","소재":["헤어 니트"],"프린트":["무지"],"넥라인":"라운드넥","핏":"루즈"}]}},"파일 번호":512369,"파일 이름":"nt1848c9c-s_8.jpg"}}