{"이미지 정보":{"이미지 식별자":527651,"이미지 높이":1049,"이미지 파일명":"vt310k9c-s_4.jpg","이미지 너비":800},"데이터셋 정보":{"파일 생성일자":"2020-10-12 20:18:18","데이터셋 상세설명":{"렉트좌표":{"아우터":[{}],"하의":[{"X좌표":307.5,"Y좌표":262.25,"가로":254,"세로":602}],"원피스":[{}],"상의":[{"X좌표":256.5,"Y좌표":8.49828,"가로":313,"세로":362}]},"폴리곤좌표":{"아우터":[{}],"하의":[{"X좌표8":493.0,"X좌표9":434.0,"X좌표2":512.0,"X좌표3":543.0,"X좌표1":334.0,"X좌표6":540.0,"X좌표7":528.0,"X좌표4":552.0,"X좌표5":562.0,"Y좌표26":312.94,"Y좌표25":377.928,"Y좌표9":767.654,"Y좌표27":271.948,"Y좌표22":600.685,"Y좌표21":715.664,"Y좌표24":463.912,"Y좌표23":530.699,"Y좌표20":816.644,"X좌표19":369.0,"X좌표18":408.0,"X좌표17":432.0,"X좌표16":426.0,"X좌표15":426.0,"X좌표14":435.0,"X좌표13":434.0,"X좌표12":447.0,"X좌표11":452.0,"Y좌표4":536.698,"X좌표10":445.0,"Y좌표3":369.729,"Y좌표2":262.75,"Y좌표1":268.749,"Y좌표8":806.646,"Y좌표7":773.652,"Y좌표6":703.666,"Y좌표5":629.68,"Y좌표15":757.656,"Y좌표14":647.677,"Y좌표17":836.641,"Y좌표16":811.645,"Y좌표11":588.688,"Y좌표10":663.673,"Y좌표13":560.693,"Y좌표12":479.709,"X좌표27":336.0,"X좌표26":320.0,"X좌표25":308.0,"X좌표24":309.0,"X좌표23":332.0,"X좌표22":336.0,"X좌표21":341.0,"X좌표20":338.0,"Y좌표19":860.636,"Y좌표18":865.635}],"원피스":[{}],"상의":[{"X좌표8":283.0,"X좌표9":291.0,"X좌표2":400.0,"X좌표3":374.0,"X좌표1":428.0,"X좌표6":264.0,"X좌표7":257.0,"X좌표4":321.0,"X좌표5":261.0,"Y좌표25":72.9861,"Y좌표9":104.98,"Y좌표22":8.99828,"Y좌표21":10.9979,"Y좌표24":77.9851,"Y좌표23":51.9901,"Y좌표20":31.9939,"X좌표19":548.0,"X좌표18":548.0,"X좌표17":570.0,"X좌표16":536.0,"X좌표15":460.0,"X좌표14":384.0,"X좌표13":305.0,"X좌표12":307.0,"X좌표11":316.0,"Y좌표4":27.9947,"X좌표10":321.0,"Y좌표3":11.9977,"Y좌표2":48.9907,"Y좌표1":71.9863,"Y좌표8":180.965,"Y좌표7":131.975,"Y좌표6":101.981,"Y좌표5":75.9855,"Y좌표15":339.935,"Y좌표14":351.933,"Y좌표17":327.937,"Y좌표16":337.936,"Y좌표11":261.95,"Y좌표10":170.967,"Y좌표13":371.929,"Y좌표12":327.937,"X좌표25":429.0,"X좌표24":436.0,"X좌표23":448.0,"X좌표22":462.0,"X좌표21":481.0,"X좌표20":529.0,"Y좌표19":112.978,"Y좌표18":198.962}]},"라벨링":{"스타일":[{"스타일":"레트로","서브스타일":"스트리트"}],"아우터":[{}],"하의":[{"기장":"미디","색상":"스카이블루","카테고리":"청바지","디테일":["롤업"],"소재":["데님"],"프린트":["무지"],"핏":"루즈"}],"원피스":[{}],"상의":[{"기장":"노멀","색상":"오렌지","카테고리":"니트웨어","디테일":["니트꽈베기"],"소매기장":"캡","소재":["니트"],"프린트":["무지"],"넥라인":"브이넥","핏":"루즈"}]}},"파일 번호":527651,"파일 이름":"vt310k9c-s_4.jpg"}}