{"이미지 정보":{"이미지 식별자":619459,"이미지 높이":1066,"이미지 파일명":"160283389585973400_715898384.jpg","이미지 너비":800},"데이터셋 정보":{"파일 생성일자":"2020-10-20 17:06:14","데이터셋 상세설명":{"렉트좌표":{"아우터":[{}],"하의":[{}],"원피스":[{}],"상의":[{"X좌표":37.8637,"Y좌표":8.49931,"가로":727,"세로":917}]},"폴리곤좌표":{"아우터":[{}],"하의":[{}],"원피스":[{}],"상의":[{"X좌표33":82.3637,"X좌표32":69.3637,"X좌표31":38.3637,"X좌표30":65.3637,"X좌표8":456.364,"X좌표9":483.364,"Y좌표33":160.924,"Y좌표32":335.837,"Y좌표31":648.499,"Y좌표30":891.378,"X좌표2":154.364,"X좌표3":226.364,"X좌표1":82.3637,"X좌표6":376.364,"X좌표7":408.364,"X좌표4":305.364,"X좌표5":354.364,"Y좌표26":874.387,"Y좌표25":881.383,"Y좌표28":900.374,"Y좌표9":14.9963,"Y좌표27":900.374,"Y좌표22":875.386,"Y좌표21":915.366,"Y좌표24":897.375,"Y좌표23":897.375,"Y좌표20":926.361,"X좌표19":726.364,"X좌표18":747.364,"X좌표17":764.364,"X좌표16":765.364,"X좌표15":764.364,"X좌표14":746.364,"X좌표13":730.364,"X좌표12":702.364,"X좌표11":566.364,"Y좌표4":32.9874,"X좌표10":555.364,"Y좌표3":49.9789,"Y좌표2":81.963,"Y좌표1":160.924,"Y좌표8":36.9854,"Y좌표7":51.9779,"Y좌표29":897.375,"Y좌표6":24.9914,"Y좌표5":8.99931,"Y좌표15":652.497,"Y좌표14":426.791,"Y좌표17":833.407,"Y좌표16":783.432,"Y좌표11":59.9739,"Y좌표10":38.9844,"Y좌표13":219.894,"Y좌표12":108.95,"X좌표29":80.3637,"X좌표28":136.364,"X좌표27":176.364,"X좌표26":197.364,"X좌표25":294.364,"X좌표24":429.364,"X좌표23":539.364,"X좌표22":609.364,"X좌표21":620.364,"X좌표20":669.364,"Y좌표19":922.363,"Y좌표18":899.374}]},"라벨링":{"스타일":[{"스타일":"레트로"}],"아우터":[{}],"하의":[{}],"원피스":[{}],"상의":[{"기장":"노멀","색상":"카키","서브색상":"베이지","카테고리":"블라우스","옷깃":"밴드칼라","디테일":["퍼프"],"소매기장":"긴팔","소재":["우븐"],"프린트":["도트"],"핏":"노멀"}]}},"파일 번호":619459,"파일 이름":"160283389585973400_715898384.jpg"}}