{"이미지 정보":{"이미지 식별자":976975,"이미지 높이":1049,"이미지 파일명":"6sk1938-1 (2518).jpg","이미지 너비":800},"데이터셋 정보":{"파일 생성일자":"2020-11-10 12:49:52","데이터셋 상세설명":{"렉트좌표":{"아우터":[{"X좌표":59.5006,"Y좌표":-1.46072,"가로":636,"세로":561}],"하의":[{}],"원피스":[{}],"상의":[{}]},"폴리곤좌표":{"아우터":[{"Y좌표40":454.934,"Y좌표41":472.93,"X좌표39":199.002,"X좌표38":196.002,"X좌표37":214.002,"X좌표36":313.003,"X좌표35":453.004,"X좌표34":570.006,"X좌표33":553.005,"X좌표32":637.006,"X좌표31":648.006,"X좌표30":679.007,"Y좌표37":557.91,"Y좌표36":560.91,"X좌표8":88.0009,"Y좌표39":517.919,"X좌표9":142.001,"Y좌표38":554.911,"Y좌표33":473.93,"Y좌표32":404.946,"Y좌표35":553.911,"Y좌표34":530.916,"Y좌표31":371.953,"Y좌표30":293.971,"X좌표2":109.001,"X좌표3":108.001,"X좌표41":133.001,"X좌표1":148.001,"X좌표40":181.002,"X좌표6":60.0006,"X좌표7":67.0007,"X좌표4":90.0009,"X좌표5":93.0009,"Y좌표26":83.0199,"Y좌표25":38.0303,"Y좌표28":158.003,"Y좌표9":42.0294,"Y좌표27":108.014,"Y좌표22":17.0351,"Y좌표21":2.03859,"Y좌표24":39.03,"Y좌표23":36.0307,"Y좌표20":2.03859,"X좌표19":438.004,"X좌표18":430.004,"X좌표17":409.004,"X좌표16":390.004,"X좌표15":357.003,"X좌표14":319.003,"X좌표13":294.003,"X좌표12":274.003,"X좌표11":243.002,"Y좌표4":230.986,"X좌표10":193.002,"Y좌표3":302.969,"Y좌표2":379.951,"Y좌표1":469.931,"Y좌표8":65.024,"Y좌표7":99.0162,"Y좌표29":235.985,"Y좌표6":152.004,"Y좌표5":197.993,"Y좌표15":98.0164,"Y좌표14":2.03859,"Y좌표17":149.005,"Y좌표16":181.997,"Y좌표11":30.0321,"Y좌표10":39.03,"Y좌표13":-0.960716,"Y좌표12":20.0344,"X좌표29":688.007,"X좌표28":696.007,"X좌표27":696.007,"X좌표26":688.007,"X좌표25":628.006,"X좌표24":589.006,"X좌표23":543.005,"X좌표22":492.005,"X좌표21":465.005,"X좌표20":439.004,"Y좌표19":33.0314,"Y좌표18":81.0203}],"하의":[{}],"원피스":[{}],"상의":[{}]},"라벨링":{"스타일":[{"스타일":"레트로","서브스타일":"클래식"}],"아우터":[{"기장":"크롭","색상":"화이트","서브색상":"베이지","카테고리":"재킷","옷깃":"테일러드칼라","디테일":["더블브레스티드","퍼프"],"소매기장":"반팔","소재":["트위드"],"프린트":["무지"],"넥라인":"브이넥","핏":"루즈"}],"하의":[{}],"원피스":[{}],"상의":[{}]}},"파일 번호":976975,"파일 이름":"6sk1938-1 (2518).jpg"}}