{"이미지 정보":{"이미지 식별자":976977,"이미지 높이":1049,"이미지 파일명":"6sk1938-1 (2520).jpg","이미지 너비":800},"데이터셋 정보":{"파일 생성일자":"2020-11-10 12:49:52","데이터셋 상세설명":{"렉트좌표":{"아우터":[{"X좌표":72.5007,"Y좌표":-1.46072,"가로":639,"세로":567}],"하의":[{}],"원피스":[{}],"상의":[{"X좌표":323.503,"Y좌표":200.493,"가로":127,"세로":332}]},"폴리곤좌표":{"아우터":[{"X좌표39":669.007,"X좌표38":702.007,"X좌표37":700.007,"X좌표36":706.007,"X좌표35":691.007,"X좌표34":696.007,"X좌표33":691.007,"X좌표32":703.007,"X좌표31":712.007,"X좌표30":690.007,"X좌표49":402.004,"X좌표48":474.005,"X좌표47":520.005,"X좌표46":535.005,"X좌표45":547.005,"X좌표44":588.006,"X좌표43":579.006,"X좌표42":580.006,"X좌표41":603.006,"X좌표40":610.006,"Y좌표26":15.0356,"Y좌표25":-0.960716,"Y좌표28":35.031,"Y좌표27":29.0324,"Y좌표22":110.014,"Y좌표21":197.993,"Y좌표24":0.0390535,"Y좌표23":63.0245,"Y좌표20":358.956,"X좌표59":175.002,"X좌표58":178.002,"X좌표57":196.002,"X좌표56":193.002,"X좌표55":183.002,"X좌표54":237.002,"X좌표53":297.003,"X좌표52":391.004,"X좌표51":394.004,"X좌표50":400.004,"Y좌표29":36.0307,"Y좌표15":110.014,"Y좌표14":63.0245,"Y좌표17":353.957,"Y좌표16":197.993,"Y좌표11":2.03859,"Y좌표10":17.0351,"Y좌표13":17.0351,"Y좌표12":3.03836,"X좌표63":135.001,"X좌표62":136.001,"Y좌표19":517.919,"X좌표61":139.001,"Y좌표18":515.92,"X좌표60":160.002,"Y좌표48":556.91,"Y좌표47":538.915,"Y좌표49":562.909,"Y좌표44":488.926,"Y좌표43":404.946,"Y좌표46":523.918,"Y좌표45":515.92,"Y좌표40":383.95,"Y좌표42":335.961,"Y좌표41":353.957,"Y좌표37":326.964,"Y좌표36":278.975,"X좌표8":141.001,"Y좌표39":386.95,"X좌표9":204.002,"Y좌표38":385.95,"Y좌표33":178.998,"Y좌표32":134.008,"Y좌표35":232.985,"Y좌표34":217.989,"Y좌표31":107.014,"Y좌표30":54.0266,"X좌표2":118.001,"X좌표3":112.001,"X좌표1":142.001,"X좌표6":73.0007,"X좌표7":87.0008,"X좌표4":108.001,"X좌표5":87.0008,"Y좌표9":38.0303,"Y좌표62":437.938,"Y좌표61":449.935,"Y좌표63":425.941,"Y좌표60":458.933,"X좌표19":403.004,"X좌표18":391.004,"X좌표17":373.004,"X좌표16":351.003,"X좌표15":330.003,"X좌표14":319.003,"X좌표13":322.003,"X좌표12":330.003,"X좌표11":300.003,"Y좌표4":223.987,"X좌표10":271.003,"Y좌표3":247.982,"Y좌표2":358.956,"Y좌표1":451.935,"Y좌표8":50.0275,"Y좌표7":71.0227,"Y좌표6":111.013,"Y좌표5":176.998,"Y좌표59":460.933,"Y좌표58":434.939,"Y좌표55":518.919,"Y좌표54":542.914,"Y좌표57":425.941,"Y좌표56":467.931,"Y좌표51":530.916,"Y좌표50":536.915,"Y좌표53":557.91,"Y좌표52":566.908,"X좌표29":631.006,"X좌표28":603.006,"X좌표27":565.005,"X좌표26":532.005,"X좌표25":498.005,"X좌표24":462.005,"X좌표23":468.005,"X좌표22":453.004,"X좌표21":433.004,"X좌표20":415.004}],"하의":[{}],"원피스":[{}],"상의":[{"X좌표8":349.003,"X좌표9":336.003,"Y좌표9":226.987,"Y좌표10":200.993,"X좌표2":451.004,"Y좌표4":467.931,"X좌표10":330.003,"X좌표3":430.004,"Y좌표3":347.959,"Y좌표2":211.99,"X좌표1":324.003,"Y좌표1":212.99,"X좌표6":379.004,"Y좌표8":304.969,"X좌표7":367.004,"Y좌표7":427.94,"X좌표4":420.004,"Y좌표6":533.916,"X좌표5":417.004,"Y좌표5":533.916}]},"라벨링":{"스타일":[{"스타일":"레트로","서브스타일":"클래식"}],"아우터":[{"기장":"크롭","색상":"핑크","카테고리":"재킷","옷깃":"테일러드칼라","디테일":["더블브레스티드","퍼프"],"소매기장":"반팔","소재":["트위드"],"프린트":["무지"],"넥라인":"브이넥","핏":"루즈"}],"하의":[{}],"원피스":[{}],"상의":[{"색상":"화이트","카테고리":"탑","소매기장":"없음","소재":["저지"],"프린트":["무지"],"핏":"타이트"}]}},"파일 번호":976977,"파일 이름":"6sk1938-1 (2520).jpg"}}