{"이미지 정보":{"이미지 식별자":996201,"이미지 높이":533,"이미지 파일명":"20180305(샘플)-bl1-지끼(샘플IMG_0576 (2218).jpg","이미지 너비":800},"데이터셋 정보":{"파일 생성일자":"2020-11-10 14:50:26","데이터셋 상세설명":{"렉트좌표":{"아우터":[{}],"하의":[{}],"원피스":[{"X좌표":286.375,"Y좌표":0.514695,"가로":181,"세로":360}],"상의":[{}]},"폴리곤좌표":{"아우터":[{}],"하의":[{}],"원피스":[{"Y좌표9":361.684,"Y좌표22":3.01286,"Y좌표21":18.9982,"Y좌표20":14.0028,"X좌표19":364.875,"X좌표18":323.875,"X좌표17":321.875,"X좌표16":326.875,"X좌표15":349.875,"X좌표14":323.875,"X좌표13":311.875,"X좌표12":286.875,"X좌표11":328.875,"Y좌표4":115.909,"X좌표10":338.875,"Y좌표3":92.9304,"Y좌표2":12.0046,"Y좌표1":1.01469,"Y좌표8":352.692,"Y좌표7":350.694,"Y좌표6":203.829,"Y좌표5":141.886,"Y좌표15":107.917,"Y좌표14":138.888,"X좌표8":429.875,"Y좌표17":66.9542,"X좌표9":394.875,"Y좌표16":102.921,"Y좌표11":341.702,"Y좌표10":356.689,"Y좌표13":183.847,"Y좌표12":332.711,"X좌표22":416.875,"X좌표2":451.875,"X좌표21":404.875,"X좌표3":458.875,"X좌표20":369.875,"X좌표1":414.875,"X좌표6":462.875,"Y좌표19":1.01469,"X좌표7":468.875,"Y좌표18":17.0,"X좌표4":436.875,"X좌표5":453.875}],"상의":[{}]},"라벨링":{"스타일":[{"스타일":"레트로","서브스타일":"로맨틱"}],"아우터":[{}],"하의":[{}],"원피스":[{"기장":"미디","색상":"퍼플","카테고리":"드레스","디테일":["퍼프","셔링"],"소매기장":"반팔","소재":["우븐","시폰"],"핏":"루즈"}],"상의":[{}]}},"파일 번호":996201,"파일 이름":"20180305(샘플)-bl1-지끼(샘플IMG_0576 (2218).jpg"}}