{"이미지 정보":{"이미지 식별자":1200530,"이미지 높이":1049,"이미지 파일명":"ops4377k02-ops4377k02_s_1.jpg","이미지 너비":800},"데이터셋 정보":{"파일 생성일자":"2020-11-18 12:28:05","데이터셋 상세설명":{"렉트좌표":{"아우터":[{}],"하의":[{}],"원피스":[{"X좌표":240.279,"Y좌표":0.502506,"가로":344,"세로":809}],"상의":[{}]},"폴리곤좌표":{"아우터":[{}],"하의":[{}],"원피스":[{"X좌표32":328.698,"X좌표31":346.681,"X좌표30":365.664,"X좌표8":266.755,"X좌표9":251.769,"Y좌표32":14.0012,"Y좌표31":35.9989,"Y좌표30":45.9979,"X좌표2":278.744,"X좌표3":260.761,"X좌표1":327.699,"X좌표6":288.735,"X좌표7":294.729,"X좌표4":254.767,"X좌표5":266.755,"Y좌표26":14.0012,"Y좌표25":30.9994,"Y좌표28":29.9995,"Y좌표9":612.106,"Y좌표27":1.00251,"Y좌표22":329.135,"Y좌표21":365.132,"Y좌표24":235.978,"Y좌표23":320.136,"Y좌표20":506.117,"X좌표19":530.511,"X좌표18":538.504,"X좌표17":529.512,"X좌표16":498.541,"X좌표15":430.604,"X좌표14":411.621,"X좌표13":352.676,"X좌표12":315.71,"X좌표11":273.749,"Y좌표4":218.98,"X좌표10":240.779,"Y좌표3":60.9963,"Y좌표2":25.0,"Y좌표1":10.0016,"Y좌표8":468.121,"Y좌표7":308.971,"Y좌표29":50.9973,"Y좌표6":287.973,"Y좌표5":253.976,"Y좌표15":804.086,"Y좌표14":793.087,"Y좌표17":795.087,"Y좌표16":810.086,"Y좌표11":782.089,"Y좌표10":762.091,"Y좌표13":795.087,"Y좌표12":791.088,"X좌표29":405.627,"X좌표28":445.59,"X좌표27":465.571,"X좌표26":537.505,"X좌표25":548.494,"X좌표24":585.46,"X좌표23":533.508,"X좌표22":520.52,"X좌표21":528.513,"X좌표20":529.512,"Y좌표19":614.106,"Y좌표18":769.09}],"상의":[{}]},"라벨링":{"스타일":[{"스타일":"로맨틱","서브스타일":"리조트"}],"아우터":[{}],"하의":[{}],"원피스":[{"기장":"미디","색상":"화이트","카테고리":"드레스","디테일":["셔링","퍼프"],"소매기장":"긴팔","소재":["우븐"],"프린트":["무지"],"넥라인":"라운드넥","핏":"노멀"}],"상의":[{}]}},"파일 번호":1200530,"파일 이름":"ops4377k02-ops4377k02_s_1.jpg"}}