{"이미지 정보":{"이미지 식별자":1201569,"이미지 높이":1049,"이미지 파일명":"ops4564k04-ops4564k04-s_3.jpg","이미지 너비":800},"데이터셋 정보":{"파일 생성일자":"2020-11-18 12:36:36","데이터셋 상세설명":{"렉트좌표":{"아우터":[{}],"하의":[{}],"원피스":[{"X좌표":227.145,"Y좌표":1.26523,"가로":337,"세로":684}],"상의":[{}]},"폴리곤좌표":{"아우터":[{}],"하의":[{}],"원피스":[{"X좌표34":405.645,"X좌표33":408.645,"X좌표32":436.645,"X좌표31":446.645,"X좌표30":467.645,"X좌표8":227.645,"X좌표9":255.645,"Y좌표33":50.7543,"Y좌표32":11.763,"Y좌표34":56.7529,"Y좌표31":1.76523,"Y좌표30":19.7612,"X좌표2":376.645,"X좌표3":371.645,"X좌표1":402.645,"X좌표6":280.645,"X좌표7":262.645,"X좌표4":340.645,"X좌표5":310.645,"Y좌표26":289.701,"Y좌표25":314.695,"Y좌표28":46.7552,"Y좌표9":331.691,"Y좌표27":81.7474,"Y좌표22":359.685,"Y좌표21":386.679,"Y좌표24":335.691,"Y좌표23":346.688,"Y좌표20":445.666,"X좌표19":498.645,"X좌표18":477.645,"X좌표17":426.645,"X좌표16":345.645,"X좌표15":302.645,"X좌표14":275.645,"X좌표13":272.645,"X좌표12":272.645,"X좌표11":272.645,"Y좌표4":6.76411,"X좌표10":267.645,"Y좌표3":6.76411,"Y좌표2":29.759,"Y좌표1":61.7518,"Y좌표8":316.695,"Y좌표7":64.7512,"Y좌표29":29.759,"Y좌표6":39.7567,"Y좌표5":21.7608,"Y좌표15":679.614,"Y좌표14":664.617,"Y좌표17":676.614,"Y좌표16":686.612,"Y좌표11":361.685,"Y좌표10":335.691,"Y좌표13":409.674,"Y좌표12":386.679,"X좌표29":490.645,"X좌표28":531.645,"X좌표27":543.645,"X좌표26":560.645,"X좌표25":565.645,"X좌표24":562.645,"X좌표23":523.645,"X좌표22":501.645,"X좌표21":515.645,"X좌표20":520.645,"Y좌표19":677.614,"Y좌표18":676.614}],"상의":[{}]},"라벨링":{"스타일":[{"스타일":"로맨틱","서브스타일":"페미닌"}],"아우터":[{}],"하의":[{}],"원피스":[{"기장":"미디","색상":"핑크","카테고리":"드레스","옷깃":"셔츠칼라","디테일":["단추","리본","셔링","슬릿"],"소매기장":"7부소매","소재":["우븐"],"프린트":["무지"],"핏":"노멀"}],"상의":[{}]}},"파일 번호":1201569,"파일 이름":"ops4564k04-ops4564k04-s_3.jpg"}}