{"이미지 정보":{"이미지 식별자":1205032,"이미지 높이":1049,"이미지 파일명":"ops5216k08-ops5216k08-s_12.jpg","이미지 너비":800},"데이터셋 정보":{"파일 생성일자":"2020-11-18 13:00:19","데이터셋 상세설명":{"렉트좌표":{"아우터":[{}],"하의":[{}],"원피스":[{"X좌표":196.389,"Y좌표":3.27739,"가로":374,"세로":764}],"상의":[{}]},"폴리곤좌표":{"아우터":[{}],"하의":[{}],"원피스":[{"X좌표8":236.889,"X좌표9":260.0,"X좌표2":280.444,"X좌표3":275.111,"X좌표1":329.333,"X좌표6":210.222,"X좌표7":197.778,"X좌표4":262.667,"X좌표5":252.0,"Y좌표26":75.7698,"Y좌표25":3.77739,"Y좌표9":251.751,"Y좌표27":11.7765,"Y좌표22":191.313,"Y좌표21":306.856,"Y좌표24":23.3309,"Y좌표23":74.881,"Y좌표20":307.745,"X좌표19":498.222,"X좌표18":544.444,"X좌표17":571.111,"X좌표16":474.222,"X좌표15":436.889,"X좌표14":325.778,"X좌표13":233.333,"X좌표12":196.889,"X좌표11":251.111,"Y좌표4":158.428,"X좌표10":282.222,"Y좌표3":111.322,"Y좌표2":45.5507,"Y좌표1":14.4429,"Y좌표8":293.524,"Y좌표7":230.42,"Y좌표6":185.98,"Y좌표5":186.869,"Y좌표15":768.141,"Y좌표14":756.587,"Y좌표17":680.15,"Y좌표16":748.587,"Y좌표11":329.076,"Y좌표10":256.195,"Y좌표13":754.809,"Y좌표12":748.587,"X좌표27":331.111,"X좌표26":341.778,"X좌표25":444.889,"X좌표24":500.889,"X좌표23":508.889,"X좌표22":509.778,"X좌표21":503.556,"X좌표20":460.889,"Y좌표19":425.955,"Y좌표18":589.493}],"상의":[{}]},"라벨링":{"스타일":[{"스타일":"로맨틱"}],"아우터":[{}],"하의":[{}],"원피스":[{"기장":"미디","색상":"핑크","서브색상":"와인","카테고리":"드레스","디테일":["셔링"],"소매기장":"긴팔","소재":["시폰"],"프린트":["플로럴"],"넥라인":"라운드넥","핏":"노멀"}],"상의":[{}]}},"파일 번호":1205032,"파일 이름":"ops5216k08-ops5216k08-s_12.jpg"}}