{"이미지 정보":{"이미지 식별자":1206103,"이미지 높이":1049,"이미지 파일명":"ops5391k09-ops5391k09-s_3.jpg","이미지 너비":800},"데이터셋 정보":{"파일 생성일자":"2020-11-18 13:06:31","데이터셋 상세설명":{"렉트좌표":{"아우터":[{}],"하의":[{}],"원피스":[{"X좌표":195.5,"Y좌표":5.49428,"가로":478,"세로":861}],"상의":[{}]},"폴리곤좌표":{"아우터":[{}],"하의":[{}],"원피스":[{"X좌표39":449.0,"X좌표38":430.0,"X좌표37":410.0,"X좌표36":378.0,"X좌표35":352.0,"X좌표34":321.0,"X좌표33":316.0,"X좌표32":262.0,"X좌표31":218.0,"X좌표30":208.0,"Y좌표37":38.9628,"Y좌표36":50.9514,"X좌표8":664.0,"Y좌표39":5.99428,"X좌표9":641.0,"Y좌표38":25.9752,"Y좌표33":9.99047,"Y좌표32":25.9752,"Y좌표35":47.9542,"Y좌표34":30.9704,"Y좌표31":45.9562,"Y좌표30":74.9285,"X좌표2":482.0,"X좌표3":517.0,"X좌표1":448.0,"X좌표6":657.0,"X좌표7":674.0,"X좌표4":546.0,"X좌표5":602.0,"Y좌표26":467.554,"Y좌표25":509.514,"Y좌표28":383.634,"Y좌표9":295.718,"Y좌표27":439.581,"Y좌표22":789.247,"Y좌표21":790.246,"Y좌표24":515.508,"Y좌표23":763.272,"Y좌표20":839.199,"X좌표19":430.0,"X좌표18":465.0,"X좌표17":488.0,"X좌표16":494.0,"X좌표15":505.0,"X좌표14":502.0,"X좌표13":485.0,"X좌표12":465.0,"X좌표11":496.0,"Y좌표4":37.9638,"X좌표10":572.0,"Y좌표3":13.9867,"Y좌표2":17.9828,"Y좌표1":5.99428,"Y좌표8":289.724,"Y좌표7":249.762,"Y좌표29":213.796,"Y좌표6":191.817,"Y좌표5":117.888,"Y좌표15":567.459,"Y좌표14":411.607,"Y좌표17":831.207,"Y좌표16":711.321,"Y좌표11":322.692,"Y좌표10":310.704,"Y좌표13":346.669,"Y좌표12":322.692,"X좌표29":209.0,"X좌표28":218.0,"X좌표27":196.0,"X좌표26":217.0,"X좌표25":217.0,"X좌표24":253.0,"X좌표23":258.0,"X좌표22":296.0,"X좌표21":340.0,"X좌표20":376.0,"Y좌표19":867.173,"Y좌표18":858.181}],"상의":[{}]},"라벨링":{"스타일":[{"스타일":"로맨틱"}],"아우터":[{}],"하의":[{}],"원피스":[{"기장":"미디","색상":"핑크","카테고리":"드레스","디테일":["플리츠"],"소매기장":"긴팔","소재":["우븐"],"프린트":["무지"],"넥라인":"라운드넥","핏":"노멀"}],"상의":[{}]}},"파일 번호":1206103,"파일 이름":"ops5391k09-ops5391k09-s_3.jpg"}}