{"이미지 정보":{"이미지 식별자":1217070,"이미지 높이":1049,"이미지 파일명":"sk2927k08-sk2927k08-s_5.jpg","이미지 너비":800},"데이터셋 정보":{"파일 생성일자":"2020-11-18 14:27:09","데이터셋 상세설명":{"렉트좌표":{"아우터":[{}],"하의":[{"X좌표":7.20312,"Y좌표":196.5,"가로":772,"세로":676}],"원피스":[{}],"상의":[{}]},"폴리곤좌표":{"아우터":[{}],"하의":[{"X좌표8":7.70312,"X좌표9":43.7031,"X좌표2":559.703,"X좌표3":411.703,"X좌표1":587.703,"X좌표6":218.703,"X좌표7":148.703,"X좌표4":299.703,"X좌표5":237.703,"Y좌표26":278.0,"Y좌표25":364.0,"Y좌표9":831.0,"Y좌표27":208.0,"Y좌표22":815.0,"Y좌표21":823.0,"Y좌표24":491.0,"Y좌표23":742.0,"Y좌표20":835.0,"X좌표19":639.703,"X좌표18":600.703,"X좌표17":539.703,"X좌표16":525.703,"X좌표15":463.703,"X좌표14":382.703,"X좌표13":349.703,"X좌표12":254.703,"X좌표11":202.703,"Y좌표4":200.0,"X좌표10":97.7031,"Y좌표3":197.0,"Y좌표2":198.0,"Y좌표1":210.0,"Y좌표8":802.0,"Y좌표7":404.0,"Y좌표6":265.0,"Y좌표5":200.0,"Y좌표15":872.0,"Y좌표14":866.0,"Y좌표17":846.0,"Y좌표16":868.0,"Y좌표11":873.0,"Y좌표10":827.0,"Y좌표13":832.0,"Y좌표12":865.0,"X좌표27":589.703,"X좌표26":596.703,"X좌표25":659.703,"X좌표24":700.703,"X좌표23":779.703,"X좌표22":774.703,"X좌표21":702.703,"X좌표20":657.703,"Y좌표19":863.0,"Y좌표18":870.0}],"원피스":[{}],"상의":[{}]},"라벨링":{"스타일":[{"스타일":"로맨틱","서브스타일":"페미닌"}],"아우터":[{}],"하의":[{"기장":"미니","색상":"블랙","카테고리":"스커트","디테일":["플리츠"],"소재":["우븐"],"핏":"노멀"}],"원피스":[{}],"상의":[{}]}},"파일 번호":1217070,"파일 이름":"sk2927k08-sk2927k08-s_5.jpg"}}