{"이미지 정보":{"이미지 식별자":1218015,"이미지 높이":1049,"이미지 파일명":"sk3027k09-sk3027k09-s_1.jpg","이미지 너비":800},"데이터셋 정보":{"파일 생성일자":"2020-11-18 14:33:56","데이터셋 상세설명":{"렉트좌표":{"아우터":[{}],"하의":[{"X좌표":227.19,"Y좌표":249.371,"가로":342,"세로":602}],"원피스":[{}],"상의":[{"X좌표":247.162,"Y좌표":1.50674,"가로":299,"세로":338}]},"폴리곤좌표":{"아우터":[{}],"하의":[{"X좌표8":550.242,"X좌표9":562.225,"X좌표2":331.546,"X좌표3":412.433,"X좌표1":302.586,"X좌표6":532.267,"X좌표7":541.254,"X좌표4":477.343,"X좌표5":488.328,"Y좌표25":265.869,"Y좌표9":761.82,"Y좌표22":412.855,"Y좌표21":589.837,"Y좌표24":288.867,"Y좌표23":325.863,"Y좌표20":672.829,"X좌표19":230.686,"X좌표18":227.69,"X좌표17":239.674,"X좌표16":267.635,"X좌표15":286.608,"X좌표14":352.517,"X좌표13":409.437,"X좌표12":449.382,"X좌표11":550.242,"Y좌표4":249.871,"X좌표10":570.214,"Y좌표3":264.87,"Y좌표2":265.869,"Y좌표1":261.87,"Y좌표8":598.836,"Y좌표7":442.852,"Y좌표6":326.863,"Y좌표5":264.87,"Y좌표15":852.811,"Y좌표14":849.811,"Y좌표17":849.811,"Y좌표16":848.811,"Y좌표11":847.812,"Y좌표10":822.814,"Y좌표13":841.812,"Y좌표12":844.812,"X좌표25":303.585,"X좌표24":293.599,"X좌표23":271.629,"X좌표22":263.64,"X좌표21":242.669,"X좌표20":232.683,"Y좌표19":767.82,"Y좌표18":825.814}],"원피스":[{}],"상의":[{"X좌표34":292.6,"X좌표33":297.593,"X좌표32":306.581,"X좌표31":381.476,"X좌표30":433.404,"X좌표8":249.66,"X좌표9":247.662,"Y좌표33":299.977,"Y좌표32":268.98,"Y좌표34":298.977,"Y좌표31":269.98,"Y좌표30":266.98,"X좌표2":275.624,"X좌표3":263.64,"X좌표1":290.603,"X좌표6":258.647,"X좌표7":260.644,"X좌표4":267.635,"X좌표5":253.654,"Y좌표26":307.976,"Y좌표25":327.974,"Y좌표28":253.982,"Y좌표9":57.0013,"Y좌표27":281.979,"Y좌표22":196.987,"Y좌표21":82.9987,"Y좌표24":256.981,"Y좌표23":223.985,"Y좌표20":30.004,"X좌표19":520.283,"X좌표18":469.354,"X좌표17":460.367,"X좌표16":438.397,"X좌표15":402.447,"X좌표14":371.49,"X좌표13":339.535,"X좌표12":315.568,"X좌표11":321.56,"Y좌표4":283.979,"X좌표10":265.637,"Y좌표3":328.974,"Y좌표2":340.973,"Y좌표1":297.977,"Y좌표8":118.995,"Y좌표7":167.99,"Y좌표29":256.981,"Y좌표6":205.986,"Y좌표5":219.985,"Y좌표15":43.0027,"Y좌표14":47.0023,"Y좌표17":12.0057,"Y좌표16":27.0043,"Y좌표11":9.00605,"Y좌표10":29.0041,"Y좌표13":34.0036,"Y좌표12":18.0052,"X좌표29":479.34,"X좌표28":493.321,"X좌표27":488.328,"X좌표26":509.299,"X좌표25":537.26,"X좌표24":543.251,"X좌표23":545.249,"X좌표22":547.246,"X좌표21":536.261,"X좌표20":533.265,"Y좌표19":2.00674,"Y좌표18":2.00674}]},"라벨링":{"스타일":[{"스타일":"로맨틱"}],"아우터":[{}],"하의":[{"기장":"미디","색상":"화이트","카테고리":"스커트","디테일":["포켓"],"소재":["우븐","린넨"],"프린트":["무지"],"핏":"루즈"}],"원피스":[{}],"상의":[{"색상":"그린","카테고리":"니트웨어","디테일":["단추"],"소매기장":"긴팔","소재":["니트","우븐"],"넥라인":"라운드넥","핏":"노멀"}]}},"파일 번호":1218015,"파일 이름":"sk3027k09-sk3027k09-s_1.jpg"}}