{"이미지 정보":{"이미지 식별자":1221158,"이미지 높이":1049,"이미지 파일명":"vt122-vt122-s_12.jpg","이미지 너비":800},"데이터셋 정보":{"파일 생성일자":"2020-11-18 14:53:44","데이터셋 상세설명":{"렉트좌표":{"아우터":[{"X좌표":267.5,"Y좌표":21.9487,"가로":228,"세로":365}],"하의":[{}],"원피스":[{"X좌표":180.5,"Y좌표":7.49792,"가로":360,"세로":631}],"상의":[{}]},"폴리곤좌표":{"아우터":[{"Y좌표9":388.354,"Y좌표22":103.428,"Y좌표21":154.414,"Y좌표23":25.4479,"Y좌표20":121.423,"X좌표19":429.0,"X좌표18":441.0,"X좌표17":496.0,"X좌표16":494.0,"X좌표15":477.0,"X좌표14":469.0,"X좌표13":473.0,"X좌표12":466.0,"X좌표11":478.0,"Y좌표4":169.41,"X좌표10":472.0,"Y좌표3":116.424,"Y좌표2":44.443,"Y좌표1":22.4487,"Y좌표8":384.355,"Y좌표7":377.356,"Y좌표6":292.379,"Y좌표5":236.393,"Y좌표15":186.406,"Y좌표14":225.396,"X좌표8":348.0,"Y좌표17":38.4445,"X좌표9":404.0,"Y좌표16":108.426,"Y좌표11":361.361,"Y좌표10":388.354,"Y좌표13":273.383,"Y좌표12":332.368,"X좌표23":339.0,"X좌표22":349.0,"X좌표2":280.0,"X좌표21":378.0,"X좌표3":275.0,"X좌표20":405.0,"X좌표1":341.0,"X좌표6":292.0,"Y좌표19":73.4354,"X좌표7":268.0,"Y좌표18":25.4479,"X좌표4":274.0,"X좌표5":289.0}],"하의":[{}],"원피스":[{"Y좌표47":10.9971,"Y좌표44":28.9925,"Y좌표43":7.99792,"Y좌표46":37.9901,"Y좌표45":51.9865,"Y좌표40":130.966,"Y좌표42":29.9922,"Y좌표41":50.9867,"X좌표39":529.0,"X좌표38":530.0,"X좌표37":520.0,"X좌표36":536.0,"X좌표35":537.0,"X좌표34":511.0,"X좌표33":508.0,"X좌표32":481.0,"X좌표31":483.0,"X좌표30":491.0,"Y좌표37":359.634,"Y좌표36":380.628,"X좌표8":268.0,"Y좌표39":208.946,"X좌표9":279.0,"Y좌표38":296.65,"Y좌표33":397.624,"Y좌표32":394.625,"Y좌표35":398.624,"Y좌표34":412.62,"Y좌표31":415.619,"Y좌표30":478.603,"X좌표47":344.0,"X좌표46":374.0,"X좌표45":389.0,"X좌표44":403.0,"X좌표2":336.0,"X좌표43":417.0,"X좌표3":264.0,"X좌표42":447.0,"X좌표41":514.0,"X좌표1":339.0,"X좌표40":525.0,"X좌표6":183.0,"X좌표7":227.0,"X좌표4":211.0,"X좌표5":181.0,"Y좌표26":631.563,"Y좌표25":622.565,"Y좌표28":580.576,"Y좌표9":220.943,"Y좌표27":639.561,"Y좌표22":598.572,"Y좌표21":619.566,"Y좌표24":620.566,"Y좌표23":602.571,"Y좌표20":606.57,"X좌표19":308.0,"X좌표18":285.0,"X좌표17":277.0,"X좌표16":245.0,"X좌표15":240.0,"X좌표14":259.0,"X좌표13":267.0,"X좌표12":269.0,"X좌표11":273.0,"Y좌표4":140.963,"X좌표10":293.0,"Y좌표3":55.9854,"Y좌표2":26.993,"Y좌표1":10.9971,"Y좌표8":241.937,"Y좌표7":246.936,"Y좌표29":525.591,"Y좌표6":229.94,"Y좌표5":192.95,"Y좌표15":608.569,"Y좌표14":565.58,"Y좌표17":619.566,"Y좌표16":618.566,"Y좌표11":373.903,"Y좌표10":277.928,"Y좌표13":518.592,"Y좌표12":452.882,"X좌표29":511.0,"X좌표28":529.0,"X좌표27":541.0,"X좌표26":488.0,"X좌표25":450.0,"X좌표24":416.0,"X좌표23":408.0,"X좌표22":383.0,"X좌표21":353.0,"X좌표20":339.0,"Y좌표19":630.563,"Y좌표18":628.564}],"상의":[{}]},"라벨링":{"스타일":[{"스타일":"로맨틱","서브스타일":"컨트리"}],"아우터":[{"기장":"하프","색상":"카키","카테고리":"베스트","디테일":["더블브레스티드"],"소매기장":"민소매","소재":["니트"],"넥라인":"브이넥","핏":"노멀"}],"하의":[{}],"원피스":[{"기장":"니렝스","색상":"베이지","서브색상":"카키","카테고리":"드레스","옷깃":"보우칼라","디테일":["리본","프릴"],"소매기장":"긴팔","소재":["시폰"],"프린트":["플로럴"]}],"상의":[{}]}},"파일 번호":1221158,"파일 이름":"vt122-vt122-s_12.jpg"}}