{"이미지 정보":{"이미지 식별자":1224733,"이미지 높이":800,"이미지 파일명":"1-(9)-003-270-965-2,132-TIARA_013_11.jpg","이미지 너비":800},"데이터셋 정보":{"파일 생성일자":"2020-11-19 15:40:17","데이터셋 상세설명":{"렉트좌표":{"아우터":[{"X좌표":262.929,"Y좌표":-0.493067,"가로":298,"세로":545}],"하의":[{"X좌표":301.875,"Y좌표":196.233,"가로":207,"세로":462}],"원피스":[{}],"상의":[{"X좌표":359.794,"Y좌표":46.4417,"가로":84,"세로":161}]},"폴리곤좌표":{"아우터":[{"X좌표37":358.297,"X좌표36":316.355,"X좌표35":300.377,"X좌표34":274.413,"X좌표33":263.429,"X좌표32":293.387,"X좌표31":315.357,"X좌표30":323.345,"Y좌표37":17.9819,"Y좌표36":36.9555,"X좌표8":518.075,"X좌표9":516.077,"Y좌표33":256.65,"Y좌표32":270.631,"Y좌표35":70.9083,"Y좌표34":229.687,"Y좌표31":278.619,"Y좌표30":265.637,"X좌표2":505.093,"X좌표3":522.069,"X좌표1":453.165,"X좌표6":558.019,"X좌표7":549.031,"X좌표4":553.026,"X좌표5":562.013,"Y좌표26":533.265,"Y좌표25":545.249,"Y좌표28":357.51,"Y좌표9":252.656,"Y좌표27":516.289,"Y좌표22":139.812,"Y좌표21":15.9847,"Y좌표24":417.426,"Y좌표23":246.664,"Y좌표20":6.99721,"X좌표19":425.204,"X좌표18":420.211,"X좌표17":447.173,"X좌표16":469.143,"X좌표15":527.062,"X좌표14":533.054,"X좌표13":527.062,"X좌표12":526.063,"X좌표11":529.059,"Y좌표4":222.697,"X좌표10":502.097,"Y좌표3":51.9347,"Y좌표2":13.9875,"Y좌표1":0.00693311,"Y좌표8":263.64,"Y좌표7":259.646,"Y좌표29":278.619,"Y좌표6":248.661,"Y좌표5":238.675,"Y좌표15":530.269,"Y좌표14":519.285,"Y좌표17":403.446,"Y좌표16":541.254,"Y좌표11":273.626,"Y좌표10":258.647,"Y좌표13":449.382,"Y좌표12":307.579,"X좌표29":336.327,"X좌표28":317.354,"X좌표27":307.368,"X좌표26":343.318,"X좌표25":397.243,"X좌표24":402.236,"X좌표23":394.247,"X좌표22":387.257,"X좌표21":364.288,"X좌표20":449.17,"Y좌표19":132.822,"Y좌표18":230.686}],"하의":[{"Y좌표9":635.124,"Y좌표22":533.265,"Y좌표21":515.29,"Y좌표24":198.731,"Y좌표23":209.715,"Y좌표20":601.171,"X좌표19":305.37,"X좌표18":313.359,"X좌표17":344.316,"X좌표16":347.312,"X좌표15":365.287,"X좌표14":367.284,"X좌표13":384.261,"X좌표12":410.225,"X좌표11":428.2,"Y좌표4":475.346,"X좌표10":469.143,"Y좌표3":249.66,"Y좌표2":196.733,"Y좌표1":196.733,"Y좌표8":635.124,"Y좌표7":633.126,"Y좌표6":529.271,"Y좌표5":529.271,"Y좌표15":608.161,"Y좌표14":615.151,"X좌표8":476.133,"Y좌표17":627.135,"X좌표9":466.147,"Y좌표16":612.156,"Y좌표11":657.093,"Y좌표10":642.114,"Y좌표13":622.142,"Y좌표12":659.09,"X좌표24":387.257,"X좌표23":387.257,"X좌표22":389.254,"X좌표2":422.208,"X좌표21":310.363,"X좌표3":426.202,"X좌표20":302.375,"X좌표1":390.252,"X좌표6":508.088,"Y좌표19":620.144,"X좌표7":510.086,"Y좌표18":630.13,"X좌표4":463.151,"X좌표5":469.143}],"원피스":[{}],"상의":[{"X좌표8":368.283,"X좌표9":360.294,"Y좌표9":46.9417,"X좌표2":400.238,"Y좌표4":145.804,"X좌표3":445.176,"Y좌표3":56.9278,"Y좌표2":70.9083,"X좌표1":362.291,"Y좌표1":48.9389,"X좌표6":388.255,"Y좌표8":91.8792,"X좌표7":380.266,"Y좌표7":145.804,"X좌표4":429.198,"Y좌표6":208.717,"X좌표5":426.202,"Y좌표5":199.729}]},"라벨링":{"스타일":[{"스타일":"로맨틱","서브스타일":"모던"}],"아우터":[{"기장":"롱","색상":"베이지","카테고리":"재킷","디테일":["롤업","포켓"],"소매기장":"7부소매","소재":["린넨"],"프린트":["무지"],"넥라인":"노카라","핏":"루즈"}],"하의":[{"기장":"발목","색상":"블랙","서브색상":"화이트","카테고리":"스커트","디테일":["플레어"],"소재":["시폰"],"프린트":["플로럴"],"핏":"노멀"}],"원피스":[{}],"상의":[{"기장":"노멀","색상":"블랙","카테고리":"티셔츠","소매기장":"반팔","소재":["저지"],"프린트":["무지"],"넥라인":"브이넥","핏":"노멀"}]}},"파일 번호":1224733,"파일 이름":"1-(9)-003-270-965-2,132-TIARA_013_11.jpg"}}