{"이미지 정보":{"이미지 식별자":122940,"이미지 높이":800,"이미지 파일명":"siutim_1145_05.jpg","이미지 너비":800},"데이터셋 정보":{"파일 생성일자":"2020-08-10 10:40:16","데이터셋 상세설명":{"렉트좌표":{"아우터":[{}],"하의":[{}],"원피스":[{"X좌표":347.7,"Y좌표":1.49999,"가로":320,"세로":768}],"상의":[{"X좌표":347.7,"Y좌표":4.49999,"가로":282,"세로":149}]},"폴리곤좌표":{"아우터":[{}],"하의":[{}],"원피스":[{"X좌표39":360.2,"X좌표38":357.2,"X좌표37":360.2,"X좌표36":363.2,"X좌표35":380.2,"X좌표34":394.2,"X좌표33":413.2,"X좌표32":412.2,"X좌표31":479.2,"X좌표30":483.2,"X좌표49":400.2,"X좌표48":400.2,"X좌표47":391.2,"X좌표46":398.2,"X좌표45":411.2,"X좌표44":394.2,"X좌표43":379.2,"X좌표42":388.2,"X좌표41":381.2,"X좌표40":373.2,"Y좌표26":747.0,"Y좌표25":728.0,"Y좌표28":760.0,"Y좌표27":752.0,"Y좌표22":712.0,"Y좌표21":526.0,"Y좌표24":734.0,"Y좌표23":727.0,"Y좌표20":348.0,"X좌표59":431.2,"X좌표58":421.2,"X좌표57":410.2,"X좌표56":395.2,"X좌표55":381.2,"X좌표54":351.2,"X좌표53":348.2,"X좌표52":364.2,"X좌표51":378.2,"X좌표50":380.2,"Y좌표29":758.0,"Y좌표15":149.0,"Y좌표14":118.0,"Y좌표17":212.0,"Y좌표16":187.0,"Y좌표11":75.0,"Y좌표10":60.0,"Y좌표13":93.0,"Y좌표12":84.0,"X좌표66":569.2,"X좌표65":547.2,"X좌표64":520.2,"X좌표63":488.2,"X좌표62":458.2,"Y좌표19":288.0,"X좌표61":439.2,"Y좌표18":274.0,"X좌표60":426.2,"Y좌표48":47.0,"Y좌표47":74.0,"Y좌표49":32.0,"Y좌표44":134.0,"Y좌표43":155.0,"Y좌표46":80.0,"Y좌표45":84.0,"Y좌표40":339.0,"Y좌표42":206.0,"Y좌표41":260.0,"Y좌표37":670.0,"Y좌표36":723.0,"X좌표8":614.2,"Y좌표39":442.0,"X좌표9":619.2,"Y좌표38":547.0,"Y좌표33":748.0,"Y좌표32":769.0,"Y좌표35":748.0,"Y좌표34":742.0,"Y좌표31":771.0,"Y좌표30":759.0,"X좌표2":575.2,"X좌표3":588.2,"X좌표1":569.2,"X좌표6":624.2,"X좌표7":614.2,"X좌표4":600.2,"X좌표5":615.2,"Y좌표9":44.0,"Y좌표66":90.0,"Y좌표65":98.0,"Y좌표62":97.0,"Y좌표61":92.0,"Y좌표64":102.0,"Y좌표63":102.0,"Y좌표60":78.0,"X좌표19":595.2,"X좌표18":582.2,"X좌표17":588.2,"X좌표16":590.2,"X좌표15":589.2,"X좌표14":590.2,"X좌표13":590.2,"X좌표12":598.2,"X좌표11":614.2,"Y좌표4":3.99999,"X좌표10":620.2,"Y좌표3":16.0,"Y좌표2":16.0,"Y좌표1":87.0,"Y좌표8":43.0,"Y좌표7":32.0,"Y좌표6":16.0,"Y좌표5":1.99999,"Y좌표59":18.0,"Y좌표58":14.0,"Y좌표55":5.99999,"Y좌표54":5.99999,"Y좌표57":5.99999,"Y좌표56":5.99999,"Y좌표51":22.0,"Y좌표50":39.0,"Y좌표53":33.0,"Y좌표52":14.0,"X좌표29":507.2,"X좌표28":527.2,"X좌표27":550.2,"X좌표26":580.2,"X좌표25":602.2,"X좌표24":628.2,"X좌표23":653.2,"X좌표22":669.2,"X좌표21":631.2,"X좌표20":604.2}],"상의":[{"Y좌표40":103.0,"Y좌표41":93.0,"X좌표39":505.2,"X좌표38":536.2,"X좌표37":567.2,"X좌표36":570.2,"X좌표35":616.2,"X좌표34":611.2,"X좌표33":621.2,"X좌표32":612.2,"X좌표31":589.2,"X좌표30":593.2,"Y좌표37":86.0,"Y좌표36":12.0,"X좌표8":371.2,"Y좌표39":102.0,"X좌표9":381.2,"Y좌표38":102.0,"Y좌표33":47.0,"Y좌표32":80.0,"Y좌표35":23.0,"Y좌표34":37.0,"Y좌표31":88.0,"Y좌표30":134.0,"X좌표2":396.2,"X좌표3":383.2,"X좌표41":439.2,"X좌표1":409.2,"X좌표40":475.2,"X좌표6":348.2,"X좌표7":359.2,"X좌표4":387.2,"X좌표5":372.2,"Y좌표26":21.0,"Y좌표25":16.0,"Y좌표28":79.0,"Y좌표9":34.0,"Y좌표27":50.0,"Y좌표22":31.0,"Y좌표21":33.0,"Y좌표24":7.99999,"Y좌표23":16.0,"Y좌표20":28.0,"X좌표19":439.2,"X좌표18":417.2,"X좌표17":415.2,"X좌표16":432.2,"X좌표15":439.2,"X좌표14":410.2,"X좌표13":409.2,"X좌표12":389.2,"X좌표11":401.2,"Y좌표4":126.0,"X좌표10":396.2,"Y좌표3":155.0,"Y좌표2":128.0,"Y좌표1":90.0,"Y좌표8":19.0,"Y좌표7":27.0,"Y좌표29":128.0,"Y좌표6":40.0,"Y좌표5":84.0,"Y좌표15":87.0,"Y좌표14":87.0,"Y좌표17":22.0,"Y좌표16":69.0,"Y좌표11":48.0,"Y좌표10":34.0,"Y좌표13":80.0,"Y좌표12":76.0,"X좌표29":600.2,"X좌표28":630.2,"X좌표27":631.2,"X좌표26":616.2,"X좌표25":572.2,"X좌표24":542.2,"X좌표23":539.2,"X좌표22":516.2,"X좌표21":488.2,"X좌표20":460.2,"Y좌표19":15.0,"Y좌표18":4.99999}]},"라벨링":{"스타일":[{"스타일":"로맨틱","서브스타일":"페미닌"}],"아우터":[{}],"하의":[{}],"원피스":[{"기장":"미디","색상":"네이비","카테고리":"드레스","디테일":["리본","셔링"],"소매기장":"없음","소재":["우븐"],"프린트":["무지"],"넥라인":"스퀘어넥","핏":"루즈"}],"상의":[{"기장":"노멀","색상":"화이트","카테고리":"티셔츠","소매기장":"민소매","소재":["우븐"],"프린트":["무지"],"넥라인":"라운드넥","핏":"노멀"}]}},"파일 번호":122940,"파일 이름":"siutim_1145_05.jpg"}}