{"이미지 정보":{"이미지 식별자":1233300,"이미지 높이":800,"이미지 파일명":"1-(9)-009-276-4,164-19,041-Forme_424_02.jpg","이미지 너비":800},"데이터셋 정보":{"파일 생성일자":"2020-11-19 16:16:23","데이터셋 상세설명":{"렉트좌표":{"아우터":[{}],"하의":[{}],"원피스":[{"X좌표":265.645,"Y좌표":8.51562,"가로":268,"세로":519}],"상의":[{}]},"폴리곤좌표":{"아우터":[{}],"하의":[{}],"원피스":[{"X좌표39":475.145,"X좌표38":493.145,"X좌표37":504.145,"X좌표36":510.145,"X좌표35":519.145,"X좌표34":534.145,"X좌표33":514.145,"X좌표32":500.145,"X좌표31":478.145,"X좌표30":490.145,"X좌표49":379.145,"X좌표48":381.145,"X좌표47":390.145,"X좌표46":408.145,"X좌표45":418.145,"X좌표44":433.145,"X좌표43":438.145,"X좌표42":431.145,"X좌표41":443.145,"X좌표40":449.145,"Y좌표26":361.016,"Y좌표25":511.016,"Y좌표28":259.016,"Y좌표27":289.016,"Y좌표22":523.016,"Y좌표21":526.016,"Y좌표24":519.016,"Y좌표23":523.016,"Y좌표20":526.016,"Y좌표29":231.016,"Y좌표15":468.016,"Y좌표14":373.016,"Y좌표17":518.016,"Y좌표16":504.016,"Y좌표11":321.016,"Y좌표10":287.016,"Y좌표13":363.016,"Y좌표12":347.016,"Y좌표19":528.016,"Y좌표18":527.016,"Y좌표48":23.0156,"Y좌표47":33.0156,"Y좌표49":9.01562,"Y좌표44":39.0156,"Y좌표43":24.0156,"Y좌표46":41.0156,"Y좌표45":41.0156,"Y좌표40":26.0156,"Y좌표42":13.0156,"Y좌표41":19.0156,"Y좌표37":76.0156,"Y좌표36":104.016,"X좌표8":340.145,"Y좌표39":36.0156,"X좌표9":333.145,"Y좌표38":46.0156,"Y좌표33":201.016,"Y좌표32":201.016,"Y좌표35":156.016,"Y좌표34":197.016,"Y좌표31":208.016,"Y좌표30":229.016,"X좌표2":368.145,"X좌표3":346.145,"X좌표1":379.145,"X좌표6":308.145,"X좌표7":311.145,"X좌표4":319.145,"X좌표5":266.145,"Y좌표9":243.016,"X좌표19":396.145,"X좌표18":370.145,"X좌표17":344.145,"X좌표16":331.145,"X좌표15":328.145,"X좌표14":323.145,"X좌표13":331.145,"X좌표12":334.145,"X좌표11":335.145,"Y좌표4":42.0156,"X좌표10":326.145,"Y좌표3":28.0156,"Y좌표2":24.0156,"Y좌표1":11.0156,"Y좌표8":202.016,"Y좌표7":194.016,"Y좌표6":198.016,"Y좌표5":183.016,"X좌표29":500.145,"X좌표28":495.145,"X좌표27":503.145,"X좌표26":503.145,"X좌표25":506.145,"X좌표24":478.145,"X좌표23":455.145,"X좌표22":433.145,"X좌표21":430.145,"X좌표20":419.145}],"상의":[{}]},"라벨링":{"스타일":[{"스타일":"로맨틱","서브스타일":"페미닌"}],"아우터":[{}],"하의":[{}],"원피스":[{"기장":"니렝스","색상":"스카이블루","카테고리":"드레스","옷깃":"차이나칼라","디테일":["스트링"],"소매기장":"반팔","소재":["우븐"],"넥라인":"라운드넥","핏":"노멀"}],"상의":[{}]}},"파일 번호":1233300,"파일 이름":"1-(9)-009-276-4,164-19,041-Forme_424_02.jpg"}}