{"이미지 정보":{"이미지 식별자":1235291,"이미지 높이":800,"이미지 파일명":"012-279-949-21,968-Prau_011_16.jpg","이미지 너비":800},"데이터셋 정보":{"파일 생성일자":"2020-11-19 16:24:26","데이터셋 상세설명":{"렉트좌표":{"아우터":[{}],"하의":[{"X좌표":277.254,"Y좌표":216.443,"가로":226,"세로":427}],"원피스":[{}],"상의":[{"X좌표":256.273,"Y좌표":3.52642,"가로":263,"세로":248}]},"폴리곤좌표":{"아우터":[{}],"하의":[{"Y좌표9":643.554,"X좌표16":315.719,"X좌표15":460.587,"X좌표14":480.569,"X좌표13":489.56,"X좌표12":504.547,"X좌표11":486.563,"Y좌표4":620.575,"X좌표10":456.59,"Y좌표3":573.618,"Y좌표2":352.819,"Y좌표1":221.939,"Y좌표8":643.554,"Y좌표7":644.553,"Y좌표6":641.556,"Y좌표5":630.566,"Y좌표15":224.936,"Y좌표14":303.864,"X좌표8":430.614,"X좌표9":455.591,"Y좌표16":216.943,"Y좌표11":623.572,"Y좌표10":624.571,"Y좌표13":502.683,"Y좌표12":605.589,"X좌표2":297.735,"X좌표3":289.743,"X좌표1":314.72,"X좌표6":341.695,"X좌표7":397.644,"X좌표4":277.754,"X좌표5":301.732}],"원피스":[{}],"상의":[{"X좌표8":281.75,"X좌표9":295.737,"X좌표2":282.749,"X좌표3":261.768,"X좌표1":323.712,"X좌표6":272.758,"X좌표7":259.77,"X좌표4":256.773,"X좌표5":269.761,"Y좌표26":8.02277,"Y좌표25":6.02459,"Y좌표28":8.02277,"Y좌표9":252.799,"Y좌표27":11.02,"Y좌표22":44.989,"Y좌표21":104.934,"Y좌표24":6.02459,"Y좌표23":17.0146,"Y좌표20":136.905,"X좌표19":503.548,"X좌표18":517.535,"X좌표17":486.563,"X좌표16":480.569,"X좌표15":460.587,"X좌표14":445.6,"X좌표13":411.631,"X좌표12":375.664,"X좌표11":347.69,"Y좌표4":148.894,"X좌표10":320.714,"Y좌표3":93.9444,"Y좌표2":26.0064,"Y좌표1":4.02642,"Y좌표8":251.8,"Y좌표7":243.808,"Y좌표6":199.848,"Y좌표5":173.871,"Y좌표15":205.842,"Y좌표14":228.821,"Y좌표17":246.805,"Y좌표16":230.82,"Y좌표11":227.822,"Y좌표10":219.83,"Y좌표13":230.82,"Y좌표12":228.821,"X좌표28":321.713,"X좌표27":341.695,"X좌표26":374.665,"X좌표25":421.622,"X좌표24":460.587,"X좌표23":490.559,"X좌표22":500.55,"X좌표21":520.532,"X좌표20":515.537,"Y좌표19":172.872,"Y좌표18":237.813}]},"라벨링":{"스타일":[{"스타일":"로맨틱"}],"아우터":[{}],"하의":[{"기장":"발목","색상":"핑크","카테고리":"스커트","디테일":["플리츠"],"소재":["시폰"],"프린트":["무지"],"핏":"노멀"}],"원피스":[{}],"상의":[{"기장":"노멀","색상":"화이트","카테고리":"니트웨어","소매기장":"긴팔","소재":["니트"],"프린트":["무지"],"넥라인":"라운드넥","핏":"노멀"}]}},"파일 번호":1235291,"파일 이름":"012-279-949-21,968-Prau_011_16.jpg"}}