{"이미지 정보":{"이미지 식별자":13700,"이미지 높이":800,"이미지 파일명":"Lounge-Vera_088_05.jpg","이미지 너비":800},"데이터셋 정보":{"파일 생성일자":"2020-08-06 05:49:50","데이터셋 상세설명":{"렉트좌표":{"아우터":[{}],"하의":[{}],"원피스":[{"X좌표":325.011,"Y좌표":5.50853,"가로":286,"세로":659}],"상의":[{}]},"폴리곤좌표":{"아우터":[{}],"하의":[{}],"원피스":[{"X좌표35":420.511,"X좌표34":454.511,"X좌표33":444.511,"X좌표32":463.511,"X좌표31":486.511,"X좌표30":502.511,"X좌표8":361.511,"X좌표9":361.511,"Y좌표33":27.0085,"Y좌표32":49.0085,"Y좌표35":7.00853,"Y좌표34":16.0085,"Y좌표31":73.0085,"Y좌표30":61.0085,"X좌표2":413.511,"X좌표3":384.511,"X좌표1":422.511,"X좌표6":350.511,"X좌표7":383.511,"X좌표4":364.511,"X좌표5":325.511,"Y좌표26":36.0085,"Y좌표25":44.0085,"Y좌표28":23.0085,"Y좌표9":632.009,"Y좌표27":17.0085,"Y좌표22":219.009,"Y좌표21":241.009,"Y좌표24":61.0085,"Y좌표23":121.009,"Y좌표20":281.009,"X좌표19":583.511,"X좌표18":556.511,"X좌표17":570.511,"X좌표16":575.511,"X좌표15":577.511,"X좌표14":569.511,"X좌표13":534.511,"X좌표12":486.511,"X좌표11":448.511,"Y좌표4":60.0085,"X좌표10":392.511,"Y좌표3":35.0085,"Y좌표2":31.0085,"Y좌표1":6.00853,"Y좌표8":557.009,"Y좌표7":253.009,"Y좌표29":36.0085,"Y좌표6":266.009,"Y좌표5":194.009,"Y좌표15":515.009,"Y좌표14":639.009,"Y좌표17":324.009,"Y좌표16":378.009,"Y좌표11":666.009,"Y좌표10":637.009,"Y좌표13":656.009,"Y좌표12":657.009,"X좌표29":517.511,"X좌표28":504.511,"X좌표27":532.511,"X좌표26":544.511,"X좌표25":565.511,"X좌표24":582.511,"X좌표23":603.511,"X좌표22":612.511,"X좌표21":612.511,"X좌표20":595.511,"Y좌표19":286.009,"Y좌표18":281.009}],"상의":[{}]},"라벨링":{"스타일":[{"스타일":"로맨틱","서브스타일":"리조트"}],"아우터":[{}],"하의":[{}],"원피스":[{"기장":"미디","색상":"옐로우","카테고리":"드레스","옷깃":"셔츠칼라","디테일":["스트링","퍼프"],"소매기장":"7부소매","소재":["린넨","우븐"],"프린트":["무지"],"넥라인":"브이넥","핏":"루즈"}],"상의":[{}]}},"파일 번호":13700,"파일 이름":"Lounge-Vera_088_05.jpg"}}