{"이미지 정보":{"이미지 식별자":15415,"이미지 높이":800,"이미지 파일명":"Loveit_001_03.jpg","이미지 너비":800},"데이터셋 정보":{"파일 생성일자":"2020-08-06 05:59:09","데이터셋 상세설명":{"렉트좌표":{"아우터":[{}],"하의":[{"X좌표":302.145,"Y좌표":231.516,"가로":170,"세로":446}],"원피스":[{}],"상의":[{"X좌표":266.145,"Y좌표":8.51562,"가로":251,"세로":364}]},"폴리곤좌표":{"아우터":[{}],"하의":[{"X좌표8":392.645,"X좌표9":380.645,"X좌표2":302.645,"X좌표3":313.645,"X좌표1":323.645,"X좌표6":316.645,"X좌표7":357.645,"X좌표4":321.645,"X좌표5":323.645,"Y좌표26":233.016,"Y좌표25":232.016,"Y좌표9":509.016,"Y좌표22":233.016,"Y좌표21":268.016,"Y좌표24":242.016,"Y좌표23":236.016,"Y좌표20":308.016,"X좌표19":463.645,"X좌표18":435.645,"X좌표17":432.645,"X좌표16":428.645,"X좌표15":410.645,"X좌표14":391.645,"X좌표13":382.645,"X좌표12":383.645,"X좌표11":387.645,"Y좌표4":447.016,"X좌표10":378.645,"Y좌표3":376.016,"Y좌표2":296.016,"Y좌표1":234.016,"Y좌표8":671.016,"Y좌표7":679.016,"Y좌표6":671.016,"Y좌표5":533.016,"Y좌표15":636.016,"Y좌표14":637.016,"Y좌표17":502.016,"Y좌표16":619.016,"Y좌표11":342.016,"Y좌표10":342.016,"Y좌표13":531.016,"Y좌표12":457.016,"X좌표26":326.645,"X좌표25":367.645,"X좌표24":393.645,"X좌표23":401.645,"X좌표22":438.645,"X좌표21":470.645,"X좌표20":473.645,"Y좌표19":364.016,"Y좌표18":471.016}],"원피스":[{}],"상의":[{"X좌표30":397.645,"X좌표8":290.645,"X좌표9":308.645,"Y좌표30":46.0156,"X좌표2":361.645,"X좌표3":340.645,"X좌표1":391.645,"X좌표6":271.645,"X좌표7":266.645,"X좌표4":297.645,"X좌표5":278.645,"Y좌표26":159.016,"Y좌표25":214.016,"Y좌표28":39.0156,"Y좌표9":374.016,"Y좌표27":46.0156,"Y좌표22":247.016,"Y좌표21":266.016,"Y좌표24":222.016,"Y좌표23":237.016,"Y좌표20":287.016,"X좌표19":471.645,"X좌표18":451.645,"X좌표17":435.645,"X좌표16":411.645,"X좌표15":397.645,"X좌표14":381.645,"X좌표13":326.645,"X좌표12":317.645,"X좌표11":301.645,"Y좌표4":62.0156,"X좌표10":310.645,"Y좌표3":43.0156,"Y좌표2":19.0156,"Y좌표1":46.0156,"Y좌표8":366.016,"Y좌표7":356.016,"Y좌표29":9.01562,"Y좌표6":312.016,"Y좌표5":302.016,"Y좌표15":238.016,"Y좌표14":236.016,"Y좌표17":232.016,"Y좌표16":234.016,"Y좌표11":307.016,"Y좌표10":351.016,"Y좌표13":228.016,"Y좌표12":244.016,"X좌표29":420.645,"X좌표28":441.645,"X좌표27":485.645,"X좌표26":518.645,"X좌표25":512.645,"X좌표24":517.645,"X좌표23":513.645,"X좌표22":500.645,"X좌표21":497.645,"X좌표20":483.645,"Y좌표19":268.016,"Y좌표18":243.016}]},"라벨링":{"스타일":[{"스타일":"로맨틱"}],"아우터":[{}],"하의":[{"기장":"발목","색상":"화이트","카테고리":"팬츠","소재":["시폰"],"프린트":["무지"],"핏":"노멀"}],"원피스":[{}],"상의":[{"기장":"노멀","색상":"옐로우","카테고리":"블라우스","옷깃":"셔츠칼라","디테일":["프릴","러플","단추"],"소매기장":"긴팔","소재":["시폰"],"프린트":["무지"],"핏":"노멀"}]}},"파일 번호":15415,"파일 이름":"Loveit_001_03.jpg"}}