{"이미지 정보":{"이미지 식별자":170484,"이미지 높이":800,"이미지 파일명":"THE-HARU_010_10.jpg","이미지 너비":800},"데이터셋 정보":{"파일 생성일자":"2020-08-18 10:59:35","데이터셋 상세설명":{"렉트좌표":{"아우터":[{}],"하의":[{"X좌표":283.295,"Y좌표":241.507,"가로":210,"세로":455}],"원피스":[{}],"상의":[{"X좌표":273.295,"Y좌표":2.50694,"가로":266,"세로":403}]},"폴리곤좌표":{"아우터":[{}],"하의":[{"X좌표8":476.795,"X좌표9":468.795,"X좌표2":320.795,"X좌표3":355.795,"X좌표1":293.795,"X좌표6":454.795,"X좌표7":469.795,"X좌표4":402.795,"X좌표5":442.795,"Y좌표26":347.007,"Y좌표25":683.007,"Y좌표9":390.007,"Y좌표27":246.007,"Y좌표22":698.007,"Y좌표21":696.007,"Y좌표24":694.007,"Y좌표23":697.007,"Y좌표20":686.007,"X좌표19":383.795,"X좌표18":379.795,"X좌표17":433.795,"X좌표16":448.795,"X좌표15":477.795,"X좌표14":487.795,"X좌표13":494.795,"X좌표12":484.795,"X좌표11":464.795,"Y좌표4":251.007,"X좌표10":468.795,"Y좌표3":250.007,"Y좌표2":244.007,"Y좌표1":242.007,"Y좌표8":324.007,"Y좌표7":278.007,"Y좌표6":253.007,"Y좌표5":253.007,"Y좌표15":684.007,"Y좌표14":678.007,"Y좌표17":677.007,"Y좌표16":697.007,"Y좌표11":520.007,"Y좌표10":453.007,"Y좌표13":647.007,"Y좌표12":579.007,"X좌표27":290.795,"X좌표26":283.795,"X좌표25":325.795,"X좌표24":333.795,"X좌표23":339.795,"X좌표22":360.795,"X좌표21":378.795,"X좌표20":383.795,"Y좌표19":636.007,"Y좌표18":554.007}],"원피스":[{}],"상의":[{"Y좌표40":41.0069,"Y좌표41":4.00694,"X좌표39":370.795,"X좌표38":367.795,"X좌표37":367.795,"X좌표36":372.795,"X좌표35":368.795,"X좌표34":354.795,"X좌표33":339.795,"X좌표32":312.795,"X좌표31":294.795,"X좌표30":286.795,"Y좌표37":50.0069,"Y좌표36":31.0069,"X좌표8":536.795,"Y좌표39":83.0069,"X좌표9":540.795,"Y좌표38":72.0069,"Y좌표33":16.0069,"Y좌표32":40.0069,"Y좌표35":16.0069,"Y좌표34":10.0069,"Y좌표31":70.0069,"Y좌표30":120.007,"X좌표2":440.795,"X좌표3":472.795,"X좌표41":414.795,"X좌표1":418.795,"X좌표40":386.795,"X좌표6":517.795,"X좌표7":525.795,"X좌표4":482.795,"X좌표5":500.795,"Y좌표26":284.007,"Y좌표25":321.007,"Y좌표28":196.007,"Y좌표9":241.007,"Y좌표27":244.007,"Y좌표22":384.007,"Y좌표21":397.007,"Y좌표24":364.007,"Y좌표23":373.007,"Y좌표20":407.007,"X좌표19":484.795,"X좌표18":496.795,"X좌표17":512.795,"X좌표16":509.795,"X좌표15":506.795,"X좌표14":506.795,"X좌표13":514.795,"X좌표12":520.795,"X좌표11":529.795,"Y좌표4":21.0069,"X좌표10":534.795,"Y좌표3":14.0069,"Y좌표2":9.00694,"Y좌표1":3.00694,"Y좌표8":217.007,"Y좌표7":156.007,"Y좌표29":161.007,"Y좌표6":98.0069,"Y좌표5":49.0069,"Y좌표15":272.007,"Y좌표14":256.007,"Y좌표17":348.007,"Y좌표16":326.007,"Y좌표11":259.007,"Y좌표10":251.007,"Y좌표13":246.007,"Y좌표12":261.007,"X좌표29":286.795,"X좌표28":280.795,"X좌표27":273.795,"X좌표26":276.795,"X좌표25":273.795,"X좌표24":282.795,"X좌표23":306.795,"X좌표22":373.795,"X좌표21":440.795,"X좌표20":466.795,"Y좌표19":406.007,"Y좌표18":379.007}]},"라벨링":{"스타일":[{"스타일":"로맨틱","서브스타일":"스트리트"}],"아우터":[{}],"하의":[{"기장":"발목","색상":"핑크","카테고리":"팬츠","소재":["우븐"],"프린트":["무지"],"핏":"노멀"}],"원피스":[{}],"상의":[{"기장":"롱","색상":"화이트","카테고리":"블라우스","옷깃":"셔츠칼라","디테일":["셔링","슬릿","비대칭"],"소매기장":"긴팔","소재":["우븐"],"프린트":["무지"],"핏":"루즈"}]}},"파일 번호":170484,"파일 이름":"THE-HARU_010_10.jpg"}}