{"이미지 정보":{"이미지 식별자":182509,"이미지 높이":800,"이미지 파일명":"doorim_1187_02.jpg","이미지 너비":800},"데이터셋 정보":{"파일 생성일자":"2020-09-03 01:30:09","데이터셋 상세설명":{"렉트좌표":{"아우터":[{}],"하의":[{}],"원피스":[{"X좌표":290.933,"Y좌표":-0.500008,"가로":260,"세로":662}],"상의":[{}]},"폴리곤좌표":{"아우터":[{}],"하의":[{}],"원피스":[{"Y좌표9":663.0,"Y좌표21":13.0,"Y좌표20":92.0,"X좌표19":334.433,"X좌표18":294.433,"X좌표17":295.433,"X좌표16":293.433,"X좌표15":342.433,"X좌표14":318.433,"X좌표13":301.433,"X좌표12":291.433,"X좌표11":365.433,"Y좌표4":177.0,"X좌표10":396.433,"Y좌표3":150.0,"Y좌표2":29.0,"Y좌표1":11.0,"Y좌표8":654.0,"Y좌표7":384.0,"Y좌표6":264.0,"Y좌표5":252.0,"Y좌표15":229.0,"Y좌표14":299.0,"X좌표8":517.433,"Y좌표17":139.0,"X좌표9":406.433,"Y좌표16":214.0,"Y좌표11":622.0,"Y좌표10":602.0,"Y좌표13":413.0,"Y좌표12":589.0,"X좌표2":510.433,"X좌표21":438.433,"X좌표3":537.433,"X좌표20":393.433,"X좌표1":443.433,"X좌표6":498.433,"Y좌표19":-7.62939E-6,"X좌표7":519.433,"Y좌표18":50.0,"X좌표4":523.433,"X좌표5":552.433}],"상의":[{}]},"라벨링":{"스타일":[{"스타일":"로맨틱"}],"아우터":[{}],"하의":[{}],"원피스":[{"기장":"미디","색상":"그린","카테고리":"드레스","옷깃":"테일러드칼라","디테일":["리본"],"소매기장":"긴팔","소재":["시폰"],"프린트":["플로럴"],"넥라인":"브이넥","핏":"루즈"}],"상의":[{}]}},"파일 번호":182509,"파일 이름":"doorim_1187_02.jpg"}}