{"이미지 정보":{"이미지 식별자":32641,"이미지 높이":800,"이미지 파일명":"Maybeen_132_08.jpg","이미지 너비":800},"데이터셋 정보":{"파일 생성일자":"2020-08-07 02:22:40","데이터셋 상세설명":{"렉트좌표":{"아우터":[{}],"하의":[{}],"원피스":[{"X좌표":283.875,"Y좌표":8.51562,"가로":342,"세로":699}],"상의":[{}]},"폴리곤좌표":{"아우터":[{}],"하의":[{}],"원피스":[{"Y좌표44":14.0156,"Y좌표43":29.0156,"Y좌표40":22.0156,"Y좌표42":53.0156,"Y좌표41":56.0156,"X좌표39":489.375,"X좌표38":517.375,"X좌표37":540.375,"X좌표36":567.375,"X좌표35":557.375,"X좌표34":570.375,"X좌표33":622.375,"X좌표32":627.375,"X좌표31":620.375,"X좌표30":581.375,"Y좌표37":33.0156,"Y좌표36":34.0156,"X좌표8":299.375,"Y좌표39":9.01562,"X좌표9":284.375,"Y좌표38":21.0156,"Y좌표33":281.016,"Y좌표32":302.016,"Y좌표35":76.0156,"Y좌표34":136.016,"Y좌표31":338.016,"Y좌표30":362.016,"X좌표44":374.375,"X좌표2":337.375,"X좌표43":385.375,"X좌표3":316.375,"X좌표42":410.375,"X좌표41":444.375,"X좌표1":366.375,"X좌표40":474.375,"X좌표6":307.375,"X좌표7":302.375,"X좌표4":297.375,"X좌표5":294.375,"Y좌표26":492.016,"Y좌표25":581.016,"Y좌표28":378.016,"Y좌표9":374.016,"Y좌표27":404.016,"Y좌표22":688.016,"Y좌표21":698.016,"Y좌표24":657.016,"Y좌표23":681.016,"Y좌표20":703.016,"X좌표19":461.375,"X좌표18":435.375,"X좌표17":397.375,"X좌표16":385.375,"X좌표15":354.375,"X좌표14":365.375,"X좌표13":352.375,"X좌표12":359.375,"X좌표11":351.375,"Y좌표4":36.0156,"X좌표10":330.375,"Y좌표3":43.0156,"Y좌표2":41.0156,"Y좌표1":12.0156,"Y좌표8":261.016,"Y좌표7":152.016,"Y좌표29":357.016,"Y좌표6":93.0156,"Y좌표5":62.0156,"Y좌표15":698.016,"Y좌표14":671.016,"Y좌표17":708.016,"Y좌표16":709.016,"Y좌표11":462.016,"Y좌표10":392.016,"Y좌표13":661.016,"Y좌표12":552.016,"X좌표29":550.375,"X좌표28":552.375,"X좌표27":556.375,"X좌표26":571.375,"X좌표25":602.375,"X좌표24":610.375,"X좌표23":605.375,"X좌표22":567.375,"X좌표21":546.375,"X좌표20":517.375,"Y좌표19":708.016,"Y좌표18":709.016}],"상의":[{}]},"라벨링":{"스타일":[{"스타일":"로맨틱"}],"아우터":[{}],"하의":[{}],"원피스":[{"기장":"발목","색상":"핑크","카테고리":"드레스","디테일":["프릴","러플","퍼프","리본"],"소매기장":"긴팔","소재":["시폰"],"프린트":["무지"],"넥라인":"라운드넥","핏":"루즈"}],"상의":[{}]}},"파일 번호":32641,"파일 이름":"Maybeen_132_08.jpg"}}