{"이미지 정보":{"이미지 식별자":614804,"이미지 높이":1066,"이미지 파일명":"159221020273790300_319440765.jpg","이미지 너비":800},"데이터셋 정보":{"파일 생성일자":"2020-10-20 15:39:31","데이터셋 상세설명":{"렉트좌표":{"아우터":[{}],"하의":[{}],"원피스":[{}],"상의":[{"X좌표":7.20312,"Y좌표":49.5,"가로":769,"세로":894}]},"폴리곤좌표":{"아우터":[{}],"하의":[{}],"원피스":[{}],"상의":[{"Y좌표44":115.0,"Y좌표43":131.0,"Y좌표46":58.0,"Y좌표45":90.0,"Y좌표40":94.0,"Y좌표42":147.0,"Y좌표41":140.0,"X좌표39":550.703,"X좌표38":617.703,"X좌표37":674.703,"X좌표36":735.703,"X좌표35":753.703,"X좌표34":776.703,"X좌표33":767.703,"X좌표32":757.703,"X좌표31":732.703,"X좌표30":688.703,"Y좌표37":136.0,"Y좌표36":264.0,"X좌표8":26.7031,"Y좌표39":66.0,"X좌표9":64.7031,"Y좌표38":95.0,"Y좌표33":436.0,"Y좌표32":463.0,"Y좌표35":336.0,"Y좌표34":386.0,"Y좌표31":508.0,"Y좌표30":548.0,"X좌표46":273.703,"X좌표45":301.703,"X좌표44":336.703,"X좌표2":171.703,"X좌표43":390.703,"X좌표3":115.703,"X좌표42":457.703,"X좌표41":491.703,"X좌표1":258.703,"X좌표40":541.703,"X좌표6":33.7031,"X좌표7":7.70312,"X좌표4":72.7031,"X좌표5":53.7031,"Y좌표26":872.0,"Y좌표25":912.0,"Y좌표28":666.0,"Y좌표9":451.0,"Y좌표27":793.0,"Y좌표22":944.0,"Y좌표21":944.0,"Y좌표24":931.0,"Y좌표23":944.0,"Y좌표20":926.0,"X좌표19":138.703,"X좌표18":134.703,"X좌표17":92.7031,"X좌표16":87.7031,"X좌표15":142.703,"X좌표14":170.703,"X좌표13":170.703,"X좌표12":155.703,"X좌표11":126.703,"Y좌표4":234.0,"X좌표10":86.7031,"Y좌표3":152.0,"Y좌표2":89.0,"Y좌표1":50.0,"Y좌표8":383.0,"Y좌표7":348.0,"Y좌표29":564.0,"Y좌표6":322.0,"Y좌표5":289.0,"Y좌표15":704.0,"Y좌표14":605.0,"Y좌표17":824.0,"Y좌표16":770.0,"Y좌표11":496.0,"Y좌표10":470.0,"Y좌표13":529.0,"Y좌표12":517.0,"X좌표29":637.703,"X좌표28":647.703,"X좌표27":650.703,"X좌표26":650.703,"X좌표25":592.703,"X좌표24":506.703,"X좌표23":423.703,"X좌표22":357.703,"X좌표21":284.703,"X좌표20":198.703,"Y좌표19":912.0,"Y좌표18":861.0}]},"라벨링":{"스타일":[{"스타일":"로맨틱"}],"아우터":[{}],"하의":[{}],"원피스":[{}],"상의":[{"기장":"롱","색상":"베이지","카테고리":"블라우스","디테일":["프릴"],"소매기장":"반팔","소재":["시폰"],"프린트":["무지"],"넥라인":"라운드넥","핏":"루즈"}]}},"파일 번호":614804,"파일 이름":"159221020273790300_319440765.jpg"}}