{"이미지 정보":{"이미지 식별자":615750,"이미지 높이":1066,"이미지 파일명":"159540284096325700_930142112.jpg","이미지 너비":800},"데이터셋 정보":{"파일 생성일자":"2020-10-20 15:47:37","데이터셋 상세설명":{"렉트좌표":{"아우터":[{}],"하의":[{}],"원피스":[{}],"상의":[{"X좌표":57.1667,"Y좌표":3.4975,"가로":709,"세로":808}]},"폴리곤좌표":{"아우터":[{}],"하의":[{}],"원피스":[{}],"상의":[{"X좌표39":746.667,"X좌표38":750.667,"X좌표37":754.667,"X좌표36":758.667,"X좌표35":753.667,"X좌표34":733.667,"X좌표33":762.667,"X좌표32":766.667,"X좌표31":748.667,"X좌표30":722.667,"X좌표49":496.667,"X좌표48":524.667,"X좌표47":545.667,"X좌표46":561.667,"X좌표45":608.667,"X좌표44":633.667,"X좌표43":682.667,"X좌표42":700.667,"X좌표41":722.667,"X좌표40":732.667,"Y좌표26":806.828,"Y좌표25":804.83,"Y좌표28":806.828,"Y좌표27":811.825,"Y좌표22":812.825,"Y좌표21":780.845,"Y좌표24":806.828,"Y좌표23":811.825,"Y좌표20":752.862,"X좌표59":270.667,"X좌표58":324.667,"X좌표57":328.667,"X좌표56":340.667,"X좌표55":357.667,"X좌표54":424.667,"X좌표53":441.667,"X좌표52":480.667,"X좌표51":484.667,"X좌표50":488.667,"Y좌표29":802.831,"Y좌표15":534.665,"Y좌표14":534.665,"Y좌표17":594.961,"Y좌표16":527.67,"Y좌표11":386.758,"Y좌표10":311.805,"Y좌표13":503.685,"Y좌표12":423.735,"X좌표64":217.667,"X좌표63":236.667,"X좌표62":248.667,"Y좌표19":696.897,"X좌표61":250.667,"Y좌표18":639.933,"X좌표60":261.667,"Y좌표48":18.9881,"Y좌표47":15.99,"Y좌표49":29.9812,"Y좌표44":29.9812,"Y좌표43":59.9625,"Y좌표46":13.9912,"Y좌표45":5.99625,"Y좌표40":277.16,"Y좌표42":78.9506,"Y좌표41":111.93,"Y좌표37":433.062,"Y좌표36":484.03,"X좌표8":80.6667,"Y좌표39":356.11,"X좌표9":66.6667,"Y좌표38":404.08,"Y좌표33":654.924,"Y좌표32":708.89,"Y좌표35":503.019,"Y좌표34":560.982,"Y좌표31":754.861,"Y좌표30":799.833,"X좌표2":221.667,"X좌표3":196.667,"X좌표1":232.667,"X좌표6":90.6667,"X좌표7":88.6667,"X좌표4":173.667,"X좌표5":122.667,"Y좌표9":271.83,"Y좌표62":18.9881,"Y좌표61":18.9881,"Y좌표64":25.9837,"Y좌표63":22.9856,"Y좌표60":7.995,"X좌표19":73.6667,"X좌표18":74.6667,"X좌표17":88.6667,"X좌표16":154.667,"X좌표15":122.667,"X좌표14":114.667,"X좌표13":57.6667,"X좌표12":78.6667,"X좌표11":68.6667,"Y좌표4":35.9775,"X좌표10":68.6667,"Y좌표3":30.9806,"Y좌표2":30.9806,"Y좌표1":21.9862,"Y좌표8":214.866,"Y좌표7":135.915,"Y좌표6":91.9425,"Y좌표5":46.9706,"Y좌표59":5.99625,"Y좌표58":3.9975,"Y좌표55":37.9762,"Y좌표54":38.9756,"Y좌표57":7.995,"Y좌표56":17.9887,"Y좌표51":50.9681,"Y좌표50":37.9762,"Y좌표53":46.9706,"Y좌표52":58.9631,"X좌표29":702.667,"X좌표28":637.667,"X좌표27":548.667,"X좌표26":434.667,"X좌표25":350.667,"X좌표24":268.667,"X좌표23":222.667,"X좌표22":198.667,"X좌표21":117.667,"X좌표20":81.6667}]},"라벨링":{"스타일":[{"스타일":"로맨틱"}],"아우터":[{}],"하의":[{}],"원피스":[{}],"상의":[{"기장":"노멀","색상":"화이트","카테고리":"블라우스","디테일":["레이스","셔링"],"소매기장":"긴팔","소재":["우븐"],"프린트":["무지"],"넥라인":"라운드넥","핏":"노멀"}]}},"파일 번호":615750,"파일 이름":"159540284096325700_930142112.jpg"}}