{"이미지 정보":{"이미지 식별자":618352,"이미지 높이":1066,"이미지 파일명":"160086079030102100_1804814771.jpg","이미지 너비":800},"데이터셋 정보":{"파일 생성일자":"2020-10-20 16:57:22","데이터셋 상세설명":{"렉트좌표":{"아우터":[{}],"하의":[{}],"원피스":[{}],"상의":[{"X좌표":17.5,"Y좌표":8.49662,"가로":754,"세로":949}]},"폴리곤좌표":{"아우터":[{}],"하의":[{}],"원피스":[{}],"상의":[{"X좌표8":30.0,"X좌표9":94.0,"X좌표2":173.0,"X좌표3":140.0,"X좌표1":246.0,"X좌표6":25.0,"X좌표7":18.0,"X좌표4":105.0,"X좌표5":81.0,"Y좌표26":8.99662,"Y좌표25":8.99662,"Y좌표9":958.04,"Y좌표22":87.967,"Y좌표21":171.935,"Y좌표24":15.994,"Y좌표23":31.988,"Y좌표20":370.861,"X좌표19":752.0,"X좌표18":772.0,"X좌표17":764.0,"X좌표16":720.0,"X좌표15":635.0,"X좌표14":507.0,"X좌표13":407.0,"X좌표12":287.0,"X좌표11":191.0,"Y좌표4":87.967,"X좌표10":147.0,"Y좌표3":61.9767,"Y좌표2":46.9824,"Y좌표1":11.9955,"Y좌표8":905.06,"Y좌표7":861.077,"Y좌표6":614.169,"Y좌표5":157.941,"Y좌표15":932.05,"Y좌표14":931.05,"Y좌표17":906.06,"Y좌표16":933.05,"Y좌표11":906.06,"Y좌표10":941.047,"Y좌표13":930.051,"Y좌표12":916.056,"X좌표26":252.0,"X좌표25":383.0,"X좌표24":483.0,"X좌표23":584.0,"X좌표22":679.0,"X좌표21":706.0,"X좌표20":742.0,"Y좌표19":456.829,"Y좌표18":837.086}]},"라벨링":{"스타일":[{"스타일":"로맨틱"}],"아우터":[{}],"하의":[{}],"원피스":[{}],"상의":[{"기장":"노멀","색상":"화이트","카테고리":"블라우스","옷깃":"보우칼라","디테일":["러플"],"소매기장":"긴팔","소재":["우븐"],"프린트":["무지"],"핏":"노멀"}]}},"파일 번호":618352,"파일 이름":"160086079030102100_1804814771.jpg"}}