{"이미지 정보":{"이미지 식별자":67716,"이미지 높이":800,"이미지 파일명":"classico_008_08.jpg","이미지 너비":800},"데이터셋 정보":{"파일 생성일자":"2020-08-10 03:58:04","데이터셋 상세설명":{"렉트좌표":{"아우터":[{}],"하의":[{"X좌표":350.019,"Y좌표":226.192,"가로":212,"세로":200}],"원피스":[{}],"상의":[{"X좌표":321.06,"Y좌표":8.49443,"가로":293,"세로":300}]},"폴리곤좌표":{"아우터":[{}],"하의":[{"Y좌표9":421.421,"X좌표17":392.461,"X좌표16":382.475,"X좌표15":369.493,"X좌표14":350.519,"X좌표13":383.474,"X좌표12":413.432,"X좌표11":463.362,"Y좌표4":226.692,"X좌표10":496.317,"Y좌표3":228.689,"Y좌표2":226.692,"Y좌표1":226.692,"Y좌표8":415.429,"Y좌표7":360.506,"Y좌표6":311.574,"Y좌표5":271.629,"Y좌표15":320.561,"Y좌표14":406.442,"X좌표8":563.224,"Y좌표17":230.686,"X좌표9":532.267,"Y좌표16":265.637,"Y좌표11":421.421,"Y좌표10":427.412,"Y좌표13":415.429,"Y좌표12":421.421,"X좌표2":436.4,"X좌표3":478.342,"X좌표1":393.46,"X좌표6":545.249,"X좌표7":553.237,"X좌표4":519.285,"X좌표5":539.257}],"원피스":[{}],"상의":[{"Y좌표40":9.99304,"X좌표39":386.469,"X좌표38":369.493,"X좌표37":361.504,"X좌표36":346.525,"X좌표35":336.539,"X좌표34":321.56,"X좌표33":331.546,"X좌표32":351.518,"X좌표31":355.512,"X좌표30":371.49,"Y좌표37":52.9333,"Y좌표36":109.854,"X좌표8":539.257,"Y좌표39":10.9917,"X좌표9":553.237,"Y좌표38":23.9736,"Y좌표33":185.749,"Y좌표32":186.747,"Y좌표35":125.832,"Y좌표34":168.772,"Y좌표31":206.719,"Y좌표30":241.671,"X좌표2":428.411,"X좌표3":445.387,"X좌표1":417.426,"X좌표40":409.437,"X좌표6":506.303,"X좌표7":522.281,"X좌표4":466.358,"X좌표5":489.326,"Y좌표26":308.578,"Y좌표25":307.579,"Y좌표28":308.578,"Y좌표9":12.9889,"Y좌표27":309.576,"Y좌표22":238.675,"Y좌표21":229.687,"Y좌표24":308.578,"Y좌표23":290.603,"Y좌표20":205.721,"X좌표19":585.193,"X좌표18":587.19,"X좌표17":601.171,"X좌표16":615.151,"X좌표15":610.158,"X좌표14":606.164,"X좌표13":615.151,"X좌표12":592.183,"X좌표11":586.192,"Y좌표4":37.9542,"X좌표10":571.212,"Y좌표3":35.9569,"Y좌표2":23.9736,"Y좌표1":8.99443,"Y좌표8":10.9917,"Y좌표7":11.9903,"Y좌표29":300.589,"Y좌표6":12.9889,"Y좌표5":33.9597,"Y좌표15":142.808,"Y좌표14":120.839,"Y좌표17":172.767,"Y좌표16":162.781,"Y좌표11":62.9194,"Y좌표10":28.9667,"Y좌표13":118.842,"Y좌표12":88.8833,"X좌표29":356.511,"X좌표28":382.475,"X좌표27":417.426,"X좌표26":471.351,"X좌표25":503.307,"X좌표24":530.269,"X좌표23":555.235,"X좌표22":555.235,"X좌표21":568.217,"X좌표20":581.199,"Y좌표19":179.757,"Y좌표18":179.757}]},"라벨링":{"스타일":[{"스타일":"로맨틱","서브스타일":"클래식"}],"아우터":[{}],"하의":[{"기장":"미니","색상":"베이지","카테고리":"스커트","디테일":["포켓","단추"],"소재":["우븐"],"프린트":["무지"],"핏":"노멀"}],"원피스":[{}],"상의":[{"색상":"화이트","카테고리":"블라우스","디테일":["셔링","프릴"],"소매기장":"긴팔","소재":["우븐"],"프린트":["무지"],"넥라인":"라운드넥","핏":"노멀"}]}},"파일 번호":67716,"파일 이름":"classico_008_08.jpg"}}