{"이미지 정보":{"이미지 식별자":68344,"이미지 높이":800,"이미지 파일명":"cocobenny_020_10.jpg","이미지 너비":800},"데이터셋 정보":{"파일 생성일자":"2020-08-10 04:01:46","데이터셋 상세설명":{"렉트좌표":{"아우터":[{}],"하의":[{}],"원피스":[{"X좌표":277.9,"Y좌표":5.10001,"가로":273,"세로":548}],"상의":[{}]},"폴리곤좌표":{"아우터":[{}],"하의":[{}],"원피스":[{"X좌표39":533.6,"X좌표38":531.2,"X좌표37":512.0,"X좌표36":478.4,"X좌표35":454.4,"X좌표34":444.0,"X좌표33":420.0,"X좌표32":393.6,"X좌표31":380.0,"X좌표30":372.0,"Y좌표37":31.2,"Y좌표36":24.0,"X좌표8":501.6,"Y좌표39":115.2,"X좌표9":505.6,"Y좌표38":64.0,"Y좌표33":32.8,"Y좌표32":31.2,"Y좌표35":5.60001,"Y좌표34":28.0,"Y좌표31":64.8,"Y좌표30":89.6,"X좌표2":532.8,"X좌표3":536.8,"X좌표1":532.0,"X좌표6":543.2,"X좌표7":525.6,"X좌표4":552.0,"X좌표5":545.6,"Y좌표26":50.4,"Y좌표25":94.4,"Y좌표28":83.2,"Y좌표9":369.6,"Y좌표27":26.4,"Y좌표22":296.8,"Y좌표21":333.6,"Y좌표24":158.4,"Y좌표23":258.4,"Y좌표20":339.2,"X좌표19":320.0,"X좌표18":320.8,"X좌표17":343.2,"X좌표16":374.4,"X좌표15":417.6,"X좌표14":452.8,"X좌표13":486.4,"X좌표12":507.2,"X좌표11":548.0,"Y좌표4":269.6,"X좌표10":524.0,"Y좌표3":248.8,"Y좌표2":228.8,"Y좌표1":110.4,"Y좌표8":332.0,"Y좌표7":317.6,"Y좌표29":112.0,"Y좌표6":322.4,"Y좌표5":287.2,"Y좌표15":552.8,"Y좌표14":554.4,"Y좌표17":546.4,"Y좌표16":549.6,"Y좌표11":520.0,"Y좌표10":368.0,"Y좌표13":547.2,"Y좌표12":539.2,"X좌표29":351.2,"X좌표28":341.6,"X좌표27":358.4,"X좌표26":322.4,"X좌표25":318.4,"X좌표24":313.6,"X좌표23":292.8,"X좌표22":292.8,"X좌표21":278.4,"X좌표20":332.0,"Y좌표19":391.2,"Y좌표18":530.4}],"상의":[{}]},"라벨링":{"스타일":[{"스타일":"로맨틱","서브스타일":"히피"}],"아우터":[{}],"하의":[{}],"원피스":[{"기장":"미디","색상":"그레이","카테고리":"드레스","디테일":["프릴","플리츠","리본"],"소매기장":"긴팔","소재":["시폰"],"프린트":["페이즐리"],"핏":"노멀"}],"상의":[{}]}},"파일 번호":68344,"파일 이름":"cocobenny_020_10.jpg"}}