{"이미지 정보":{"이미지 식별자":68869,"이미지 높이":800,"이미지 파일명":"cocobenny_059_03.jpg","이미지 너비":800},"데이터셋 정보":{"파일 생성일자":"2020-08-10 04:04:47","데이터셋 상세설명":{"렉트좌표":{"아우터":[{}],"하의":[{}],"원피스":[{"X좌표":257.645,"Y좌표":2.51562,"가로":270,"세로":544}],"상의":[{}]},"폴리곤좌표":{"아우터":[{}],"하의":[{}],"원피스":[{"Y좌표9":541.016,"Y좌표20":8.01562,"X좌표19":378.145,"X좌표18":398.145,"X좌표17":414.145,"X좌표16":475.145,"X좌표15":500.145,"X좌표14":528.145,"X좌표13":516.145,"X좌표12":496.145,"X좌표11":519.145,"Y좌표4":333.016,"X좌표10":505.145,"Y좌표3":246.016,"Y좌표2":38.0156,"Y좌표1":7.01562,"Y좌표8":543.016,"Y좌표7":547.016,"Y좌표6":534.016,"Y좌표5":517.016,"Y좌표15":38.0156,"Y좌표14":278.016,"X좌표8":405.145,"Y좌표17":3.01562,"X좌표9":483.145,"Y좌표16":9.01562,"Y좌표11":488.016,"Y좌표10":513.016,"Y좌표13":321.016,"Y좌표12":338.016,"X좌표2":291.145,"X좌표3":276.145,"X좌표20":365.145,"X좌표1":365.145,"X좌표6":295.145,"Y좌표19":21.0156,"X좌표7":351.145,"Y좌표18":17.0156,"X좌표4":286.145,"X좌표5":258.145}],"상의":[{}]},"라벨링":{"스타일":[{"스타일":"로맨틱"}],"아우터":[{}],"하의":[{}],"원피스":[{"기장":"미디","색상":"브라운","서브색상":"실버","카테고리":"드레스","디테일":["플리츠","띠"],"소매기장":"긴팔","소재":["울\/캐시미어"],"프린트":["플로럴"],"핏":"노멀"}],"상의":[{}]}},"파일 번호":68869,"파일 이름":"cocobenny_059_03.jpg"}}