{"이미지 정보":{"이미지 식별자":85830,"이미지 높이":800,"이미지 파일명":"LIME_1399_38.jpg","이미지 너비":800},"데이터셋 정보":{"파일 생성일자":"2020-08-10 06:48:20","데이터셋 상세설명":{"렉트좌표":{"아우터":[{}],"하의":[{}],"원피스":[{}],"상의":[{"X좌표":105.148,"Y좌표":7.49582,"가로":589,"세로":520}]},"폴리곤좌표":{"아우터":[{}],"하의":[{}],"원피스":[{}],"상의":[{"X좌표8":337.326,"X좌표9":399.24,"X좌표2":106.647,"X좌표3":105.648,"X좌표1":212.5,"X좌표6":162.569,"X좌표7":296.383,"X좌표4":112.638,"X좌표5":122.625,"Y좌표26":439.396,"Y좌표25":477.343,"Y좌표28":328.55,"Y좌표9":67.9125,"Y좌표27":382.475,"Y좌표22":528.272,"Y좌표21":522.281,"Y좌표24":516.289,"Y좌표23":519.285,"Y좌표20":517.287,"X좌표19":578.99,"X좌표18":578.99,"X좌표17":596.965,"X좌표16":687.838,"X좌표15":694.829,"X좌표14":675.855,"X좌표13":599.961,"X좌표12":544.038,"X좌표11":503.095,"Y좌표4":136.817,"X좌표10":462.152,"Y좌표3":249.66,"Y좌표2":313.571,"Y좌표1":328.55,"Y좌표8":42.9472,"Y좌표7":7.99582,"Y좌표6":30.9639,"Y좌표5":68.9111,"Y좌표15":91.8792,"Y좌표14":50.9361,"Y좌표17":323.557,"Y좌표16":340.533,"Y좌표11":43.9458,"Y좌표10":67.9125,"Y좌표13":26.9694,"Y좌표12":10.9917,"X좌표28":213.498,"X좌표27":216.494,"X좌표26":204.511,"X좌표25":186.536,"X좌표24":193.526,"X좌표23":235.468,"X좌표22":379.268,"X좌표21":512.083,"X좌표20":576.993,"Y좌표19":432.406,"Y좌표18":378.481}]},"라벨링":{"스타일":[{"스타일":"로맨틱","서브스타일":"스트리트"}],"아우터":[{}],"하의":[{}],"원피스":[{}],"상의":[{"색상":"옐로우","카테고리":"티셔츠","소매기장":"반팔","소재":["니트"],"프린트":["무지"],"넥라인":"라운드넥","핏":"노멀"}]}},"파일 번호":85830,"파일 이름":"LIME_1399_38.jpg"}}