{"이미지 정보":{"이미지 식별자":100873,"이미지 높이":800,"이미지 파일명":"Ave29Th_490_09.jpg","이미지 너비":800},"데이터셋 정보":{"파일 생성일자":"2020-08-10 08:38:38","데이터셋 상세설명":{"렉트좌표":{"아우터":[{}],"하의":[{}],"원피스":[{}],"상의":[{"X좌표":198.833,"Y좌표":2.50694,"가로":505,"세로":498}]},"폴리곤좌표":{"아우터":[{}],"하의":[{}],"원피스":[{}],"상의":[{"Y좌표9":478.007,"X좌표15":553.333,"X좌표14":276.333,"X좌표13":199.333,"X좌표12":214.333,"X좌표11":262.333,"Y좌표4":252.007,"X좌표10":253.333,"Y좌표3":127.007,"Y좌표2":26.0069,"Y좌표1":14.0069,"Y좌표8":502.007,"Y좌표7":481.007,"Y좌표6":391.007,"Y좌표5":301.007,"Y좌표15":12.0069,"Y좌표14":3.00694,"X좌표8":481.333,"X좌표9":269.333,"Y좌표11":239.007,"Y좌표10":357.007,"Y좌표13":40.0069,"Y좌표12":128.007,"X좌표2":654.333,"X좌표3":694.333,"X좌표1":550.333,"X좌표6":616.333,"X좌표7":596.333,"X좌표4":705.333,"X좌표5":655.333}]},"라벨링":{"스타일":[{"스타일":"리조트"}],"아우터":[{}],"하의":[{}],"원피스":[{}],"상의":[{"색상":"브라운","카테고리":"티셔츠","소매기장":"민소매","소재":["저지"],"프린트":["무지"],"넥라인":"보트넥","핏":"노멀"}]}},"파일 번호":100873,"파일 이름":"Ave29Th_490_09.jpg"}}