{"이미지 정보":{"이미지 식별자":1084630,"이미지 높이":1049,"이미지 파일명":"pt5002k05-pt5002k05-s_09.jpg","이미지 너비":800},"데이터셋 정보":{"파일 생성일자":"2020-11-12 17:58:24","데이터셋 상세설명":{"렉트좌표":{"아우터":[{}],"하의":[{"X좌표":318.5,"Y좌표":247.317,"가로":261,"세로":682}],"원피스":[{}],"상의":[{"X좌표":258.5,"Y좌표":5.50389,"가로":324,"세로":250}]},"폴리곤좌표":{"아우터":[{}],"하의":[{"X좌표8":581.0,"X좌표9":571.0,"X좌표2":469.0,"X좌표3":514.0,"X좌표1":408.0,"X좌표6":567.0,"X좌표7":576.0,"X좌표4":528.0,"X좌표5":541.0,"Y좌표26":247.817,"Y좌표25":279.792,"Y좌표9":744.524,"Y좌표27":247.817,"Y좌표22":499.713,"Y좌표21":590.643,"Y좌표24":356.733,"Y좌표23":387.8,"Y좌표20":725.539,"X좌표19":325.0,"X좌표18":345.0,"X좌표17":392.0,"X좌표16":426.0,"X좌표15":459.0,"X좌표14":454.0,"X좌표13":465.0,"X좌표12":525.0,"X좌표11":564.0,"Y좌표4":308.77,"X좌표10":563.0,"Y좌표3":253.812,"Y좌표2":250.815,"Y좌표1":250.815,"Y좌표8":623.527,"Y좌표7":553.581,"Y좌표6":491.629,"Y좌표5":366.725,"Y좌표15":919.389,"Y좌표14":871.426,"Y좌표17":921.388,"Y좌표16":922.387,"Y좌표11":891.411,"Y좌표10":851.442,"Y좌표13":878.421,"Y좌표12":898.405,"X좌표27":409.0,"X좌표26":340.0,"X좌표25":330.0,"X좌표24":319.0,"X좌표23":322.0,"X좌표22":319.0,"X좌표21":332.0,"X좌표20":330.0,"Y좌표19":930.381,"Y좌표18":928.382}],"원피스":[{}],"상의":[{"X좌표8":557.0,"X좌표9":563.0,"X좌표2":401.0,"X좌표3":455.0,"X좌표1":367.0,"X좌표6":492.0,"X좌표7":533.0,"X좌표4":480.0,"X좌표5":497.0,"Y좌표26":69.9545,"Y좌표25":135.904,"Y좌표28":7.00312,"Y좌표9":65.9576,"Y좌표27":28.9861,"Y좌표22":169.877,"Y좌표21":195.857,"Y좌표24":139.9,"Y좌표23":159.885,"Y좌표20":246.818,"X좌표19":367.0,"X좌표18":402.0,"X좌표17":459.0,"X좌표16":514.0,"X좌표15":522.0,"X좌표14":522.0,"X좌표13":540.0,"X좌표12":559.0,"X좌표11":584.0,"Y좌표4":48.9707,"X좌표10":566.0,"Y좌표3":58.963,"Y좌표2":40.9769,"Y좌표1":8.00235,"Y좌표8":35.9807,"Y좌표7":18.9939,"Y좌표29":6.00389,"Y좌표6":8.00235,"Y좌표5":24.9892,"Y좌표15":245.819,"Y좌표14":196.856,"Y좌표17":254.812,"Y좌표16":256.81,"Y좌표11":163.882,"Y좌표10":80.946,"Y좌표13":163.882,"Y좌표12":169.877,"X좌표29":365.0,"X좌표28":320.0,"X좌표27":292.0,"X좌표26":280.0,"X좌표25":259.0,"X좌표24":276.0,"X좌표23":314.0,"X좌표22":335.0,"X좌표21":340.0,"X좌표20":333.0,"Y좌표19":255.811,"Y좌표18":253.812}]},"라벨링":{"스타일":[{"스타일":"리조트"}],"아우터":[{}],"하의":[{"기장":"발목","색상":"민트","카테고리":"팬츠","디테일":["리본","플리츠"],"핏":"와이드"}],"원피스":[{}],"상의":[{"기장":"노멀","색상":"화이트","카테고리":"티셔츠","소매기장":"반팔","프린트":["무지"],"넥라인":"유넥","핏":"노멀"}]}},"파일 번호":1084630,"파일 이름":"pt5002k05-pt5002k05-s_09.jpg"}}