{"이미지 정보":{"이미지 식별자":1084822,"이미지 높이":1049,"이미지 파일명":"pt5025k05-pt5025k05-s_8.jpg","이미지 너비":800},"데이터셋 정보":{"파일 생성일자":"2020-11-12 17:59:31","데이터셋 상세설명":{"렉트좌표":{"아우터":[{}],"하의":[{"X좌표":277.5,"Y좌표":266.082,"가로":232,"세로":609}],"원피스":[{}],"상의":[{"X좌표":231.5,"Y좌표":7.49746,"가로":330,"세로":330}]},"폴리곤좌표":{"아우터":[{}],"하의":[{"Y좌표9":498.508,"Y좌표20":266.582,"X좌표19":290.0,"X좌표18":278.0,"X좌표17":334.0,"X좌표16":368.0,"X좌표15":404.0,"X좌표14":406.0,"X좌표13":412.0,"X좌표12":408.0,"X좌표11":398.0,"Y좌표4":462.52,"X좌표10":406.0,"Y좌표3":327.563,"Y좌표2":270.581,"Y좌표1":268.581,"Y좌표8":872.389,"Y좌표7":876.388,"Y좌표6":869.39,"Y좌표5":868.391,"Y좌표15":832.402,"Y좌표14":812.408,"X좌표8":424.0,"Y좌표17":839.4,"X좌표9":392.0,"Y좌표16":842.399,"Y좌표11":666.455,"Y좌표10":651.46,"Y좌표13":780.419,"Y좌표12":747.429,"X좌표2":456.0,"X좌표3":492.0,"X좌표20":336.0,"X좌표1":335.0,"X좌표6":477.0,"Y좌표19":313.567,"X좌표7":444.0,"Y좌표18":458.521,"X좌표4":510.0,"X좌표5":508.0}],"원피스":[{}],"상의":[{"Y좌표9":338.892,"Y좌표22":61.9803,"Y좌표21":42.9863,"Y좌표24":11.9962,"Y좌표23":34.9889,"Y좌표20":7.99746,"X좌표19":295.0,"X좌표18":276.0,"X좌표17":232.0,"X좌표16":261.0,"X좌표15":292.0,"X좌표14":288.0,"X좌표13":294.0,"X좌표12":346.0,"X좌표11":456.0,"Y좌표4":273.913,"X좌표10":483.0,"Y좌표3":187.94,"Y좌표2":35.9886,"Y좌표1":11.9962,"Y좌표8":303.903,"Y좌표7":274.913,"Y좌표6":271.914,"Y좌표5":283.91,"Y좌표15":268.915,"Y좌표14":311.901,"X좌표8":505.0,"Y좌표17":257.918,"X좌표9":500.0,"Y좌표16":272.913,"Y좌표11":284.909,"Y좌표10":326.896,"Y좌표13":325.896,"Y좌표12":270.914,"X좌표24":459.0,"X좌표23":449.0,"X좌표22":398.0,"X좌표2":527.0,"X좌표21":375.0,"X좌표3":558.0,"X좌표20":349.0,"X좌표1":460.0,"X좌표6":532.0,"Y좌표19":19.9936,"X좌표7":498.0,"Y좌표18":33.9892,"X좌표4":562.0,"X좌표5":536.0}]},"라벨링":{"스타일":[{"스타일":"리조트"}],"아우터":[{}],"하의":[{"기장":"발목","색상":"블랙","카테고리":"팬츠","프린트":["무지"],"핏":"루즈"}],"원피스":[{}],"상의":[{"기장":"노멀","색상":"화이트","카테고리":"블라우스","디테일":["프릴"],"소매기장":"반팔","소재":["린넨"],"넥라인":"브이넥","핏":"루즈"}]}},"파일 번호":1084822,"파일 이름":"pt5025k05-pt5025k05-s_8.jpg"}}