{"이미지 정보":{"이미지 식별자":1085574,"이미지 높이":1049,"이미지 파일명":"pt5108k05-pt5108k05-s_12.jpg","이미지 너비":800},"데이터셋 정보":{"파일 생성일자":"2020-11-12 18:04:22","데이터셋 상세설명":{"렉트좌표":{"아우터":[{}],"하의":[{"X좌표":237.167,"Y좌표":259.252,"가로":317,"세로":598}],"원피스":[{}],"상의":[{"X좌표":218.167,"Y좌표":5.49428,"가로":380,"세로":291}]},"폴리곤좌표":{"아우터":[{}],"하의":[{"Y좌표9":854.185,"X좌표16":292.667,"X좌표15":248.667,"X좌표14":237.667,"X좌표13":242.667,"X좌표12":270.667,"X좌표11":306.667,"Y좌표4":839.199,"X좌표10":328.667,"Y좌표3":835.203,"Y좌표2":282.73,"Y좌표1":259.752,"Y좌표8":851.188,"Y좌표7":845.194,"Y좌표6":845.194,"Y좌표5":849.19,"Y좌표15":446.574,"Y좌표14":811.226,"X좌표8":364.667,"X좌표9":345.667,"Y좌표16":262.749,"Y좌표11":854.185,"Y좌표10":858.181,"Y좌표13":815.222,"Y좌표12":833.205,"X좌표2":497.667,"X좌표3":554.667,"X좌표1":293.667,"X좌표6":434.667,"X좌표7":396.667,"X좌표4":546.667,"X좌표5":457.667}],"원피스":[{}],"상의":[{"Y좌표9":95.9085,"Y좌표22":23.9771,"Y좌표21":242.768,"Y좌표23":22.9781,"Y좌표20":275.737,"X좌표19":265.667,"X좌표18":366.667,"X좌표17":424.667,"X좌표16":480.667,"X좌표15":521.667,"X좌표14":533.667,"X좌표13":566.667,"X좌표12":577.667,"X좌표11":581.667,"Y좌표4":33.9676,"X좌표10":588.667,"Y좌표3":67.9352,"Y좌표2":61.9409,"Y좌표1":30.9704,"Y좌표8":35.9657,"Y좌표7":15.9847,"Y좌표6":5.99428,"Y좌표5":15.9847,"Y좌표15":275.737,"Y좌표14":259.752,"X좌표8":598.667,"Y좌표17":290.723,"X좌표9":590.667,"Y좌표16":297.716,"Y좌표11":219.79,"Y좌표10":175.832,"Y좌표13":253.758,"Y좌표12":241.769,"X좌표23":358.667,"X좌표22":253.667,"X좌표2":393.667,"X좌표21":218.667,"X좌표3":413.667,"X좌표20":261.667,"X좌표1":357.667,"X좌표6":485.667,"Y좌표19":278.734,"X좌표7":556.667,"Y좌표18":282.73,"X좌표4":442.667,"X좌표5":468.667}]},"라벨링":{"스타일":[{"스타일":"리조트"}],"아우터":[{}],"하의":[{"기장":"발목","색상":"핑크","카테고리":"팬츠","소재":["저지"],"프린트":["무지"],"핏":"와이드"}],"원피스":[{}],"상의":[{"색상":"블랙","카테고리":"블라우스","디테일":["단추"],"소매기장":"반팔","소재":["저지"],"프린트":["무지"],"핏":"루즈"}]}},"파일 번호":1085574,"파일 이름":"pt5108k05-pt5108k05-s_12.jpg"}}