{"이미지 정보":{"이미지 식별자":122435,"이미지 높이":800,"이미지 파일명":"POUND_045_10.jpg","이미지 너비":800},"데이터셋 정보":{"파일 생성일자":"2020-08-10 10:37:16","데이터셋 상세설명":{"렉트좌표":{"아우터":[{}],"하의":[{}],"원피스":[{"X좌표":202.484,"Y좌표":5.53535,"가로":339,"세로":581}],"상의":[{"X좌표":221.473,"Y좌표":1.53781,"가로":259,"세로":153}]},"폴리곤좌표":{"아우터":[{}],"하의":[{}],"원피스":[{"X좌표8":395.866,"X좌표9":472.818,"X좌표2":274.94,"X좌표3":257.951,"X좌표1":259.949,"X좌표6":202.984,"X좌표7":311.917,"X좌표4":253.953,"X좌표5":209.98,"Y좌표25":35.0175,"Y좌표9":556.696,"Y좌표22":76.9917,"Y좌표21":65.9984,"Y좌표24":6.03535,"Y좌표23":70.9954,"Y좌표20":11.0323,"X좌표19":433.842,"X좌표18":436.84,"X좌표17":434.842,"X좌표16":434.842,"X좌표15":458.827,"X좌표14":461.825,"X좌표13":487.809,"X좌표12":527.784,"X좌표11":542.775,"Y좌표4":383.803,"X좌표10":521.788,"Y좌표3":268.874,"Y좌표2":145.949,"Y좌표1":32.0193,"Y좌표8":572.686,"Y좌표7":587.677,"Y좌표6":575.685,"Y좌표5":535.709,"Y좌표15":305.851,"Y좌표14":344.827,"Y좌표17":190.922,"Y좌표16":220.903,"Y좌표11":544.704,"Y좌표10":574.685,"Y좌표13":416.782,"Y좌표12":488.738,"X좌표25":251.954,"X좌표24":286.933,"X좌표23":316.914,"X좌표22":356.89,"X좌표21":395.866,"X좌표20":401.862,"Y좌표19":20.0267,"Y좌표18":92.9818}],"상의":[{"Y좌표43":36.0169,"Y좌표40":98.9781,"Y좌표42":79.9898,"Y좌표41":94.9806,"X좌표39":397.864,"X좌표38":409.857,"X좌표37":421.85,"X좌표36":424.848,"X좌표35":419.851,"X좌표34":427.846,"X좌표33":433.842,"X좌표32":442.837,"X좌표31":445.835,"X좌표30":472.818,"Y좌표37":27.0224,"Y좌표36":67.9972,"X좌표8":277.938,"Y좌표39":83.9874,"X좌표9":277.938,"Y좌표38":27.0224,"Y좌표33":145.949,"Y좌표32":146.949,"Y좌표35":109.971,"Y좌표34":136.955,"Y좌표31":146.949,"Y좌표30":127.96,"X좌표2":236.963,"X좌표43":277.938,"X좌표3":224.971,"X좌표42":292.929,"X좌표41":331.905,"X좌표1":260.949,"X좌표40":368.882,"X좌표6":230.967,"X좌표7":253.953,"X좌표4":224.971,"X좌표5":221.973,"Y좌표26":60.0021,"Y좌표25":33.0187,"Y좌표28":109.971,"Y좌표9":137.954,"Y좌표27":86.9855,"Y좌표22":2.03781,"Y좌표21":6.03535,"Y좌표24":6.03535,"Y좌표23":6.03535,"Y좌표20":14.0304,"X좌표19":367.883,"X좌표18":353.892,"X좌표17":340.9,"X좌표16":302.923,"X좌표15":274.94,"X좌표14":268.944,"X좌표13":266.945,"X좌표12":275.939,"X좌표11":280.936,"Y좌표4":92.9818,"X좌표10":277.938,"Y좌표3":56.0046,"Y좌표2":36.0169,"Y좌표1":20.0267,"Y좌표8":155.943,"Y좌표7":152.945,"Y좌표29":118.966,"Y좌표6":145.949,"Y좌표5":121.964,"Y좌표15":9.0335,"Y좌표14":20.0267,"Y좌표17":30.0206,"Y좌표16":18.028,"Y좌표11":67.9972,"Y좌표10":109.971,"Y좌표13":27.0224,"Y좌표12":42.0132,"X좌표29":481.813,"X좌표28":476.816,"X좌표27":466.822,"X좌표26":458.827,"X좌표25":445.835,"X좌표24":424.848,"X좌표23":416.853,"X좌표22":391.868,"X좌표21":380.875,"X좌표20":380.875,"Y좌표19":29.0212,"Y좌표18":32.0193}]},"라벨링":{"스타일":[{"스타일":"리조트","서브스타일":"스트리트"}],"아우터":[{}],"하의":[{}],"원피스":[{"기장":"미디","색상":"브라운","카테고리":"드레스","디테일":["프릴"],"소매기장":"민소매","소재":["니트"],"프린트":["무지"],"넥라인":"스퀘어넥","핏":"루즈"}],"상의":[{"색상":"화이트","카테고리":"티셔츠","소매기장":"반팔","소재":["저지"],"넥라인":"라운드넥","핏":"노멀"}]}},"파일 번호":122435,"파일 이름":"POUND_045_10.jpg"}}