{"이미지 정보":{"이미지 식별자":12662,"이미지 높이":800,"이미지 파일명":"Lounge-vera_023_02.jpg","이미지 너비":800},"데이터셋 정보":{"파일 생성일자":"2020-08-06 05:44:09","데이터셋 상세설명":{"렉트좌표":{"아우터":[{}],"하의":[{}],"원피스":[{"X좌표":231.459,"Y좌표":1.50416,"가로":331,"세로":708}],"상의":[{}]},"폴리곤좌표":{"아우터":[{}],"하의":[{}],"원피스":[{"Y좌표9":687.051,"Y좌표21":12.9889,"Y좌표20":37.9542,"X좌표19":433.678,"X좌표18":441.667,"X좌표17":464.635,"X좌표16":522.554,"X좌표15":563.497,"X좌표14":545.523,"X좌표13":514.566,"X좌표12":502.582,"X좌표11":514.566,"Y좌표4":238.675,"X좌표10":541.528,"Y좌표3":193.737,"Y좌표2":30.9639,"Y좌표1":11.9903,"Y좌표8":705.026,"Y좌표7":702.031,"Y좌표6":710.019,"Y좌표5":676.067,"Y좌표15":163.779,"Y좌표14":196.733,"X좌표8":489.6,"Y좌표17":2.00416,"X좌표9":533.539,"Y좌표16":63.918,"Y좌표11":409.437,"Y좌표10":583.196,"Y좌표13":223.696,"Y좌표12":297.593,"X좌표2":285.884,"X좌표21":334.816,"X좌표3":231.959,"X좌표20":341.806,"X좌표1":329.823,"X좌표6":367.77,"Y좌표19":28.9667,"X좌표7":428.685,"Y좌표18":4.00138,"X좌표4":289.878,"X좌표5":280.891}],"상의":[{}]},"라벨링":{"스타일":[{"스타일":"리조트"}],"아우터":[{}],"하의":[{}],"원피스":[{"기장":"발목","색상":"와인","카테고리":"드레스","디테일":["슬릿"],"소매기장":"반팔","소재":["우븐"],"프린트":["무지"],"넥라인":"스퀘어넥","핏":"노멀"}],"상의":[{}]}},"파일 번호":12662,"파일 이름":"Lounge-vera_023_02.jpg"}}