{"이미지 정보":{"이미지 식별자":127952,"이미지 높이":800,"이미지 파일명":"Wihtme_050_03.jpg","이미지 너비":800},"데이터셋 정보":{"파일 생성일자":"2020-08-10 11:09:15","데이터셋 상세설명":{"렉트좌표":{"아우터":[{}],"하의":[{"X좌표":287.894,"Y좌표":262.031,"가로":220,"세로":364}],"원피스":[{}],"상의":[{"X좌표":256.937,"Y좌표":0.394584,"가로":305,"세로":386}]},"폴리곤좌표":{"아우터":[{}],"하의":[{"X좌표8":509.087,"X좌표9":488.116,"Y좌표9":271.518,"X좌표2":315.357,"Y좌표4":572.1,"X좌표3":288.394,"Y좌표3":410.325,"Y좌표2":265.527,"X좌표1":480.127,"Y좌표1":262.531,"X좌표6":410.225,"Y좌표8":397.343,"X좌표7":494.108,"Y좌표7":586.081,"X좌표4":296.383,"Y좌표6":627.024,"X좌표5":324.344,"Y좌표5":606.053}],"원피스":[{}],"상의":[{"X좌표8":403.234,"X좌표9":509.087,"Y좌표9":345.415,"Y좌표11":40.839,"Y좌표10":204.611,"Y좌표12":5.88764,"X좌표12":469.143,"X좌표11":526.063,"X좌표2":339.323,"Y좌표4":217.593,"X좌표10":563.012,"X좌표3":278.408,"Y좌표3":39.8404,"Y좌표2":0.894584,"X좌표1":464.15,"Y좌표1":6.88625,"X좌표6":306.369,"Y좌표8":367.385,"X좌표7":306.369,"Y좌표7":352.406,"X좌표4":257.437,"Y좌표6":386.358,"X좌표5":257.437,"Y좌표5":387.357}]},"라벨링":{"스타일":[{"스타일":"리조트"}],"아우터":[{}],"하의":[{"기장":"니렝스","색상":"블랙","카테고리":"스커트","소재":["우븐"],"핏":"노멀"}],"원피스":[{}],"상의":[{"색상":"핑크","카테고리":"니트웨어","소매기장":"긴팔","소재":["니트"],"넥라인":"라운드넥","핏":"타이트"}]}},"파일 번호":127952,"파일 이름":"Wihtme_050_03.jpg"}}