{"이미지 정보":{"이미지 식별자":14471,"이미지 높이":800,"이미지 파일명":"Lounge-Vera_133_11_1.jpg","이미지 너비":800},"데이터셋 정보":{"파일 생성일자":"2020-08-06 05:54:01","데이터셋 상세설명":{"렉트좌표":{"아우터":[{}],"하의":[{"X좌표":222.236,"Y좌표":170.409,"가로":260,"세로":476}],"원피스":[{}],"상의":[{"X좌표":204.247,"Y좌표":5.51187,"가로":243,"세로":322}]},"폴리곤좌표":{"아우터":[{}],"하의":[{"Y좌표9":621.627,"Y좌표22":172.907,"Y좌표21":170.909,"Y좌표20":190.896,"X좌표19":411.618,"X좌표18":413.616,"X좌표17":418.613,"X좌표16":446.596,"X좌표15":483.573,"X좌표14":461.586,"X좌표13":438.601,"X좌표12":369.644,"X좌표11":256.714,"Y좌표4":218.879,"X좌표10":231.73,"Y좌표3":191.896,"Y좌표2":180.902,"Y좌표1":175.906,"Y좌표8":527.686,"Y좌표7":421.752,"Y좌표6":348.797,"Y좌표5":286.836,"Y좌표15":615.631,"Y좌표14":617.629,"X좌표8":222.736,"Y좌표17":380.777,"X좌표9":227.733,"Y좌표16":481.714,"Y좌표11":647.611,"Y좌표10":646.611,"Y좌표13":631.621,"Y좌표12":643.613,"X좌표22":308.682,"X좌표2":257.714,"X좌표21":377.639,"X좌표3":252.717,"X좌표20":379.638,"X좌표1":312.679,"X좌표6":228.732,"Y좌표19":262.851,"X좌표7":229.731,"Y좌표18":327.811,"X좌표4":247.72,"X좌표5":231.73}],"원피스":[{}],"상의":[{"X좌표36":301.686,"X좌표35":308.682,"X좌표34":328.669,"X좌표33":347.658,"X좌표32":354.653,"X좌표31":381.636,"X좌표30":401.624,"Y좌표36":61.9769,"X좌표8":213.741,"X좌표9":219.738,"Y좌표33":19.0037,"Y좌표32":6.01187,"Y좌표35":56.98,"Y좌표34":37.9919,"Y좌표31":6.01187,"Y좌표30":13.0075,"X좌표2":269.706,"X좌표3":266.708,"X좌표1":298.688,"X좌표6":224.734,"X좌표7":213.741,"X좌표4":273.704,"X좌표5":252.717,"Y좌표26":272.845,"Y좌표25":328.81,"Y좌표28":100.952,"Y좌표9":195.893,"Y좌표27":170.909,"Y좌표22":291.833,"Y좌표21":270.846,"Y좌표24":326.811,"Y좌표23":323.813,"Y좌표20":203.888,"X좌표19":376.639,"X좌표18":323.673,"X좌표17":269.706,"X좌표16":254.716,"X좌표15":229.731,"X좌표14":222.736,"X좌표13":204.747,"X좌표12":204.747,"X좌표11":207.745,"Y좌표4":6.01187,"X좌표10":212.742,"Y좌표3":19.0037,"Y좌표2":32.995,"Y좌표1":62.9762,"Y좌표8":97.9544,"Y좌표7":45.9869,"Y좌표29":46.9862,"Y좌표6":23.0012,"Y좌표5":7.01124,"Y좌표15":320.815,"Y좌표14":320.815,"Y좌표17":178.904,"Y좌표16":181.902,"Y좌표11":276.842,"Y좌표10":237.867,"Y좌표13":320.815,"Y좌표12":310.821,"X좌표29":411.618,"X좌표28":412.617,"X좌표27":421.611,"X좌표26":436.602,"X좌표25":448.594,"X좌표24":429.606,"X좌표23":404.622,"X좌표22":407.62,"X좌표21":397.626,"X좌표20":387.633,"Y좌표19":168.91,"Y좌표18":177.904}]},"라벨링":{"스타일":[{"스타일":"리조트"}],"아우터":[{}],"하의":[{"기장":"미디","색상":"핑크","카테고리":"스커트","디테일":["슬릿"],"소재":["실크"],"프린트":["무지"],"핏":"루즈"}],"원피스":[{}],"상의":[{}]}},"파일 번호":14471,"파일 이름":"Lounge-Vera_133_11_1.jpg"}}