{"이미지 정보":{"이미지 식별자":2903,"이미지 높이":900,"이미지 파일명":"banhana_050_07.jpg","이미지 너비":900},"데이터셋 정보":{"파일 생성일자":"2020-08-03 02:41:11","데이터셋 상세설명":{"렉트좌표":{"아우터":[{}],"하의":[{"X좌표":396.67,"Y좌표":297.396,"가로":259,"세로":571}],"원피스":[{}],"상의":[{"X좌표":331.781,"Y좌표":8.50694,"가로":378,"세로":362}]},"폴리곤좌표":{"아우터":[{}],"하의":[{"X좌표8":639.17,"X좌표9":514.17,"Y좌표9":297.896,"Y좌표10":297.896,"X좌표2":397.17,"Y좌표4":816.896,"X좌표10":437.17,"X좌표3":410.17,"Y좌표3":609.896,"Y좌표2":434.007,"X좌표1":434.17,"Y좌표1":300.007,"X좌표6":618.17,"Y좌표8":319.896,"X좌표7":657.17,"Y좌표7":445.896,"X좌표4":443.17,"Y좌표6":869.896,"X좌표5":540.17,"Y좌표5":868.896}],"원피스":[{}],"상의":[{"Y좌표9":328.007,"Y좌표22":107.007,"Y좌표21":9.00694,"Y좌표23":12.0069,"Y좌표20":34.0069,"X좌표19":693.17,"X좌표18":711.17,"X좌표17":691.17,"X좌표16":638.281,"X좌표15":658.281,"X좌표14":648.281,"X좌표13":620.281,"X좌표12":585.281,"X좌표11":460.281,"Y좌표4":180.007,"X좌표10":426.281,"Y좌표3":50.0069,"Y좌표2":26.0069,"Y좌표1":16.0069,"Y좌표8":289.007,"Y좌표7":272.007,"Y좌표6":230.007,"Y좌표5":208.007,"Y좌표15":319.007,"Y좌표14":372.007,"X좌표8":394.281,"Y좌표17":257.007,"X좌표9":404.281,"Y좌표16":298.007,"Y좌표11":322.007,"Y좌표10":349.007,"Y좌표13":340.007,"Y좌표12":320.007,"X좌표23":488.17,"X좌표22":550.17,"X좌표2":403.281,"X좌표21":598.17,"X좌표3":388.281,"X좌표20":685.17,"X좌표1":483.281,"X좌표6":332.281,"Y좌표19":76.0069,"X좌표7":346.281,"Y좌표18":218.007,"X좌표4":363.281,"X좌표5":340.281}]},"라벨링":{"스타일":[{"스타일":"리조트"}],"아우터":[{}],"하의":[{"기장":"미디","색상":"카키","카테고리":"스커트","소재":["니트"],"프린트":["무지"],"핏":"노멀"}],"원피스":[{}],"상의":[{"색상":"카키","카테고리":"니트웨어","소매기장":"긴팔","소재":["니트"],"프린트":["무지"],"넥라인":"브이넥","핏":"루즈"}]}},"파일 번호":2903,"파일 이름":"banhana_050_07.jpg"}}