{"이미지 정보":{"이미지 식별자":36555,"이미지 높이":800,"이미지 파일명":"MAYJ_135_09.jpg","이미지 너비":800},"데이터셋 정보":{"파일 생성일자":"2020-08-07 02:44:09","데이터셋 상세설명":{"렉트좌표":{"아우터":[{}],"하의":[{}],"원피스":[{"X좌표":275.5,"Y좌표":15.5,"가로":281,"세로":756}],"상의":[{"X좌표":252.481,"Y좌표":3.50138,"가로":301,"세로":178}]},"폴리곤좌표":{"아우터":[{}],"하의":[{}],"원피스":[{"Y좌표44":16.0,"Y좌표43":28.0,"Y좌표45":16.0,"Y좌표40":159.0,"Y좌표42":72.0,"Y좌표41":108.0,"X좌표39":506.0,"X좌표38":507.0,"X좌표37":507.0,"X좌표36":509.0,"X좌표35":500.0,"X좌표34":495.0,"X좌표33":497.0,"X좌표32":506.0,"X좌표31":524.0,"X좌표30":557.0,"Y좌표37":284.0,"Y좌표36":374.0,"X좌표8":330.0,"Y좌표39":197.0,"X좌표9":324.0,"Y좌표38":224.0,"Y좌표33":450.0,"Y좌표32":468.0,"Y좌표35":401.0,"Y좌표34":424.0,"Y좌표31":466.0,"Y좌표30":725.0,"X좌표45":475.0,"X좌표44":489.0,"X좌표2":464.0,"X좌표43":493.0,"X좌표3":448.0,"X좌표42":487.0,"X좌표41":490.0,"X좌표1":472.0,"X좌표40":507.0,"X좌표6":355.0,"X좌표7":328.0,"X좌표4":412.0,"X좌표5":369.0,"Y좌표26":755.0,"Y좌표25":763.0,"Y좌표28":733.0,"Y좌표9":142.0,"Y좌표27":732.0,"Y좌표22":764.0,"Y좌표21":772.0,"Y좌표24":756.0,"Y좌표23":760.0,"Y좌표20":756.0,"X좌표19":284.0,"X좌표18":276.0,"X좌표17":276.0,"X좌표16":280.0,"X좌표15":284.0,"X좌표14":300.0,"X좌표13":288.0,"X좌표12":293.0,"X좌표11":309.0,"Y좌표4":119.0,"X좌표10":320.0,"Y좌표3":93.0,"Y좌표2":60.0,"Y좌표1":20.0,"Y좌표8":115.0,"Y좌표7":84.0,"Y좌표29":735.0,"Y좌표6":74.0,"Y좌표5":82.0,"Y좌표15":466.0,"Y좌표14":419.0,"Y좌표17":535.0,"Y좌표16":492.0,"Y좌표11":289.0,"Y좌표10":190.0,"Y좌표13":384.0,"Y좌표12":344.0,"X좌표29":544.0,"X좌표28":516.0,"X좌표27":499.0,"X좌표26":498.0,"X좌표25":475.0,"X좌표24":435.0,"X좌표23":398.0,"X좌표22":370.0,"X좌표21":314.0,"X좌표20":293.0,"Y좌표19":724.0,"Y좌표18":655.0}],"상의":[{"Y좌표9":109.854,"Y좌표22":25.9708,"Y좌표21":33.9597,"Y좌표24":16.9833,"Y좌표23":11.9903,"Y좌표20":36.9555,"X좌표19":457.697,"X좌표18":462.69,"X좌표17":507.627,"X좌표16":525.602,"X좌표15":546.573,"X좌표14":554.562,"X좌표13":517.613,"X좌표12":495.644,"X좌표11":483.661,"Y좌표4":165.776,"X좌표10":470.679,"Y좌표3":101.865,"Y좌표2":38.9528,"Y좌표1":21.9764,"Y좌표8":127.829,"Y좌표7":99.868,"Y좌표6":72.9055,"Y좌표5":182.753,"Y좌표15":92.8778,"Y좌표14":158.786,"X좌표8":407.766,"Y좌표17":22.975,"X좌표9":442.718,"Y좌표16":37.9542,"Y좌표11":111.851,"Y좌표10":66.9139,"Y좌표13":170.769,"Y좌표12":172.767,"X좌표24":319.888,"X좌표23":344.854,"X좌표22":364.826,"X좌표2":286.934,"X좌표21":380.804,"X좌표3":272.954,"X좌표20":427.738,"X좌표1":316.893,"X좌표6":338.862,"Y좌표19":4.00138,"X좌표7":365.824,"Y좌표18":10.9917,"X좌표4":252.981,"X좌표5":319.888}]},"라벨링":{"스타일":[{"스타일":"리조트","서브스타일":"스트리트"}],"아우터":[{}],"하의":[{}],"원피스":[{"기장":"미디","색상":"퍼플","카테고리":"드레스","소매기장":"민소매","소재":["니트"],"프린트":["무지"],"핏":"노멀"}],"상의":[{"색상":"화이트","카테고리":"티셔츠","소매기장":"반팔","소재":["저지"],"프린트":["무지"],"넥라인":"라운드넥","핏":"노멀"}]}},"파일 번호":36555,"파일 이름":"MAYJ_135_09.jpg"}}