{"이미지 정보":{"이미지 식별자":37991,"이미지 높이":800,"이미지 파일명":"mercy_028_07.jpg","이미지 너비":800},"데이터셋 정보":{"파일 생성일자":"2020-08-07 02:52:00","데이터셋 상세설명":{"렉트좌표":{"아우터":[{}],"하의":[{}],"원피스":[{"X좌표":295.203,"Y좌표":3.5,"가로":258,"세로":678}],"상의":[{"X좌표":289.43,"Y좌표":-0.493067,"가로":265,"세로":178}]},"폴리곤좌표":{"아우터":[{}],"하의":[{}],"원피스":[{"X좌표8":398.703,"X좌표9":379.703,"X좌표2":511.703,"X좌표3":507.703,"X좌표1":542.703,"X좌표6":464.703,"X좌표7":442.703,"X좌표4":499.703,"X좌표5":498.703,"Y좌표26":320.0,"Y좌표25":546.0,"Y좌표9":4.0,"Y좌표27":273.0,"Y좌표22":662.0,"Y좌표21":650.0,"Y좌표24":673.0,"Y좌표23":682.0,"Y좌표20":668.0,"X좌표19":411.703,"X좌표18":394.703,"X좌표17":367.703,"X좌표16":334.703,"X좌표15":300.703,"X좌표14":295.703,"X좌표13":324.703,"X좌표12":355.703,"X좌표11":380.703,"Y좌표4":13.0,"X좌표10":367.703,"Y좌표3":14.0,"Y좌표2":75.0,"Y좌표1":271.0,"Y좌표8":70.0,"Y좌표7":126.0,"Y좌표6":122.0,"Y좌표5":74.0,"Y좌표15":649.0,"Y좌표14":572.0,"Y좌표17":663.0,"Y좌표16":663.0,"Y좌표11":70.0,"Y좌표10":6.0,"Y좌표13":356.0,"Y좌표12":224.0,"X좌표27":544.703,"X좌표26":553.703,"X좌표25":550.703,"X좌표24":538.703,"X좌표23":499.703,"X좌표22":473.703,"X좌표21":450.703,"X좌표20":439.703,"Y좌표19":653.0,"Y좌표18":647.0}],"상의":[{"X좌표8":332.87,"X좌표9":289.93,"X좌표2":532.593,"X좌표3":492.648,"X좌표1":552.565,"X좌표6":407.766,"X좌표7":377.808,"X좌표4":478.668,"X좌표5":440.72,"Y좌표26":128.828,"Y좌표25":150.797,"Y좌표9":125.832,"Y좌표22":11.9903,"Y좌표21":95.8736,"Y좌표24":95.8736,"Y좌표23":13.9875,"Y좌표20":123.835,"X좌표19":449.708,"X좌표18":425.741,"X좌표17":392.787,"X좌표16":379.805,"X좌표15":367.822,"X좌표14":385.797,"X좌표13":383.799,"X좌표12":374.812,"X좌표11":359.833,"Y좌표4":32.9611,"X좌표10":360.831,"Y좌표3":4.00138,"Y좌표2":20.9778,"Y좌표1":120.839,"Y좌표8":27.968,"Y좌표7":0.00693311,"Y좌표6":30.9639,"Y좌표5":40.95,"Y좌표15":5.9986,"Y좌표14":67.9125,"Y좌표17":63.918,"Y좌표16":5.9986,"Y좌표11":178.758,"Y좌표10":152.794,"Y좌표13":86.8861,"Y좌표12":145.804,"X좌표26":555.561,"X좌표25":520.609,"X좌표24":512.62,"X좌표23":512.62,"X좌표22":499.638,"X좌표21":503.633,"X좌표20":480.665,"Y좌표19":136.817,"Y좌표18":116.844}]},"라벨링":{"스타일":[{"스타일":"리조트","서브스타일":"스트리트"}],"아우터":[{}],"하의":[{}],"원피스":[{"기장":"발목","색상":"네이비","카테고리":"점프수트","디테일":["플레어"],"소매기장":"민소매","소재":["저지"],"프린트":["무지"],"핏":"오버사이즈"}],"상의":[{"색상":"화이트","카테고리":"티셔츠","소매기장":"반팔","소재":["저지"],"프린트":["무지"],"넥라인":"라운드넥","핏":"노멀"}]}},"파일 번호":37991,"파일 이름":"mercy_028_07.jpg"}}