{"이미지 정보":{"이미지 식별자":39255,"이미지 높이":800,"이미지 파일명":"Another-page_017_01.jpg","이미지 너비":800},"데이터셋 정보":{"파일 생성일자":"2020-08-07 06:26:20","데이터셋 상세설명":{"렉트좌표":{"아우터":[{}],"하의":[{}],"원피스":[{"X좌표":190.833,"Y좌표":3.5,"가로":446,"세로":793}],"상의":[{}]},"폴리곤좌표":{"아우터":[{}],"하의":[{}],"원피스":[{"Y좌표44":4.0,"Y좌표43":64.0,"Y좌표40":8.66667,"Y좌표42":62.6667,"Y좌표41":4.66667,"X좌표39":488.667,"X좌표38":537.333,"X좌표37":636.0,"X좌표36":638.0,"X좌표35":606.0,"X좌표34":564.0,"X좌표33":535.333,"X좌표32":511.333,"X좌표31":533.333,"X좌표30":552.667,"Y좌표37":203.333,"Y좌표36":242.0,"X좌표8":223.333,"Y좌표39":22.6667,"X좌표9":210.667,"Y좌표38":38.0,"Y좌표33":318.0,"Y좌표32":326.667,"Y좌표35":276.0,"Y좌표34":302.667,"Y좌표31":372.0,"Y좌표30":707.333,"X좌표44":365.333,"X좌표2":323.333,"X좌표43":381.333,"X좌표3":244.667,"X좌표42":400.0,"X좌표41":422.667,"X좌표1":352.0,"X좌표40":464.0,"X좌표6":228.667,"X좌표7":226.667,"X좌표4":228.0,"X좌표5":230.667,"Y좌표26":797.333,"Y좌표25":796.0,"Y좌표28":770.0,"Y좌표9":356.0,"Y좌표27":785.333,"Y좌표22":794.667,"Y좌표21":782.667,"Y좌표24":796.667,"Y좌표23":794.0,"Y좌표20":762.667,"X좌표19":240.0,"X좌표18":244.667,"X좌표17":251.333,"X좌표16":250.0,"X좌표15":250.667,"X좌표14":258.667,"X좌표13":240.667,"X좌표12":216.667,"X좌표11":191.333,"Y좌표4":102.667,"X좌표10":195.333,"Y좌표3":71.3333,"Y좌표2":31.3333,"Y좌표1":12.0,"Y좌표8":309.333,"Y좌표7":250.0,"Y좌표29":734.0,"Y좌표6":196.0,"Y좌표5":138.667,"Y좌표15":492.667,"Y좌표14":468.667,"Y좌표17":599.333,"Y좌표16":535.333,"Y좌표11":405.333,"Y좌표10":382.0,"Y좌표13":462.667,"Y좌표12":438.0,"X좌표29":545.333,"X좌표28":522.667,"X좌표27":495.333,"X좌표26":452.0,"X좌표25":409.333,"X좌표24":378.667,"X좌표23":353.333,"X좌표22":326.0,"X좌표21":284.0,"X좌표20":252.0,"Y좌표19":740.667,"Y좌표18":688.667}],"상의":[{}]},"라벨링":{"스타일":[{"스타일":"리조트"}],"아우터":[{}],"하의":[{}],"원피스":[{"기장":"미디","색상":"핑크","카테고리":"드레스","옷깃":"셔츠칼라","디테일":["단추"],"소매기장":"긴팔","소재":["우븐"],"핏":"노멀"}],"상의":[{}]}},"파일 번호":39255,"파일 이름":"Another-page_017_01.jpg"}}