{"이미지 정보":{"이미지 식별자":40556,"이미지 높이":800,"이미지 파일명":"Eirene_079_02.jpg","이미지 너비":800},"데이터셋 정보":{"파일 생성일자":"2020-08-07 06:34:28","데이터셋 상세설명":{"렉트좌표":{"아우터":[{}],"하의":[{}],"원피스":[{"X좌표":233.649,"Y좌표":0.854218,"가로":387,"세로":635}],"상의":[{}]},"폴리곤좌표":{"아우터":[{}],"하의":[{}],"원피스":[{"X좌표8":621.428,"X좌표9":530.259,"Y좌표9":262.936,"Y좌표11":42.0614,"Y좌표10":203.383,"Y좌표12":1.35422,"X좌표12":420.254,"X좌표11":541.561,"X좌표2":249.972,"Y좌표4":267.459,"X좌표10":590.536,"X좌표3":241.684,"Y좌표3":260.674,"Y좌표2":54.1228,"X좌표1":359.977,"Y좌표1":20.2001,"X좌표6":432.309,"Y좌표8":566.732,"X좌표7":546.082,"Y좌표7":590.101,"X좌표4":293.673,"Y좌표6":636.839,"X좌표5":234.149,"Y좌표5":584.07}],"상의":[{}]},"라벨링":{"스타일":[{"스타일":"리조트"}],"아우터":[{}],"하의":[{}],"원피스":[{"기장":"미디","색상":"네이비","서브색상":"옐로우","카테고리":"드레스","디테일":["플레어"],"소매기장":"반팔","소재":["우븐"],"넥라인":"라운드넥","핏":"루즈"}],"상의":[{}]}},"파일 번호":40556,"파일 이름":"Eirene_079_02.jpg"}}