{"이미지 정보":{"이미지 식별자":40579,"이미지 높이":800,"이미지 파일명":"Eirene_080_10.jpg","이미지 너비":800},"데이터셋 정보":{"파일 생성일자":"2020-08-07 06:34:37","데이터셋 상세설명":{"렉트좌표":{"아우터":[{}],"하의":[{}],"원피스":[{"X좌표":233.649,"Y좌표":9.14642,"가로":352,"세로":625}],"상의":[{}]},"폴리곤좌표":{"아우터":[{}],"하의":[{}],"원피스":[{"X좌표8":586.769,"X좌표9":552.11,"Y좌표9":299.12,"Y좌표11":28.4923,"Y좌표10":191.321,"X좌표11":550.603,"X좌표2":318.537,"Y좌표4":365.457,"X좌표10":578.481,"X좌표3":234.149,"Y좌표3":193.583,"Y좌표2":22.4616,"X좌표1":486.559,"Y좌표1":9.64642,"X좌표6":372.786,"Y좌표8":508.686,"X좌표7":540.808,"Y좌표7":609.701,"X좌표4":234.903,"Y좌표6":635.331,"X좌표5":268.808,"Y좌표5":565.978}],"상의":[{}]},"라벨링":{"스타일":[{"스타일":"리조트"}],"아우터":[{}],"하의":[{}],"원피스":[{"기장":"미디","색상":"옐로우","서브색상":"블랙","카테고리":"드레스","소매기장":"7부소매","소재":["우븐"],"넥라인":"라운드넥","핏":"루즈"}],"상의":[{}]}},"파일 번호":40579,"파일 이름":"Eirene_080_10.jpg"}}