{"이미지 정보":{"이미지 식별자":40804,"이미지 높이":800,"이미지 파일명":"MAINSTORY_006_06.jpg","이미지 너비":800},"데이터셋 정보":{"파일 생성일자":"2020-08-07 06:36:02","데이터셋 상세설명":{"렉트좌표":{"아우터":[{"X좌표":140.22,"Y좌표":-6.68414,"가로":535,"세로":793}],"하의":[{}],"원피스":[{}],"상의":[{}]},"폴리곤좌표":{"아우터":[{"Y좌표9":779.314,"Y좌표20":766.499,"X좌표19":140.72,"X좌표18":164.831,"X좌표17":179.9,"X좌표16":197.23,"X좌표15":291.412,"X좌표14":514.437,"X좌표13":551.356,"X좌표12":613.14,"X좌표11":604.099,"Y좌표4":118.199,"X좌표10":676.431,"Y좌표3":187.552,"Y좌표2":512.456,"Y좌표1":749.16,"Y좌표8":786.852,"Y좌표7":758.96,"Y좌표6":625.531,"Y좌표5":181.521,"Y좌표15":-0.907288,"Y좌표14":-6.18414,"X좌표8":531.766,"Y좌표17":423.503,"X좌표9":665.129,"Y좌표16":63.9227,"Y좌표11":287.058,"Y좌표10":676.792,"Y좌표13":7.38491,"Y좌표12":61.6612,"X좌표2":382.581,"X좌표3":311.756,"X좌표20":200.243,"X좌표1":259.013,"X좌표6":452.653,"Y좌표19":715.238,"X좌표7":512.93,"Y좌표18":547.132,"X좌표4":356.963,"X좌표5":394.636}],"하의":[{}],"원피스":[{}],"상의":[{}]},"라벨링":{"스타일":[{"스타일":"리조트"}],"아우터":[{"기장":"하프","색상":"화이트","카테고리":"베스트","옷깃":"테일러드칼라","디테일":["포켓"],"소매기장":"민소매","소재":["린넨"],"핏":"노멀"}],"하의":[{"기장":"미니","카테고리":"팬츠","소재":["린넨"],"핏":"와이드"}],"원피스":[{}],"상의":[{"기장":"노멀","카테고리":"탑","소재":["우븐"],"넥라인":"라운드넥","핏":"노멀"}]}},"파일 번호":40804,"파일 이름":"MAINSTORY_006_06.jpg"}}