{"이미지 정보":{"이미지 식별자":40876,"이미지 높이":800,"이미지 파일명":"MAINSTORY_010_img.jpg","이미지 너비":800},"데이터셋 정보":{"파일 생성일자":"2020-08-07 06:36:27","데이터셋 상세설명":{"렉트좌표":{"아우터":[{}],"하의":[{}],"원피스":[{}],"상의":[{"X좌표":104.054,"Y좌표":0.100388,"가로":602,"세로":741}]},"폴리곤좌표":{"아우터":[{}],"하의":[{}],"원피스":[{}],"상의":[{"Y좌표9":714.484,"X좌표16":521.971,"X좌표15":631.223,"X좌표14":707.323,"X좌표13":691.5,"X좌표12":656.841,"X좌표11":604.852,"Y좌표4":404.657,"X좌표10":543.822,"Y좌표3":219.213,"Y좌표2":50.3536,"Y좌표1":23.2155,"Y좌표8":672.269,"Y좌표7":741.622,"Y좌표6":700.161,"Y좌표5":632.316,"Y좌표15":112.922,"Y좌표14":214.69,"X좌표8":467.722,"X좌표9":504.642,"Y좌표16":0.600388,"Y좌표11":651.915,"Y좌표10":739.36,"Y좌표13":403.903,"Y좌표12":516.225,"X좌표2":187.435,"X좌표3":130.171,"X좌표1":328.332,"X좌표6":211.545,"X좌표7":359.224,"X좌표4":106.061,"X좌표5":104.554}]},"라벨링":{"스타일":[{"스타일":"리조트"}],"아우터":[{}],"하의":[{}],"원피스":[{}],"상의":[{"기장":"롱","색상":"베이지","카테고리":"블라우스","디테일":["포켓","단추","셔링"],"소매기장":"반팔","소재":["린넨"],"넥라인":"라운드넥","핏":"루즈"}]}},"파일 번호":40876,"파일 이름":"MAINSTORY_010_img.jpg"}}