{"이미지 정보":{"이미지 식별자":40923,"이미지 높이":800,"이미지 파일명":"MAINSTORY_019_01.jpg","이미지 너비":800},"데이터셋 정보":{"파일 생성일자":"2020-08-07 06:36:45","데이터셋 상세설명":{"렉트좌표":{"아우터":[{"X좌표":257.76,"Y좌표":-9.69949,"가로":354,"세로":640}],"하의":[{"X좌표":290.49,"Y좌표":212.317,"가로":228,"세로":548}],"원피스":[{}],"상의":[{}]},"폴리곤좌표":{"아우터":[{"Y좌표9":446.118,"Y좌표22":5.0,"Y좌표21":-9.19949,"Y좌표20":132.522,"X좌표19":599.578,"X좌표18":570.193,"X좌표17":560.398,"X좌표16":589.029,"X좌표15":555.877,"X좌표14":526.492,"X좌표13":482.791,"X좌표12":454.913,"X좌표11":402.924,"Y좌표4":550.901,"X좌표10":382.581,"Y좌표3":127.245,"Y좌표2":35.2769,"Y좌표1":2.8619,"Y좌표8":556.932,"Y좌표7":587.839,"Y좌표6":616.485,"Y좌표5":630.808,"Y좌표15":593.87,"Y좌표14":626.285,"X좌표8":365.251,"Y좌표17":362.442,"X좌표9":379.567,"Y좌표16":532.809,"Y좌표11":268.212,"Y좌표10":376.011,"Y좌표13":602.162,"Y좌표12":354.904,"X좌표22":527.0,"X좌표2":315.523,"X좌표21":527.246,"X좌표3":267.301,"X좌표20":612.387,"X좌표1":359.224,"X좌표6":334.36,"Y좌표19":192.829,"X좌표7":374.293,"Y좌표18":283.289,"X좌표4":258.26,"X좌표5":274.083}],"하의":[{"X좌표2":489.774,"Y좌표4":761.221,"X좌표3":519.742,"Y좌표3":749.234,"Y좌표2":236.791,"X좌표1":344.932,"Y좌표1":216.813,"X좌표6":290.99,"X좌표7":344.932,"Y좌표7":212.817,"X좌표4":439.828,"Y좌표6":683.305,"X좌표5":313.965,"Y좌표5":724.261}],"원피스":[{}],"상의":[{}]},"라벨링":{"스타일":[{"스타일":"리조트"}],"아우터":[{"기장":"롱","색상":"카키","카테고리":"가디건","소매기장":"긴팔","소재":["니트"],"핏":"노멀"}],"하의":[{"기장":"맥시","색상":"카키","카테고리":"팬츠","디테일":["스트링"],"소재":["우븐"],"핏":"와이드"}],"원피스":[{}],"상의":[{"기장":"노멀","카테고리":"탑","넥라인":"라운드넥","핏":"타이트"}]}},"파일 번호":40923,"파일 이름":"MAINSTORY_019_01.jpg"}}