{"이미지 정보":{"이미지 식별자":41013,"이미지 높이":800,"이미지 파일명":"MAINSTORY_032_01.jpg","이미지 너비":800},"데이터셋 정보":{"파일 생성일자":"2020-08-07 06:37:20","데이터셋 상세설명":{"렉트좌표":{"아우터":[{}],"하의":[{}],"원피스":[{}],"상의":[{"X좌표":206.946,"Y좌표":-3.62901,"가로":380,"세로":611}]},"폴리곤좌표":{"아우터":[{}],"하의":[{}],"원피스":[{}],"상의":[{"Y좌표9":601.482,"X좌표15":449.845,"X좌표14":522.612,"X좌표13":547.671,"X좌표12":587.669,"X좌표11":555.864,"Y좌표4":322.319,"X좌표10":539.961,"Y좌표3":71.1215,"Y좌표2":-3.12901,"Y좌표1":6.99605,"Y좌표8":608.714,"Y좌표7":603.411,"Y좌표6":552.785,"Y좌표5":375.356,"Y좌표15":4.58532,"Y좌표14":19.5318,"X좌표8":410.328,"X좌표9":482.614,"Y좌표11":399.463,"Y좌표10":566.767,"Y좌표13":70.6393,"Y좌표12":308.819,"X좌표2":288.406,"X좌표3":231.059,"X좌표1":370.812,"X좌표6":264.793,"X좌표7":321.658,"X좌표4":207.446,"X좌표5":243.589}]},"라벨링":{"스타일":[{"스타일":"리조트","서브스타일":"아방가르드"}],"아우터":[{}],"하의":[{"기장":"발목","카테고리":"팬츠","소재":["저지"],"프린트":["무지"],"핏":"와이드"}],"원피스":[{}],"상의":[{"기장":"롱","색상":"브라운","카테고리":"블라우스","디테일":["스트링","셔링"],"소매기장":"긴팔","소재":["저지"],"프린트":["무지"],"넥라인":"라운드넥","핏":"루즈"}]}},"파일 번호":41013,"파일 이름":"MAINSTORY_032_01.jpg"}}