{"이미지 정보":{"이미지 식별자":44954,"이미지 높이":800,"이미지 파일명":"Buying_086_09.jpg","이미지 너비":800},"데이터셋 정보":{"파일 생성일자":"2020-08-07 08:42:53","데이터셋 상세설명":{"렉트좌표":{"아우터":[{}],"하의":[{}],"원피스":[{"X좌표":219.201,"Y좌표":6.49721,"가로":321,"세로":693}],"상의":[{}]},"폴리곤좌표":{"아우터":[{}],"하의":[{}],"원피스":[{"Y좌표9":700.033,"X좌표14":312.572,"X좌표13":248.661,"X좌표12":219.701,"X좌표11":275.624,"Y좌표4":286.608,"X좌표10":275.624,"Y좌표3":32.9611,"Y좌표2":6.99721,"Y좌표1":17.9819,"Y좌표8":699.035,"Y좌표7":678.064,"Y좌표6":463.362,"Y좌표5":303.585,"Y좌표14":19.9792,"X좌표8":383.474,"X좌표9":338.536,"Y좌표11":312.572,"Y좌표10":666.081,"Y좌표13":57.9264,"Y좌표12":303.585,"X좌표2":417.426,"X좌표3":476.344,"X좌표1":317.565,"X좌표6":487.329,"X좌표7":503.307,"X좌표4":541.254,"X좌표5":473.349}],"상의":[{}]},"라벨링":{"스타일":[{"스타일":"리조트"}],"아우터":[{}],"하의":[{}],"원피스":[{"기장":"발목","색상":"와인","카테고리":"드레스","옷깃":"숄칼라","디테일":["띠"],"소매기장":"7부소매","소재":["우븐"],"프린트":["무지"],"넥라인":"브이넥","핏":"노멀"}],"상의":[{}]}},"파일 번호":44954,"파일 이름":"Buying_086_09.jpg"}}