{"이미지 정보":{"이미지 식별자":510471,"이미지 높이":850,"이미지 파일명":"nb1108k05_01.jpg","이미지 너비":800},"데이터셋 정보":{"파일 생성일자":"2020-10-12 18:33:07","데이터셋 상세설명":{"렉트좌표":{"아우터":[{}],"하의":[{}],"원피스":[{}],"상의":[{"X좌표":199.5,"Y좌표":3.49686,"가로":416,"세로":746}]},"폴리곤좌표":{"아우터":[{}],"하의":[{}],"원피스":[{}],"상의":[{"X좌표8":253.0,"X좌표9":204.0,"X좌표2":274.0,"X좌표3":253.0,"X좌표1":368.0,"X좌표6":200.0,"X좌표7":225.0,"X좌표4":236.0,"X좌표5":210.0,"Y좌표26":82.9349,"Y좌표25":41.9671,"Y좌표9":613.518,"Y좌표27":6.99451,"Y좌표22":23.9812,"Y좌표21":50.96,"Y좌표24":3.99686,"Y좌표23":6.99451,"Y좌표20":143.887,"X좌표19":604.0,"X좌표18":594.0,"X좌표17":548.0,"X좌표16":582.0,"X좌표15":616.0,"X좌표14":541.0,"X좌표13":461.0,"X좌표12":340.0,"X좌표11":262.0,"Y좌표4":209.835,"X좌표10":208.0,"Y좌표3":155.878,"Y좌표2":61.9514,"Y좌표1":7.99373,"Y좌표8":379.702,"Y좌표7":354.722,"Y좌표6":281.779,"Y좌표5":257.798,"Y좌표15":722.433,"Y좌표14":750.411,"Y좌표17":359.718,"Y좌표16":486.618,"Y좌표11":735.423,"Y좌표10":713.44,"Y좌표13":738.42,"Y좌표12":727.429,"X좌표27":372.0,"X좌표26":398.0,"X좌표25":434.0,"X좌표24":453.0,"X좌표23":484.0,"X좌표22":538.0,"X좌표21":588.0,"X좌표20":596.0,"Y좌표19":247.805,"Y좌표18":325.744}]},"라벨링":{"스타일":[{"스타일":"리조트","서브스타일":"스트리트"}],"아우터":[{}],"하의":[{"기장":"미니","카테고리":"팬츠","소재":["우븐"],"핏":"스키니"}],"원피스":[{}],"상의":[{"기장":"롱","색상":"블루","카테고리":"셔츠","옷깃":"셔츠칼라","디테일":["레이스"],"소매기장":"긴팔","소재":["린넨"],"핏":"노멀"}]}},"파일 번호":510471,"파일 이름":"nb1108k05_01.jpg"}}