{"이미지 정보":{"이미지 식별자":510457,"이미지 높이":1049,"이미지 파일명":"nb1105k05-s_10.jpg","이미지 너비":800},"데이터셋 정보":{"파일 생성일자":"2020-10-12 18:33:00","데이터셋 상세설명":{"렉트좌표":{"아우터":[{}],"하의":[{}],"원피스":[{}],"상의":[{"X좌표":204.5,"Y좌표":-1.49905,"가로":377,"세로":368}]},"폴리곤좌표":{"아우터":[{}],"하의":[{}],"원피스":[{}],"상의":[{"X좌표8":264.0,"X좌표9":296.0,"X좌표2":277.0,"X좌표3":253.0,"X좌표1":325.0,"X좌표6":220.0,"X좌표7":205.0,"X좌표4":233.0,"X좌표5":218.0,"Y좌표26":63.939,"Y좌표25":26.9743,"Y좌표9":217.792,"Y좌표27":-0.999047,"Y좌표22":33.9676,"Y좌표21":74.9285,"Y좌표24":1.99809,"Y좌표23":6.99333,"Y좌표20":158.848,"X좌표19":582.0,"X좌표18":565.0,"X좌표17":529.0,"X좌표16":540.0,"X좌표15":520.0,"X좌표14":482.0,"X좌표13":457.0,"X좌표12":384.0,"X좌표11":318.0,"Y좌표4":129.876,"X좌표10":268.0,"Y좌표3":74.9285,"Y좌표2":29.9714,"Y좌표1":5.99428,"Y좌표8":277.735,"Y좌표7":246.765,"Y좌표6":221.788,"Y좌표5":171.836,"Y좌표15":367.649,"Y좌표14":346.669,"Y좌표17":271.741,"Y좌표16":341.674,"Y좌표11":309.704,"Y좌표10":293.72,"Y좌표13":318.696,"Y좌표12":298.715,"X좌표27":322.0,"X좌표26":393.0,"X좌표25":424.0,"X좌표24":440.0,"X좌표23":482.0,"X좌표22":525.0,"X좌표21":548.0,"X좌표20":548.0,"Y좌표19":207.802,"Y좌표18":254.757}]},"라벨링":{"스타일":[{"스타일":"리조트","서브스타일":"스트리트"}],"아우터":[{}],"하의":[{"기장":"발목","카테고리":"팬츠","소재":["우븐"],"핏":"스키니"}],"원피스":[{}],"상의":[{"기장":"롱","색상":"그린","카테고리":"셔츠","옷깃":"셔츠칼라","소매기장":"7부소매","소재":["린넨","우븐"],"핏":"루즈"}]}},"파일 번호":510457,"파일 이름":"nb1105k05-s_10.jpg"}}