{"이미지 정보":{"이미지 식별자":517570,"이미지 높이":1049,"이미지 파일명":"pt4168k9a-s_10.jpg","이미지 너비":800},"데이터셋 정보":{"파일 생성일자":"2020-10-12 19:16:20","데이터셋 상세설명":{"렉트좌표":{"아우터":[{}],"하의":[{"X좌표":274.0,"Y좌표":402.116,"가로":248,"세로":551}],"원피스":[{}],"상의":[{"X좌표":253.0,"Y좌표":1.49809,"가로":313,"세로":444}]},"폴리곤좌표":{"아우터":[{}],"하의":[{"X좌표36":276.5,"X좌표35":303.5,"X좌표34":322.5,"X좌표33":313.5,"X좌표32":312.5,"X좌표31":314.5,"X좌표30":372.5,"Y좌표36":493.529,"X좌표8":386.5,"X좌표9":391.5,"Y좌표33":472.549,"Y좌표32":444.576,"Y좌표35":507.516,"Y좌표34":502.521,"Y좌표31":406.612,"Y좌표30":415.603,"X좌표2":276.5,"X좌표3":284.5,"X좌표1":274.5,"X좌표6":348.5,"X좌표7":387.5,"X좌표4":288.5,"X좌표5":317.5,"Y좌표26":453.567,"Y좌표25":445.575,"Y좌표28":402.616,"Y좌표9":677.354,"Y좌표27":438.582,"Y좌표22":620.408,"Y좌표21":674.357,"Y좌표24":418.601,"Y좌표23":497.525,"Y좌표20":864.175,"X좌표19":502.5,"X좌표18":473.5,"X좌표17":450.5,"X좌표16":412.5,"X좌표15":389.5,"X좌표14":385.5,"X좌표13":392.5,"X좌표12":399.5,"X좌표11":394.5,"Y좌표4":930.112,"X좌표10":399.5,"Y좌표3":831.207,"Y좌표2":694.337,"Y좌표1":490.532,"Y좌표8":815.222,"Y좌표7":950.093,"Y좌표29":418.601,"Y좌표6":954.09,"Y좌표5":951.092,"Y좌표15":850.189,"Y좌표14":810.227,"Y좌표17":938.105,"Y좌표16":900.141,"Y좌표11":630.398,"Y좌표10":515.508,"Y좌표13":764.271,"Y좌표12":695.336,"X좌표29":447.5,"X좌표28":473.5,"X좌표27":471.5,"X좌표26":485.5,"X좌표25":498.5,"X좌표24":522.5,"X좌표23":519.5,"X좌표22":505.5,"X좌표21":507.5,"X좌표20":491.5,"Y좌표19":924.118,"Y좌표18":938.105}],"원피스":[{}],"상의":[{"X좌표8":306.5,"X좌표9":308.5,"X좌표2":295.5,"X좌표3":278.5,"X좌표1":379.5,"X좌표6":253.5,"X좌표7":264.5,"X좌표4":264.5,"X좌표5":256.5,"Y좌표26":18.9819,"Y좌표25":30.9704,"Y좌표9":401.617,"Y좌표27":9.99047,"Y좌표22":29.9714,"Y좌표21":59.9428,"Y좌표24":30.9704,"Y좌표23":13.9867,"Y좌표20":111.893,"X좌표19":565.5,"X좌표18":554.5,"X좌표17":539.5,"X좌표16":543.5,"X좌표15":530.5,"X좌표14":471.5,"X좌표13":469.5,"X좌표12":457.5,"X좌표11":419.5,"Y좌표4":235.775,"X좌표10":366.5,"Y좌표3":116.888,"Y좌표2":39.9619,"Y좌표1":1.99809,"Y좌표8":429.59,"Y좌표7":446.574,"Y좌표6":438.582,"Y좌표5":366.65,"Y좌표15":403.615,"Y좌표14":391.626,"Y좌표17":329.685,"Y좌표16":364.652,"Y좌표11":418.601,"Y좌표10":417.602,"Y좌표13":412.606,"Y좌표12":420.599,"X좌표27":384.5,"X좌표26":374.5,"X좌표25":411.5,"X좌표24":443.5,"X좌표23":475.5,"X좌표22":547.5,"X좌표21":562.5,"X좌표20":566.5,"Y좌표19":186.822,"Y좌표18":266.745}]},"라벨링":{"스타일":[{"스타일":"리조트"}],"아우터":[{}],"하의":[{"기장":"미디","색상":"브라운","서브색상":"화이트","카테고리":"팬츠","소재":["저지"],"프린트":["무지"],"핏":"와이드"}],"원피스":[{}],"상의":[{"기장":"노멀","색상":"브라운","서브색상":"화이트","카테고리":"티셔츠","디테일":["비대칭"],"소매기장":"긴팔","소재":["저지"],"프린트":["무지"],"핏":"루즈"}]}},"파일 번호":517570,"파일 이름":"pt4168k9a-s_10.jpg"}}