{"이미지 정보":{"이미지 식별자":521068,"이미지 높이":1049,"이미지 파일명":"pt4892c04-s_4.jpg","이미지 너비":800},"데이터셋 정보":{"파일 생성일자":"2020-10-12 19:38:28","데이터셋 상세설명":{"렉트좌표":{"아우터":[{}],"하의":[{"X좌표":271.916,"Y좌표":242.483,"가로":303,"세로":725}],"원피스":[{}],"상의":[{"X좌표":247.95,"Y좌표":-1.49296,"가로":304,"세로":247}]},"폴리곤좌표":{"아우터":[{}],"하의":[{"Y좌표9":967.8,"Y좌표22":242.983,"Y좌표21":317.975,"Y좌표20":393.968,"X좌표19":275.412,"X좌표18":273.415,"X좌표17":272.416,"X좌표16":283.401,"X좌표15":304.372,"X좌표14":365.287,"X좌표13":393.248,"X좌표12":413.22,"X좌표11":434.191,"Y좌표4":289.978,"X좌표10":479.129,"Y좌표3":253.982,"Y좌표2":250.982,"Y좌표1":246.982,"Y좌표8":951.801,"Y좌표7":784.818,"Y좌표6":588.837,"Y좌표5":435.075,"Y좌표15":967.8,"Y좌표14":948.802,"X좌표8":575.994,"Y좌표17":839.812,"X좌표9":529.059,"Y좌표16":956.801,"Y좌표11":952.801,"Y좌표10":968.8,"Y좌표13":456.85,"Y좌표12":799.816,"X좌표22":325.343,"X좌표2":360.294,"X좌표21":296.383,"X좌표3":462.152,"X좌표20":278.408,"X좌표1":326.341,"X좌표6":502.097,"Y좌표19":550.841,"X좌표7":522.069,"Y좌표18":706.826,"X좌표4":472.138,"X좌표5":494.108}],"원피스":[{}],"상의":[{"Y좌표9":140.993,"X좌표15":335.329,"X좌표14":405.232,"X좌표13":437.187,"X좌표12":470.141,"X좌표11":533.054,"Y좌표4":140.993,"X좌표10":553.026,"Y좌표3":117.995,"Y좌표2":8.00615,"Y좌표1":6.00635,"Y좌표8":246.982,"Y좌표7":229.984,"Y좌표6":246.982,"Y좌표5":218.985,"Y좌표15":2.00674,"Y좌표14":61.0009,"X좌표8":468.144,"X좌표9":489.115,"Y좌표11":19.0051,"Y좌표10":103.997,"Y좌표13":22.0048,"Y좌표12":-0.992959,"X좌표2":290.391,"X좌표3":248.45,"X좌표1":342.319,"X좌표6":314.358,"X좌표7":422.208,"X좌표4":294.386,"X좌표5":308.366}]},"라벨링":{"스타일":[{"스타일":"리조트"}],"아우터":[{"기장":"크롭","카테고리":"가디건","디테일":["단추"],"소재":["저지"],"프린트":["무지"],"넥라인":"브이넥","핏":"노멀"}],"하의":[{"기장":"맥시","색상":"베이지","카테고리":"팬츠","소재":["우븐"],"프린트":["무지"],"핏":"와이드"}],"원피스":[{}],"상의":[{"기장":"크롭","색상":"블랙","카테고리":"블라우스","디테일":["단추"],"소매기장":"반팔","소재":["저지"],"프린트":["무지"],"넥라인":"브이넥","핏":"타이트"}]}},"파일 번호":521068,"파일 이름":"pt4892c04-s_4.jpg"}}