{"이미지 정보":{"이미지 식별자":522007,"이미지 높이":800,"이미지 파일명":"pt4997k05-600_1.jpg","이미지 너비":800},"데이터셋 정보":{"파일 생성일자":"2020-10-12 19:43:56","데이터셋 상세설명":{"렉트좌표":{"아우터":[{}],"하의":[{"X좌표":274.323,"Y좌표":191.421,"가로":239,"세로":287}],"원피스":[{}],"상의":[{"X좌표":278.031,"Y좌표":9.49013,"가로":237,"세로":209}]},"폴리곤좌표":{"아우터":[{}],"하의":[{"X좌표8":514.675,"X좌표9":484.694,"X좌표2":371.763,"X좌표3":398.747,"X좌표1":334.786,"X좌표6":478.697,"X좌표7":490.69,"X좌표4":436.723,"X좌표5":463.707,"Y좌표26":194.919,"Y좌표25":217.905,"Y좌표9":476.746,"Y좌표22":388.8,"Y좌표21":457.757,"Y좌표24":247.886,"Y좌표23":311.847,"Y좌표20":461.755,"X좌표19":338.784,"X좌표18":382.757,"X좌표17":413.737,"X좌표16":404.743,"X좌표15":398.747,"X좌표14":395.749,"X좌표13":398.747,"X좌표12":403.744,"X좌표11":400.745,"Y좌표4":197.917,"X좌표10":430.727,"Y좌표3":202.914,"Y좌표2":199.916,"Y좌표1":191.921,"Y좌표8":469.75,"Y좌표7":278.867,"Y좌표6":227.899,"Y좌표5":193.92,"Y좌표15":388.8,"Y좌표14":332.834,"Y좌표17":469.75,"Y좌표16":440.768,"Y좌표11":475.746,"Y좌표10":479.744,"Y좌표13":389.799,"Y좌표12":442.766,"X좌표26":326.791,"X좌표25":311.8,"X좌표24":299.808,"X좌표23":296.809,"X좌표22":284.817,"X좌표21":274.823,"X좌표20":298.808,"Y좌표19":475.746,"Y좌표18":476.746}],"원피스":[{}],"상의":[{"Y좌표9":160.791,"Y좌표22":14.9835,"Y좌표21":26.9678,"Y좌표23":9.99013,"Y좌표20":56.9283,"X좌표19":285.522,"X좌표18":278.531,"X좌표17":307.493,"X좌표16":334.457,"X좌표15":322.473,"X좌표14":336.455,"X좌표13":375.403,"X좌표12":423.34,"X좌표11":460.292,"Y좌표4":14.9835,"X좌표10":471.277,"Y좌표3":32.9599,"Y좌표2":30.9625,"Y좌표1":9.99013,"Y좌표8":160.791,"Y좌표7":119.845,"Y좌표6":53.9322,"Y좌표5":26.9678,"Y좌표15":200.739,"Y좌표14":213.722,"X좌표8":513.222,"Y좌표17":145.811,"X좌표9":474.273,"Y좌표16":150.805,"Y좌표11":214.72,"Y좌표10":188.755,"Y좌표13":217.716,"Y좌표12":219.714,"X좌표23":367.414,"X좌표22":342.447,"X좌표2":391.382,"X좌표21":313.485,"X좌표3":425.338,"X좌표20":296.507,"X좌표1":375.403,"X좌표6":502.236,"Y좌표19":102.868,"X좌표7":516.218,"Y좌표18":139.819,"X좌표4":446.31,"X좌표5":482.263}]},"라벨링":{"스타일":[{"스타일":"리조트","서브스타일":"스트리트"}],"아우터":[{}],"하의":[{"기장":"니렝스","색상":"화이트","카테고리":"팬츠","소재":["린넨"],"프린트":["무지"],"핏":"와이드"}],"원피스":[{}],"상의":[{"카테고리":"니트웨어","소재":["니트"],"프린트":["무지"],"넥라인":"라운드넥","핏":"노멀"}]}},"파일 번호":522007,"파일 이름":"pt4997k05-600_1.jpg"}}