{"이미지 정보":{"이미지 식별자":522328,"이미지 높이":1049,"이미지 파일명":"pt5026k05-s_1.jpg","이미지 너비":800},"데이터셋 정보":{"파일 생성일자":"2020-10-12 19:45:52","데이터셋 상세설명":{"렉트좌표":{"아우터":[{}],"하의":[{"X좌표":267.5,"Y좌표":247.421,"가로":316,"세로":568}],"원피스":[{}],"상의":[{"X좌표":238.5,"Y좌표":0.499682,"가로":334,"세로":286}]},"폴리곤좌표":{"아우터":[{}],"하의":[{"X좌표8":500.0,"X좌표9":304.0,"Y좌표9":247.921,"X좌표2":274.0,"Y좌표4":789.749,"X좌표3":268.0,"Y좌표3":795.747,"Y좌표2":386.877,"X좌표1":304.0,"Y좌표1":249.921,"X좌표6":584.0,"Y좌표8":248.921,"X좌표7":530.0,"Y좌표7":307.902,"X좌표4":358.0,"Y좌표6":783.751,"X좌표5":388.0,"Y좌표5":816.74}],"원피스":[{}],"상의":[{"Y좌표9":243.922,"X좌표14":394.0,"X좌표13":409.0,"X좌표12":448.0,"X좌표11":544.0,"Y좌표4":257.918,"X좌표10":565.0,"Y좌표3":63.9797,"Y좌표2":24.9921,"Y좌표1":6.99778,"Y좌표8":250.92,"Y좌표7":287.908,"Y좌표6":283.91,"Y좌표5":265.915,"Y좌표14":5.99809,"X좌표8":522.0,"X좌표9":573.0,"Y좌표11":33.9892,"Y좌표10":125.96,"Y좌표13":89.9714,"Y좌표12":0.999682,"X좌표2":328.0,"X좌표3":271.0,"X좌표1":394.0,"X좌표6":314.0,"X좌표7":503.0,"X좌표4":239.0,"X좌표5":290.0}]},"라벨링":{"스타일":[{"스타일":"리조트"}],"아우터":[{}],"하의":[{"기장":"미디","색상":"블랙","카테고리":"팬츠","소재":["우븐"],"핏":"와이드"}],"원피스":[{}],"상의":[{"색상":"화이트","카테고리":"셔츠","옷깃":"셔츠칼라","소매기장":"반팔","소재":["우븐"],"핏":"루즈"}]}},"파일 번호":522328,"파일 이름":"pt5026k05-s_1.jpg"}}