{"이미지 정보":{"이미지 식별자":522402,"이미지 높이":1049,"이미지 파일명":"pt5039k05-s_2.jpg","이미지 너비":800},"데이터셋 정보":{"파일 생성일자":"2020-10-12 19:46:20","데이터셋 상세설명":{"렉트좌표":{"아우터":[{}],"하의":[{"X좌표":257.5,"Y좌표":209.1,"가로":278,"세로":704}],"원피스":[{}],"상의":[{"X좌표":249.5,"Y좌표":4.49841,"가로":280,"세로":254}]},"폴리곤좌표":{"아우터":[{}],"하의":[{"Y좌표9":564.487,"X좌표19":302.0,"X좌표18":463.0,"X좌표17":516.0,"X좌표16":536.0,"X좌표15":498.0,"X좌표14":510.0,"X좌표13":492.0,"X좌표12":434.0,"X좌표11":392.0,"Y좌표4":886.385,"X좌표10":405.0,"Y좌표3":513.503,"Y좌표2":407.537,"Y좌표1":221.596,"Y좌표8":470.517,"Y좌표7":642.462,"Y좌표6":799.413,"Y좌표5":868.391,"Y좌표15":608.473,"Y좌표14":878.387,"X좌표8":398.0,"Y좌표17":299.571,"X좌표9":407.0,"Y좌표16":448.524,"Y좌표11":901.38,"Y좌표10":713.44,"Y좌표13":914.376,"Y좌표12":906.379,"X좌표2":258.0,"X좌표3":279.0,"X좌표1":304.0,"X좌표6":396.0,"Y좌표19":222.596,"X좌표7":386.0,"Y좌표18":209.6,"X좌표4":264.0,"X좌표5":396.0}],"원피스":[{}],"상의":[{"X좌표8":341.0,"X좌표2":250.0,"Y좌표4":259.917,"X좌표3":298.0,"Y좌표3":253.919,"Y좌표2":17.9943,"X좌표1":340.0,"Y좌표1":4.99841,"X좌표6":453.0,"Y좌표8":4.99841,"X좌표7":391.0,"Y좌표7":63.9797,"X좌표4":478.0,"Y좌표6":6.99778,"X좌표5":530.0,"Y좌표5":20.9933}]},"라벨링":{"스타일":[{"스타일":"리조트","서브스타일":"스트리트"}],"아우터":[{}],"하의":[{"기장":"발목","색상":"베이지","카테고리":"팬츠","소재":["린넨"],"핏":"와이드"}],"원피스":[{}],"상의":[{"색상":"핑크","카테고리":"탑","소매기장":"민소매","소재":["우븐"],"넥라인":"유넥","핏":"노멀"}]}},"파일 번호":522402,"파일 이름":"pt5039k05-s_2.jpg"}}