{"이미지 정보":{"이미지 식별자":524407,"이미지 높이":800,"이미지 파일명":"set896k07-600_1.jpg","이미지 너비":800},"데이터셋 정보":{"파일 생성일자":"2020-10-12 19:57:54","데이터셋 상세설명":{"렉트좌표":{"아우터":[{}],"하의":[{"X좌표":345.145,"Y좌표":170.266,"가로":307,"세로":246}],"원피스":[{}],"상의":[{"X좌표":380.145,"Y좌표":-0.734375,"가로":197,"세로":220}]},"폴리곤좌표":{"아우터":[{}],"하의":[{"X좌표8":566.645,"X좌표9":403.645,"Y좌표9":180.766,"Y좌표10":260.766,"X좌표2":397.645,"Y좌표4":416.766,"X좌표10":241.645,"X좌표3":345.645,"Y좌표3":380.766,"Y좌표2":225.766,"X좌표1":402.645,"Y좌표1":181.766,"X좌표6":652.645,"Y좌표8":170.766,"X좌표7":637.645,"Y좌표7":315.766,"X좌표4":433.645,"Y좌표6":394.766,"X좌표5":532.645,"Y좌표5":415.766}],"원피스":[{}],"상의":[{"Y좌표9":6.76562,"X좌표17":241.645,"X좌표16":380.645,"X좌표15":412.645,"X좌표14":438.645,"X좌표13":466.645,"X좌표12":505.645,"X좌표11":527.645,"Y좌표4":219.766,"X좌표10":543.645,"Y좌표3":212.766,"Y좌표2":69.7656,"Y좌표1":7.76562,"Y좌표8":50.7656,"Y좌표7":87.7656,"Y좌표6":161.766,"Y좌표5":205.766,"Y좌표15":0.765625,"Y좌표14":26.7656,"X좌표8":560.645,"Y좌표17":260.766,"X좌표9":577.645,"Y좌표16":5.76562,"Y좌표11":34.7656,"Y좌표10":-0.234375,"Y좌표13":56.7656,"Y좌표12":52.7656,"X좌표2":387.645,"X좌표3":400.645,"X좌표1":380.645,"X좌표6":556.645,"X좌표7":571.645,"X좌표4":492.645,"X좌표5":558.645}]},"라벨링":{"스타일":[{"스타일":"리조트","서브스타일":"로맨틱"}],"아우터":[{}],"하의":[{"기장":"미니","색상":"화이트","카테고리":"스커트","디테일":["플레어","셔링"],"소재":["저지"],"프린트":["무지"]}],"원피스":[{}],"상의":[{"기장":"노멀","색상":"화이트","카테고리":"탑","소매기장":"민소매","소재":["저지"],"프린트":["무지"],"넥라인":"유넥","핏":"타이트"}]}},"파일 번호":524407,"파일 이름":"set896k07-600_1.jpg"}}