{"이미지 정보":{"이미지 식별자":535796,"이미지 높이":1049,"이미지 파일명":"ops4979k07-s_2.jpg","이미지 너비":800},"데이터셋 정보":{"파일 생성일자":"2020-10-14 15:10:57","데이터셋 상세설명":{"렉트좌표":{"아우터":[{}],"하의":[{}],"원피스":[{"X좌표":365.503,"Y좌표":5.49881,"가로":277,"세로":805}],"상의":[{}]},"폴리곤좌표":{"아우터":[{}],"하의":[{}],"원피스":[{"X좌표39":471.003,"X좌표38":476.003,"X좌표37":489.003,"X좌표36":516.003,"X좌표35":547.003,"X좌표34":581.003,"X좌표33":616.003,"X좌표32":644.003,"X좌표31":641.003,"X좌표30":636.003,"Y좌표73":6.99818,"Y좌표72":30.983,"Y좌표74":330.793,"Y좌표71":63.9621,"Y좌표70":75.9545,"X좌표49":376.003,"X좌표48":381.003,"X좌표47":379.003,"X좌표46":380.003,"X좌표45":381.003,"X좌표44":390.003,"X좌표43":391.003,"X좌표42":412.003,"X좌표41":431.003,"X좌표40":451.003,"Y좌표26":509.846,"Y좌표25":471.704,"Y좌표28":594.793,"Y좌표27":545.824,"Y좌표22":408.744,"Y좌표21":406.745,"Y좌표24":435.727,"Y좌표23":405.746,"Y좌표20":391.754,"X좌표59":392.003,"X좌표58":392.003,"X좌표57":399.003,"X좌표56":396.003,"X좌표55":387.003,"X좌표54":376.003,"X좌표53":366.003,"X좌표52":371.003,"X좌표51":367.003,"X좌표50":372.003,"Y좌표29":647.759,"Y좌표15":276.827,"Y좌표14":245.847,"Y좌표17":325.796,"Y좌표16":301.811,"Y좌표11":171.894,"Y좌표10":151.906,"Y좌표13":211.868,"Y좌표12":193.88,"X좌표69":509.003,"X좌표68":496.003,"X좌표67":476.003,"X좌표66":450.003,"X좌표65":435.003,"X좌표64":420.003,"X좌표63":414.003,"X좌표62":404.003,"Y좌표19":366.77,"X좌표61":370.003,"Y좌표18":348.782,"X좌표60":382.003,"Y좌표48":583.799,"Y좌표47":619.777,"Y좌표49":548.822,"Y좌표44":760.687,"Y좌표43":794.666,"Y좌표46":665.748,"Y좌표45":714.717,"Y좌표40":811.655,"Y좌표42":806.658,"Y좌표41":809.656,"X좌표74":476.003,"X좌표73":546.003,"X좌표72":540.003,"X좌표71":533.003,"X좌표70":522.003,"Y좌표37":774.679,"Y좌표36":776.677,"X좌표8":586.003,"Y좌표39":807.658,"X좌표9":586.003,"Y좌표38":789.669,"Y좌표33":776.677,"Y좌표32":764.685,"Y좌표35":774.679,"Y좌표34":775.678,"Y좌표31":729.707,"Y좌표30":689.732,"X좌표2":558.003,"X좌표3":571.003,"X좌표1":542.003,"X좌표6":586.003,"X좌표7":586.003,"X좌표4":590.003,"X좌표5":589.003,"Y좌표69":95.9418,"Y좌표9":122.925,"Y좌표66":105.936,"Y좌표65":82.9501,"Y좌표68":109.933,"Y좌표67":112.931,"Y좌표62":40.9767,"Y좌표61":59.9646,"Y좌표64":61.9634,"Y좌표63":41.976,"Y좌표60":89.9456,"X좌표19":575.003,"X좌표18":576.003,"X좌표17":580.003,"X좌표16":587.003,"X좌표15":583.003,"X좌표14":581.003,"X좌표13":583.003,"X좌표12":586.003,"X좌표11":589.003,"Y좌표4":12.9944,"X좌표10":588.003,"Y좌표3":10.9956,"Y좌표2":5.99881,"Y좌표1":8.99691,"Y좌표8":97.9406,"Y좌표7":70.9577,"Y좌표6":46.9729,"Y좌표5":27.9849,"Y좌표59":128.921,"Y좌표58":167.896,"Y좌표55":279.825,"Y좌표54":324.963,"Y좌표57":195.879,"Y좌표56":228.858,"Y좌표51":455.88,"Y좌표50":513.844,"Y좌표53":363.939,"Y좌표52":419.903,"X좌표29":629.003,"X좌표28":621.003,"X좌표27":613.003,"X좌표26":607.003,"X좌표25":602.003,"X좌표24":606.003,"X좌표23":608.003,"X좌표22":594.003,"X좌표21":581.003,"X좌표20":576.003}],"상의":[{}]},"라벨링":{"스타일":[{"스타일":"리조트"}],"아우터":[{}],"하의":[{}],"원피스":[{"기장":"미디","색상":"블랙","카테고리":"드레스","디테일":["셔링"],"소매기장":"민소매","소재":["우븐"],"프린트":["무지"],"넥라인":"유넥","핏":"루즈"}],"상의":[{}]}},"파일 번호":535796,"파일 이름":"ops4979k07-s_2.jpg"}}