{"이미지 정보":{"이미지 식별자":536526,"이미지 높이":1049,"이미지 파일명":"ops5131k07-s_1.jpg","이미지 너비":800},"데이터셋 정보":{"파일 생성일자":"2020-10-14 15:15:53","데이터셋 상세설명":{"렉트좌표":{"아우터":[{}],"하의":[{}],"원피스":[{"X좌표":223.531,"Y좌표":3.49619,"가로":330,"세로":855}],"상의":[{}]},"폴리곤좌표":{"아우터":[{}],"하의":[{}],"원피스":[{"Y좌표9":381.636,"X좌표14":322.031,"X좌표13":454.031,"X좌표12":524.031,"X좌표11":554.031,"Y좌표4":223.786,"X좌표10":498.031,"Y좌표3":199.809,"Y좌표2":57.9447,"Y좌표1":11.9886,"Y좌표8":821.216,"Y좌표7":859.18,"Y좌표6":833.205,"Y좌표5":467.554,"Y좌표14":15.9847,"X좌표8":534.031,"X좌표9":522.031,"Y좌표11":165.842,"Y좌표10":189.819,"Y좌표13":3.99619,"Y좌표12":13.9867,"X좌표2":256.031,"X좌표3":224.031,"X좌표1":326.031,"X좌표6":304.031,"X좌표7":504.031,"X좌표4":292.031,"X좌표5":268.031}],"상의":[{}]},"라벨링":{"스타일":[{"스타일":"리조트","서브스타일":"모던"}],"아우터":[{}],"하의":[{}],"원피스":[{"기장":"발목","색상":"블랙","서브색상":"화이트","카테고리":"드레스","디테일":["포켓"],"소매기장":"반팔","소재":["우븐"],"넥라인":"라운드넥","핏":"루즈"}],"상의":[{}]}},"파일 번호":536526,"파일 이름":"ops5131k07-s_1.jpg"}}