{"이미지 정보":{"이미지 식별자":538016,"이미지 높이":1002,"이미지 파일명":"pt5440k07_01.jpg","이미지 너비":800},"데이터셋 정보":{"파일 생성일자":"2020-10-14 15:26:06","데이터셋 상세설명":{"렉트좌표":{"아우터":[{}],"하의":[{"X좌표":317.375,"Y좌표":227.347,"가로":218,"세로":655}],"원피스":[{}],"상의":[{"X좌표":227.375,"Y좌표":0.514873,"가로":344,"세로":444}]},"폴리곤좌표":{"아우터":[{}],"하의":[{"Y좌표9":824.904,"X좌표18":489.875,"X좌표17":536.875,"X좌표16":529.875,"X좌표15":524.875,"X좌표14":501.875,"X좌표13":442.875,"X좌표12":414.875,"X좌표11":422.875,"Y좌표4":461.673,"X좌표10":414.875,"Y좌표3":256.825,"Y좌표2":227.847,"Y좌표1":227.847,"Y좌표8":833.897,"Y좌표7":773.942,"Y좌표6":669.02,"Y좌표5":619.057,"Y좌표15":635.045,"Y좌표14":854.882,"X좌표8":343.875,"Y좌표17":323.776,"X좌표9":413.875,"Y좌표16":448.183,"Y좌표11":793.927,"Y좌표10":483.157,"Y좌표13":882.861,"Y좌표12":860.878,"X좌표2":353.875,"X좌표3":332.875,"X좌표1":484.875,"X좌표6":331.875,"X좌표7":339.875,"Y좌표18":228.846,"X좌표4":317.875,"X좌표5":328.875}],"원피스":[{}],"상의":[{"X좌표8":233.875,"X좌표9":227.875,"X좌표2":379.875,"X좌표3":352.875,"X좌표1":411.875,"X좌표6":259.875,"X좌표7":244.875,"X좌표4":313.875,"X좌표5":273.875,"Y좌표26":62.9689,"Y좌표25":21.0001,"Y좌표9":435.693,"Y좌표22":13.006,"Y좌표21":30.9927,"Y좌표24":1.01487,"Y좌표23":3.01339,"Y좌표20":231.844,"X좌표19":572.875,"X좌표18":524.875,"X좌표17":526.875,"X좌표16":518.875,"X좌표15":487.875,"X좌표14":434.875,"X좌표13":363.875,"X좌표12":321.875,"X좌표11":291.875,"Y좌표4":35.9889,"X좌표10":283.875,"Y좌표3":19.0015,"Y좌표2":22.9986,"Y좌표1":58.9719,"Y좌표8":396.722,"Y좌표7":310.785,"Y좌표6":226.847,"Y좌표5":110.933,"Y좌표15":236.84,"Y좌표14":226.847,"Y좌표17":331.77,"Y좌표16":281.807,"Y좌표11":363.746,"Y좌표10":445.685,"Y좌표13":232.843,"Y좌표12":257.824,"X좌표26":419.875,"X좌표25":446.875,"X좌표24":456.875,"X좌표23":477.875,"X좌표22":506.875,"X좌표21":553.875,"X좌표20":568.875,"Y좌표19":406.714,"Y좌표18":408.713}]},"라벨링":{"스타일":[{"스타일":"리조트","서브스타일":"오리엔탈"}],"아우터":[{}],"하의":[{"기장":"맥시","색상":"네이비","서브색상":"그레이","카테고리":"팬츠","소재":["우븐"],"프린트":["그래픽"],"핏":"와이드"}],"원피스":[{}],"상의":[{"색상":"화이트","카테고리":"블라우스","옷깃":"셔츠칼라","소매기장":"긴팔","소재":["린넨"],"프린트":["무지"],"핏":"루즈"}]}},"파일 번호":538016,"파일 이름":"pt5440k07_01.jpg"}}