{"이미지 정보":{"이미지 식별자":68627,"이미지 높이":800,"이미지 파일명":"cocobenny_039_01.jpg","이미지 너비":800},"데이터셋 정보":{"파일 생성일자":"2020-08-10 04:03:23","데이터셋 상세설명":{"렉트좌표":{"아우터":[{}],"하의":[{}],"원피스":[{"X좌표":258.7,"Y좌표":5.90002,"가로":316,"세로":780}],"상의":[{}]},"폴리곤좌표":{"아우터":[{}],"하의":[{}],"원피스":[{"Y좌표44":56.0,"Y좌표43":52.8,"Y좌표40":91.2,"Y좌표42":36.0,"Y좌표41":56.0,"X좌표39":332.0,"X좌표38":341.6,"X좌표37":308.0,"X좌표36":296.8,"X좌표35":318.4,"X좌표34":310.4,"X좌표33":336.0,"X좌표32":319.2,"X좌표31":288.0,"X좌표30":280.0,"Y좌표37":174.4,"Y좌표36":158.4,"X좌표8":500.0,"Y좌표39":114.4,"X좌표9":531.2,"Y좌표38":144.8,"Y좌표33":60.8,"Y좌표32":37.6,"Y좌표35":141.6,"Y좌표34":103.2,"Y좌표31":52.8,"Y좌표30":84.0,"X좌표44":411.2,"X좌표2":444.0,"X좌표43":391.2,"X좌표3":452.8,"X좌표42":372.0,"X좌표41":366.4,"X좌표1":409.6,"X좌표40":356.8,"X좌표6":543.2,"X좌표7":554.4,"X좌표4":488.0,"X좌표5":534.4,"Y좌표26":234.4,"Y좌표25":268.0,"Y좌표28":180.0,"Y좌표9":337.6,"Y좌표27":210.4,"Y좌표22":417.6,"Y좌표21":472.8,"Y좌표24":319.2,"Y좌표23":384.0,"Y좌표20":485.6,"X좌표19":271.2,"X좌표18":300.0,"X좌표17":334.4,"X좌표16":375.2,"X좌표15":404.0,"X좌표14":448.8,"X좌표13":467.2,"X좌표12":510.4,"X좌표11":575.2,"Y좌표4":28.8,"X좌표10":541.6,"Y좌표3":6.40002,"Y좌표2":36.8,"Y좌표1":52.8,"Y좌표8":236.0,"Y좌표7":204.8,"Y좌표29":133.6,"Y좌표6":93.6,"Y좌표5":41.6,"Y좌표15":780.8,"Y좌표14":777.6,"Y좌표17":781.6,"Y좌표16":787.2,"Y좌표11":762.4,"Y좌표10":447.2,"Y좌표13":772.0,"Y좌표12":777.6,"X좌표29":281.6,"X좌표28":277.6,"X좌표27":259.2,"X좌표26":324.8,"X좌표25":330.4,"X좌표24":310.4,"X좌표23":306.4,"X좌표22":310.4,"X좌표21":312.0,"X좌표20":277.6,"Y좌표19":756.8,"Y좌표18":768.8}],"상의":[{}]},"라벨링":{"스타일":[{"스타일":"리조트"}],"아우터":[{}],"하의":[{}],"원피스":[{"기장":"미디","색상":"화이트","카테고리":"드레스","디테일":["플리츠","레이스"],"소매기장":"반팔","소재":["우븐"],"넥라인":"노카라","핏":"노멀"}],"상의":[{}]}},"파일 번호":68627,"파일 이름":"cocobenny_039_01.jpg"}}