{"이미지 정보":{"이미지 식별자":70071,"이미지 높이":800,"이미지 파일명":"Cocojo_058_04.jpg","이미지 너비":800},"데이터셋 정보":{"파일 생성일자":"2020-08-10 04:11:59","데이터셋 상세설명":{"렉트좌표":{"아우터":[{}],"하의":[{}],"원피스":[{"X좌표":245.014,"Y좌표":7.93056,"가로":275,"세로":671}],"상의":[{}]},"폴리곤좌표":{"아우터":[{}],"하의":[{}],"원피스":[{"X좌표37":336.66,"X좌표36":358.361,"X좌표35":390.479,"X좌표34":419.993,"X좌표33":450.375,"X좌표32":470.34,"X좌표31":498.118,"X좌표30":512.007,"Y좌표37":28.3958,"Y좌표36":27.5278,"X좌표8":266.347,"X좌표9":285.444,"Y좌표33":17.9792,"Y좌표32":16.2431,"Y좌표35":27.5278,"Y좌표34":30.132,"Y좌표31":63.1181,"Y좌표30":100.444,"X좌표2":293.257,"X좌표3":269.819,"X좌표1":334.924,"X좌표6":249.854,"X좌표7":294.125,"X좌표4":256.799,"X좌표5":245.514,"Y좌표26":289.681,"Y좌표25":298.361,"Y좌표28":209.819,"Y좌표9":673.361,"Y좌표27":256.694,"Y좌표22":423.361,"Y좌표21":465.028,"Y좌표24":337.424,"Y좌표23":383.431,"Y좌표20":527.528,"X좌표19":467.736,"X좌표18":460.792,"X좌표17":457.319,"X좌표16":414.785,"X좌표15":401.764,"X좌표14":382.667,"X좌표13":346.208,"X좌표12":330.583,"X좌표11":309.75,"Y좌표4":181.174,"X좌표10":301.938,"Y좌표3":104.785,"Y좌표2":31.0,"Y좌표1":8.43056,"Y좌표8":656.0,"Y좌표7":274.924,"Y좌표29":147.319,"Y좌표6":285.34,"Y좌표5":245.41,"Y좌표15":640.375,"Y좌표14":629.09,"Y좌표17":679.438,"Y좌표16":660.34,"Y좌표11":649.924,"Y좌표10":653.396,"Y좌표13":660.34,"Y좌표12":669.021,"X좌표29":512.875,"X좌표28":520.688,"X좌표27":518.951,"X좌표26":501.59,"X좌표25":462.528,"X좌표24":466.868,"X좌표23":476.417,"X좌표22":473.813,"X좌표21":463.396,"X좌표20":464.264,"Y좌표19":590.028,"Y좌표18":670.757}],"상의":[{}]},"라벨링":{"스타일":[{"스타일":"리조트","서브스타일":"스트리트"}],"아우터":[{}],"하의":[{}],"원피스":[{"기장":"맥시","색상":"베이지","서브색상":"블랙","카테고리":"드레스","디테일":["퍼프","셔링","플리츠"],"소매기장":"긴팔","소재":["우븐"],"프린트":["무지"],"넥라인":"라운드넥","핏":"루즈"}],"상의":[{}]}},"파일 번호":70071,"파일 이름":"Cocojo_058_04.jpg"}}