{"이미지 정보":{"이미지 식별자":73098,"이미지 높이":800,"이미지 파일명":"cope.company_045_03.jpg","이미지 너비":800},"데이터셋 정보":{"파일 생성일자":"2020-08-10 05:21:12","데이터셋 상세설명":{"렉트좌표":{"아우터":[{"X좌표":261.143,"Y좌표":1.50416,"가로":294,"세로":581}],"하의":[{"X좌표":312.072,"Y좌표":217.204,"가로":180,"세로":474}],"원피스":[{}],"상의":[{}]},"폴리곤좌표":{"아우터":[{"X좌표37":476.344,"X좌표36":525.276,"X좌표35":549.243,"X좌표34":556.233,"X좌표33":536.261,"X좌표32":502.308,"X좌표31":509.299,"X좌표30":506.303,"Y좌표37":2.00416,"Y좌표36":20.9778,"X좌표8":296.594,"X좌표9":295.596,"Y좌표33":226.692,"Y좌표32":290.603,"Y좌표35":92.8778,"Y좌표34":197.732,"Y좌표31":339.535,"Y좌표30":455.374,"X좌표2":327.551,"X좌표3":309.576,"X좌표1":382.475,"X좌표6":261.643,"X좌표7":267.635,"X좌표4":295.596,"X좌표5":281.615,"Y좌표26":555.235,"Y좌표25":432.406,"Y좌표28":581.199,"Y좌표9":518.286,"Y좌표27":567.218,"Y좌표22":90.8805,"Y좌표21":66.9139,"Y좌표24":279.618,"Y좌표23":151.796,"Y좌표20":37.9542,"X좌표19":469.354,"X좌표18":385.471,"X좌표17":377.482,"X좌표16":348.522,"X좌표15":351.518,"X좌표14":341.532,"X좌표13":328.55,"X좌표12":329.549,"X좌표11":309.576,"Y좌표4":171.768,"X좌표10":293.599,"Y좌표3":58.925,"Y좌표2":29.9653,"Y좌표1":15.9847,"Y좌표8":368.494,"Y좌표7":370.492,"Y좌표29":583.196,"Y좌표6":335.54,"Y좌표5":259.646,"Y좌표15":195.735,"Y좌표14":251.657,"Y좌표17":43.9458,"Y좌표16":117.843,"Y좌표11":551.24,"Y좌표10":545.249,"Y좌표13":379.479,"Y좌표12":537.26,"X좌표29":485.332,"X좌표28":460.367,"X좌표27":431.407,"X좌표26":410.436,"X좌표25":422.419,"X좌표24":447.385,"X좌표23":433.404,"X좌표22":416.428,"X좌표21":425.415,"X좌표20":455.374,"Y좌표19":2.00416,"Y좌표18":19.9792}],"하의":[{"Y좌표9":525.498,"X좌표19":321.56,"X좌표18":493.321,"X좌표17":491.324,"X좌표16":483.335,"X좌표15":487.329,"X좌표14":469.354,"X좌표13":441.393,"X좌표12":422.419,"X좌표11":413.432,"Y좌표4":549.243,"X좌표10":396.456,"Y좌표3":462.364,"Y좌표2":349.521,"Y좌표1":217.704,"Y좌표8":659.312,"Y좌표7":675.29,"Y좌표6":677.287,"Y좌표5":652.1,"Y좌표15":680.283,"Y좌표14":682.28,"X좌표8":387.468,"Y좌표17":341.754,"X좌표9":383.474,"Y좌표16":501.532,"Y좌표11":552.461,"Y좌표10":400.672,"Y좌표13":692.266,"Y좌표12":673.293,"X좌표2":312.572,"X좌표3":317.565,"X좌표1":317.565,"X좌표6":332.544,"Y좌표19":218.925,"X좌표7":368.494,"Y좌표18":232.905,"X좌표4":320.561,"X좌표5":326.553}],"원피스":[{}],"상의":[{}]},"라벨링":{"스타일":[{"스타일":"리조트"}],"아우터":[{"기장":"롱","색상":"그레이","카테고리":"가디건","디테일":["포켓"],"소매기장":"긴팔","소재":["니트"],"프린트":["무지"],"넥라인":"후드","핏":"루즈"}],"하의":[{"기장":"발목","색상":"화이트","카테고리":"팬츠","소재":["우븐"],"프린트":["무지"],"핏":"노멀"}],"원피스":[{}],"상의":[{"기장":"노멀","카테고리":"니트웨어","소재":["니트"],"프린트":["무지"],"넥라인":"라운드넥","핏":"노멀"}]}},"파일 번호":73098,"파일 이름":"cope.company_045_03.jpg"}}