{"이미지 정보":{"이미지 식별자":81221,"이미지 높이":800,"이미지 파일명":"Gaudi_101_10.jpg","이미지 너비":800},"데이터셋 정보":{"파일 생성일자":"2020-08-10 06:21:27","데이터셋 상세설명":{"렉트좌표":{"아우터":[{}],"하의":[{}],"원피스":[{"X좌표":288.537,"Y좌표":5.50887,"가로":303,"세로":687}],"상의":[{}]},"폴리곤좌표":{"아우터":[{}],"하의":[{}],"원피스":[{"X좌표39":402.978,"X좌표38":427.834,"X좌표37":451.1,"X좌표36":515.925,"X좌표35":555.894,"X좌표34":564.842,"X좌표33":586.318,"X좌표32":578.961,"X좌표31":592.483,"X좌표30":584.529,"Y좌표37":33.2956,"Y좌표36":13.1454,"X좌표8":302.559,"Y좌표39":6.00887,"X좌표9":306.933,"Y좌표38":35.8143,"Y좌표33":113.057,"Y좌표32":150.838,"Y좌표35":32.0362,"Y좌표34":69.398,"Y좌표31":220.105,"Y좌표30":252.429,"X좌표2":353.464,"X좌표3":312.899,"X좌표1":399.598,"X좌표6":290.429,"X좌표7":297.786,"X좌표4":301.564,"X좌표5":289.037,"Y좌표26":356.118,"Y좌표25":422.026,"Y좌표28":260.825,"Y좌표9":277.197,"Y좌표27":296.927,"Y좌표22":596.241,"Y좌표21":668.026,"Y좌표24":477.439,"Y좌표23":538.729,"Y좌표20":683.979,"X좌표19":480.729,"X좌표18":424.653,"X좌표17":378.917,"X좌표16":361.021,"X좌표15":368.776,"X좌표14":367.98,"X좌표13":367.384,"X좌표12":361.816,"X좌표11":367.384,"Y좌표4":109.279,"X좌표10":340.738,"Y좌표3":64.7802,"Y좌표2":36.6539,"Y좌표1":10.2068,"Y좌표8":248.651,"Y좌표7":207.931,"Y좌표29":253.268,"Y좌표6":174.347,"Y좌표5":146.64,"Y좌표15":600.859,"Y좌표14":541.248,"Y좌표17":672.224,"Y좌표16":632.764,"Y좌표11":304.064,"Y좌표10":265.862,"Y좌표13":456.869,"Y좌표12":400.197,"X좌표29":573.99,"X좌표28":555.894,"X좌표27":564.246,"X좌표26":572.796,"X좌표25":572.001,"X좌표24":568.819,"X좌표23":568.62,"X좌표22":569.416,"X좌표21":587.511,"X좌표20":547.145,"Y좌표19":692.375,"Y좌표18":693.214}],"상의":[{}]},"라벨링":{"스타일":[{"스타일":"리조트","서브스타일":"키치"}],"아우터":[{}],"하의":[{}],"원피스":[{"기장":"미디","색상":"블랙","서브색상":"베이지","카테고리":"드레스","소매기장":"긴팔","소재":["저지"],"프린트":["그래픽"],"넥라인":"라운드넥","핏":"루즈"}],"상의":[{}]}},"파일 번호":81221,"파일 이름":"Gaudi_101_10.jpg"}}