{"이미지 정보":{"이미지 식별자":900,"이미지 높이":800,"이미지 파일명":"Maybeen_099_01.jpg","이미지 너비":800},"데이터셋 정보":{"파일 생성일자":"2020-08-03 01:59:33","데이터셋 상세설명":{"렉트좌표":{"아우터":[{}],"하의":[{"X좌표":239.375,"Y좌표":327.516,"가로":256,"세로":325}],"원피스":[{}],"상의":[{"X좌표":284.375,"Y좌표":5.51562,"가로":269,"세로":365}]},"폴리곤좌표":{"아우터":[{}],"하의":[{"Y좌표9":499.016,"X좌표14":306.875,"X좌표13":301.875,"X좌표12":239.875,"X좌표11":359.875,"Y좌표4":513.016,"X좌표10":369.875,"Y좌표3":476.016,"Y좌표2":366.016,"Y좌표1":334.016,"Y좌표8":649.016,"Y좌표7":652.016,"Y좌표6":638.016,"Y좌표5":564.016,"Y좌표14":328.016,"X좌표8":388.875,"X좌표9":386.875,"Y좌표11":653.016,"Y좌표10":607.016,"Y좌표13":357.016,"Y좌표12":654.016,"X좌표2":488.875,"X좌표3":488.875,"X좌표1":303.875,"X좌표6":496.875,"X좌표7":487.875,"X좌표4":484.875,"X좌표5":487.875}],"원피스":[{}],"상의":[{"X좌표33":407.875,"X좌표32":381.875,"X좌표31":341.875,"X좌표30":318.875,"X좌표8":543.875,"X좌표9":543.875,"Y좌표33":6.01562,"Y좌표32":9.01562,"Y좌표31":17.0156,"Y좌표30":47.0156,"X좌표2":429.875,"X좌표3":457.875,"X좌표1":398.875,"X좌표6":533.875,"X좌표7":541.875,"X좌표4":474.875,"X좌표5":519.875,"Y좌표26":274.016,"Y좌표25":274.016,"Y좌표28":116.016,"Y좌표9":188.016,"Y좌표27":191.016,"Y좌표22":367.016,"Y좌표21":357.016,"Y좌표24":278.016,"Y좌표23":339.016,"Y좌표20":348.016,"X좌표19":502.875,"X좌표18":551.875,"X좌표17":553.875,"X좌표16":552.875,"X좌표15":554.875,"X좌표14":553.875,"X좌표13":549.875,"X좌표12":546.875,"X좌표11":548.875,"Y좌표4":11.0156,"X좌표10":541.875,"Y좌표3":16.0156,"Y좌표2":21.0156,"Y좌표1":6.01562,"Y좌표8":142.016,"Y좌표7":99.0156,"Y좌표29":78.0156,"Y좌표6":51.0156,"Y좌표5":27.0156,"Y좌표15":317.016,"Y좌표14":287.016,"Y좌표17":357.016,"Y좌표16":333.016,"Y좌표11":219.016,"Y좌표10":203.016,"Y좌표13":267.016,"Y좌표12":243.016,"X좌표29":303.875,"X좌표28":301.875,"X좌표27":294.875,"X좌표26":284.875,"X좌표25":298.875,"X좌표24":309.875,"X좌표23":301.875,"X좌표22":493.875,"X좌표21":493.875,"X좌표20":504.875,"Y좌표19":363.016,"Y좌표18":372.016}]},"라벨링":{"스타일":[{"스타일":"리조트"}],"아우터":[{}],"하의":[{"기장":"맥시","카테고리":"팬츠","소재":["니트"],"핏":"와이드"}],"원피스":[{}],"상의":[{"기장":"노멀","카테고리":"니트웨어","소재":["니트"],"넥라인":"라운드넥","핏":"노멀"}]}},"파일 번호":900,"파일 이름":"Maybeen_099_01.jpg"}}